vehicle,drag_x,drag_y,drag_z,drag_cx,drag_cy,drag_cz,mid_tube_r_LENGTH
tube,1760.0965960867848,1250.1757197310385,1760.0965960867848,-6.491353055458644e-15,84.97295668372917,10.160000000000002,149.62591336745828
tube,1572.2063722500252,1122.3102778412526,1572.2063722500252,-6.121789578522298e-15,77.08095697890298,10.160000000000004,133.84191395780593
tube,1738.7577185419634,1235.6539157170562,1738.7577185419634,-6.283540267904039e-15,84.07665451405705,10.16,147.83330902811417
tube,1725.7719582635843,1226.8166811746548,1725.7719582635843,-6.413602838943483e-15,83.53121040211143,10.16,146.74242080422286
tube,1859.357503719767,1317.7260135020401,1859.357503719767,-6.876524385205134e-15,89.14223722288514,10.160000000000002,157.96447444577032
tube,1763.2538439414618,1252.3243301475363,1763.2538439414618,-6.541710641284012e-15,85.10557134897546,10.160000000000002,149.89114269795093
tube,1570.9662959551658,1121.4663653684197,1570.9662959551658,-6.110192394231897e-15,77.02886974651189,10.160000000000002,133.7377394930238
tube,1665.1174103926467,1185.5392777644558,1665.1174103926467,-6.431624359235275e-15,80.98352237386315,10.16,141.6470447477263
tube,1709.7724996331622,1215.928526346793,1709.7724996331622,-6.374601253366657e-15,82.85918117030653,10.16,145.39836234061306
tube,1758.1199713277413,1248.8305619410032,1758.1199713277413,-6.377104470586171e-15,84.88993202339087,10.160000000000002,149.45986404678177
tube,1877.194874087331,1329.8649273722049,1877.194874087331,-7.021826544684959e-15,89.89146471754187,10.160000000000004,159.46292943508365
tube,1869.6976425797404,1324.7628161495318,1869.6976425797404,-6.936187884630326e-15,89.5765566417692,10.160000000000002,158.8331132835384
tube,1710.5943309100612,1216.4878094070489,1710.5943309100612,-6.4379556540418876e-15,82.8937007534028,10.160000000000002,145.46740150680557
tube,1674.300867401158,1191.7889205850918,1674.300867401158,-6.367856383775239e-15,81.36925739786001,10.16,142.41851479572006
tube,1595.4565924436135,1138.132813034307,1595.4565924436135,-6.146563042604074e-15,78.05754174823271,10.160000000000004,135.79508349646545
tube,1471.2864093157186,1053.6309426816592,1471.2864093157186,-6.151689560767074e-15,72.84199072815971,10.159999999999998,125.36398145631945
tube,1601.8845672633722,1142.5072601130385,1601.8845672633722,-6.1902110959214604e-15,78.32753756996448,10.16,136.33507513992896
tube,1421.9647523631024,1020.0659421606001,1421.9647523631024,-5.5547622427035935e-15,70.77032092989622,10.160000000000002,121.22064185979241
tube,1354.733485881222,974.3128666574048,1354.733485881222,-5.533233148696338e-15,67.94638935753792,10.160000000000002,115.57277871507583
tube,1242.6775793077784,898.055157672917,1242.6775793077784,-5.154315821924684e-15,63.23967730225837,10.16,106.15935460451676
tube,1450.3845756455148,1039.4065613169885,1450.3845756455148,-5.972431155507643e-15,71.96404582082441,10.160000000000002,123.60809164164881
tube,1261.3282951335068,910.7475797261765,1261.3282951335068,-5.1432909244713905e-15,64.02306794806083,10.160000000000002,107.72613589612165
tube,1333.9205219758605,960.1489640740149,1333.9205219758605,-5.651595370615207e-15,67.07217726899214,10.16,113.82435453798426
tube,1436.984886511872,1030.287634651876,1436.984886511872,-5.528021704485607e-15,71.40121535243695,10.159999999999998,122.48243070487389
tube,1282.129437713552,924.9034375110965,1282.129437713552,-5.425184980794549e-15,64.8967835025454,10.16,109.47356700509081
tube,1202.9565861344872,871.023722823935,1202.9565861344872,-5.041732153783277e-15,61.571266567534,10.160000000000002,102.822533135068
tube,1110.2123343710189,807.9082264861562,1110.2123343710189,-5.037123067248135e-15,57.67570674225256,10.16,95.03141348450512
tube,1155.042903772798,838.4168950569564,1155.042903772798,-5.00214268351358e-15,59.558736275462415,10.159999999999998,98.79747255092485
tube,1338.604496908718,963.3365621957288,1338.604496908718,-5.562801763755838e-15,67.26891943062603,10.16,114.21783886125205
tube,1463.7380609919685,1048.4940447939173,1463.7380609919685,-5.987875431453317e-15,72.52493558007112,10.160000000000002,124.72987116014224
tube,1287.95000539089,928.8645241653911,1287.95000539089,-5.517559117465216e-15,65.14126625131993,10.16,109.96253250263986
tube,1425.865021763213,1022.7202030377797,1425.865021763213,-5.5254890702243796e-15,70.93414491352804,10.160000000000002,121.5482898270561
tube,1419.6264712037569,1018.4746653629207,1419.6264712037569,-5.4946297198638e-15,70.67210552601554,10.159999999999998,121.02421105203109
tube,1370.2381938681071,984.8643274925229,1370.2381938681071,-5.5249958295624516e-15,68.59763745526878,10.160000000000002,116.87527491053757
tube,1551.6156325572185,1108.2976061018987,1551.6156325572185,-6.055762402220476e-15,76.21607902911154,10.160000000000002,132.11215805822312
tube,1434.9617476120363,1028.9108224678814,1434.9617476120363,-5.558334280270173e-15,71.31623694709852,10.160000000000002,122.31247389419703
tube,1292.6574629432487,932.0681029776271,1292.6574629432487,-5.529286746181956e-15,65.33899475924896,10.16,110.35798951849793
tube,1399.0243596660205,1004.4542547111986,1399.0243596660205,-5.509051004400146e-15,69.80674992179915,10.159999999999997,119.29349984359831
tube,1397.9888715415777,1003.7495711789757,1397.9888715415777,-5.441248335467532e-15,69.76325605710745,10.160000000000002,119.20651211421487
tube,1563.8315933159297,1116.6109668964332,1563.8315933159297,-6.027458515396079e-15,76.72918906077385,10.160000000000002,133.1383781215477
tube,1591.101427272539,1135.168980708543,1591.101427272539,-6.187885305617129e-15,77.8746106646312,10.160000000000002,135.42922132926245
tube,1826.9415635407088,1295.6659061125831,1826.9415635407088,-6.741711260319323e-15,87.7806624421395,10.160000000000002,155.24132488427904
tube,1641.0014375958503,1169.1275696122339,1641.0014375958503,-6.22341258652749e-15,79.9705731830672,10.160000000000002,139.6211463661344
tube,1827.9791184683215,1296.3719961719537,1827.9791184683215,-6.7379282022478794e-15,87.82424311927772,10.160000000000002,155.32848623855546
tube,2038.6503203430302,1439.7406386222683,2038.6503203430302,-7.312965982751126e-15,96.67311789870784,10.160000000000002,173.02623579741572
tube,2185.13224480596,1539.4263786136767,2185.13224480596,-7.665203829737973e-15,102.8258345276911,10.16,185.33166905538224
tube,2335.1423101525766,1641.5131338571284,2335.1423101525766,-8.024734076957863e-15,109.12674453387112,10.160000000000002,197.9334890677423
tube,2182.535359179202,1537.6591130187878,2182.535359179202,-7.658936050600531e-15,102.71675689618192,10.160000000000004,185.11351379236382
tube,2373.4547516072957,1667.5860031977934,2373.4547516072957,-8.222762960656304e-15,110.73599152116788,10.160000000000002,201.15198304233576
tube,2455.592167883392,1723.4832011113635,2455.592167883392,-8.33063165012789e-15,114.18602980293245,10.160000000000002,208.05205960586494
tube,2579.577588353341,1807.8593344329906,2579.577588353341,-8.601166337367217e-15,119.39382019122695,10.160000000000002,218.46764038245396
tube,2610.033990045392,1828.5859117993068,2610.033990045392,-8.76081463666782e-15,120.67308799055945,10.160000000000004,221.02617598111894
tube,2477.389161639083,1738.3167681886043,2477.389161639083,-8.282489575933493e-15,115.10157434151083,10.16,209.8831486830217
tube,2493.1432120614427,1749.0379147053018,2493.1432120614427,-8.624381294562226e-15,115.76329563144394,10.160000000000004,211.20659126288788
tube,2492.7189292847406,1748.7491764004478,2492.7189292847406,-8.518532232660923e-15,115.74547437667015,10.160000000000002,211.17094875334033
tube,2548.9187149884597,1786.9949684718893,2548.9187149884597,-8.535008350381867e-15,118.10604792396865,10.160000000000002,215.8920958479373
tube,2653.082570709721,1857.8818787579428,2653.082570709721,-8.721796531572196e-15,122.48126820855332,10.160000000000002,224.6425364171067
tube,2681.9745570788955,1877.5438203360088,2681.9745570788955,-8.931914266555684e-15,123.69482548280236,10.160000000000005,227.06965096560464
tube,2568.348763265142,1800.217751744511,2568.348763265142,-8.609463250561935e-15,118.92217306413328,10.160000000000004,217.52434612826653
tube,2587.0551913201803,1812.9480877917715,2587.0551913201803,-8.645846739474495e-15,119.7079038045308,10.160000000000004,219.09580760906158
tube,2438.4632056278374,1711.8263821284727,2438.4632056278374,-8.189869594965647e-15,113.46655775002644,10.160000000000004,206.61311550005283
tube,2357.4024586213177,1656.6618928631353,2357.4024586213177,-8.168071566053542e-15,110.06174307481344,10.16,199.8034861496269
tube,2453.9253564670576,1722.3488814328598,2453.9253564670576,-8.276794822480493e-15,114.11601830932149,10.160000000000004,207.912036618643
tube,2220.9265033035826,1563.7855420999692,2220.9265033035826,-7.721242956125124e-15,104.32930965124591,10.160000000000004,188.3386193024918
tube,2436.4580527416383,1710.4618100149537,2436.4580527416383,-8.358699432222467e-15,113.38233481568274,10.160000000000002,206.44466963136549
tube,2223.4744368026536,1565.519494171086,2223.4744368026536,-7.75617851090297e-15,104.43633113438621,10.160000000000002,188.55266226877248
tube,2239.271531718691,1576.2699338734146,2239.271531718691,-7.884366494632967e-15,105.09986043287064,10.160000000000002,189.8797208657413
tube,2302.3224728524424,1619.178161268142,2302.3224728524424,-7.760113201236615e-15,107.74820476210456,10.160000000000004,195.1764095242091
tube,2109.805111807272,1488.1638011868904,2109.805111807272,-7.436299816517447e-15,99.66185026469113,10.160000000000004,179.0037005293822
tube,1975.846070495667,1397.0002927154655,1975.846070495667,-7.105494566839433e-15,94.03513540480309,10.160000000000002,167.75027080960615
tube,2109.4129272708888,1487.896906784282,2109.4129272708888,-7.375802065816383e-15,99.645377240272,10.160000000000002,178.97075448054403
tube,2277.499068098722,1602.2850225341062,2277.499068098722,-7.787244432412878e-15,106.70554113124238,10.160000000000004,193.0910822624848
tube,2407.221486895235,1690.5653708338612,2407.221486895235,-8.24790359847758e-15,112.15430408412962,10.160000000000002,203.98860816825925
tube,2209.3936754932943,1555.9370756173134,2209.3936754932943,-7.721313452863833e-15,103.84489342236488,10.159999999999998,187.36978684472973
tube,2294.964816104157,1614.1710352336859,2294.964816104157,-7.742414581228523e-15,107.4391592795885,10.160000000000002,194.55831855917702
tube,2372.1604782984755,1666.7052078845566,2372.1604782984755,-8.114499681754034e-15,110.68162783814807,10.16,201.04325567629624
tube,2417.2178420244854,1697.3682174098444,2417.2178420244854,-8.180146189786167e-15,112.57418346964741,10.160000000000004,204.82836693929477
tube,2647.073095940523,1853.7922346498144,2647.073095940523,-8.756375785461653e-15,122.22885074831404,10.160000000000005,224.1377014966281
tube,2709.9350191579365,1896.571829171026,2709.9350191579365,-9.196262542965897e-15,124.86925571109516,10.160000000000005,229.41851142219028
tube,2848.2927271645576,1990.7287741778869,2848.2927271645576,-9.542268677545057e-15,130.68072885989153,10.160000000000002,241.04145771978315
tube,3019.011317320346,2106.9083577843035,3019.011317320346,-1.0015184028650318e-14,137.8514641733392,10.160000000000004,255.38292834667837
tube,2972.0269945964264,2074.93398964365,2972.0269945964264,-9.583541907639367e-15,135.87797000479327,10.160000000000004,251.43594000958655
tube,2884.5718661010455,2015.4179146598594,2884.5718661010455,-9.636219450550662e-15,132.20457053686394,10.160000000000005,244.0891410737278
tube,3010.055256950509,2100.813465812831,3010.055256950509,-9.992191142057062e-15,137.47528054679472,10.160000000000004,254.63056109358945
tube,3042.4330756538197,2122.847630291357,3042.4330756538197,-9.910596862878896e-15,138.83525410173317,10.160000000000009,257.35050820346623
tube,3248.144355037099,2262.840883282043,3248.144355037099,-1.039897589798075e-14,147.4757960257384,10.160000000000007,274.63159205147673
tube,3263.3181051552533,2273.167116464184,3263.3181051552533,-1.0343466197545627e-14,148.1131428179676,10.160000000000007,275.90628563593503
tube,3402.625340833941,2367.970246104263,3402.625340833941,-1.095666390839764e-14,153.9644992132398,10.160000000000004,287.60899842647956
tube,3458.0358595836015,2405.6789162020928,3458.0358595836015,-1.0866738492890161e-14,156.29192098477654,10.160000000000005,292.2638419695531
tube,3487.3831394395543,2425.6506998873615,3487.3831394395543,-1.0950573887629695e-14,157.52460206435128,10.160000000000007,294.72920412870246
tube,3640.004108549759,2529.5142605262504,3640.004108549759,-1.1290289451113573e-14,163.93517850932105,10.160000000000004,307.550357018642
tube,3734.4361946960285,2593.7783833587273,3734.4361946960285,-1.1641392049573174e-14,167.9016328610917,10.160000000000007,315.4832657221833
tube,3590.159635030468,2495.5934662339137,3590.159635030468,-1.1480928016382308e-14,161.84154871704814,10.160000000000005,303.3630974340962
tube,3732.6009511710163,2592.5294401220367,3732.6009511710163,-1.1580123092240688e-14,167.8245466718162,10.160000000000004,315.3290933436324
tube,3565.8652532451542,2479.0603449305013,3565.8652532451542,-1.1471525057668999e-14,160.82110576922761,10.160000000000005,301.32221153845524
tube,3613.9071274324315,2511.7544114270454,3613.9071274324315,-1.1402548590436683e-14,162.83902053436566,10.160000000000007,305.35804106873127
tube,3605.805884731329,2506.241250834227,3605.805884731329,-1.142463785233282e-14,162.49874202652066,10.160000000000005,304.6774840530413
tube,3735.673983034932,2594.6207388027087,3735.673983034932,-1.1662034136743649e-14,167.95362399190088,10.160000000000009,315.5872479838016
tube,3817.432269331646,2650.259926366632,3817.432269331646,-1.1727464561642366e-14,171.38773758304407,10.160000000000005,322.45547516608815
tube,3717.912768000783,2582.53365112744,3717.912768000783,-1.1673983192165515e-14,167.20759526861488,10.160000000000007,314.0951905372297
tube,3746.7373206912603,2602.1497018818704,3746.7373206912603,-1.180839450312677e-14,168.41832010932094,10.160000000000005,316.5166402186418
tube,3651.9562316513884,2537.648071166864,3651.9562316513884,-1.142713101926702e-14,164.4372065023902,10.160000000000007,308.55441300478043
tube,3699.8692288889656,2570.2544326844795,3699.8692288889656,-1.1595493680689049e-14,166.4497080170237,10.160000000000009,312.57941603404737
tube,3700.046909567138,2570.3753501966626,3700.046909567138,-1.1654249153666857e-14,166.45717118264815,10.160000000000009,312.59434236529614
tube,3839.274343954493,2665.124172448252,3839.274343954493,-1.1753216429114985e-14,172.3051756644744,10.160000000000004,324.29035132894876
tube,3775.7847876175288,2621.9174530637156,3775.7847876175288,-1.1852874692322624e-14,169.63840807199867,10.160000000000005,318.95681614399734
tube,3613.8866875936096,2511.740501448284,3613.8866875936096,-1.1547654077815302e-14,162.83816199474262,10.160000000000005,305.3563239894852
tube,3486.5711843726635,2425.0981379109976,3486.5711843726635,-1.0988063648350978e-14,157.49049731415516,10.160000000000004,294.6609946283103
tube,3309.1919286876314,2304.3857535883685,3309.1919286876314,-1.0539698311291748e-14,150.03999241335325,10.160000000000007,279.7599848267064
tube,3153.875457062328,2198.68781533701,3153.875457062328,-1.0104338725815366e-14,143.51619610723728,10.160000000000005,266.71239221447456
tube,3027.8702516179583,2112.9371522873157,3027.8702516179583,-9.84935690534563e-15,138.22356818936603,10.160000000000005,256.12713637873196
tube,2795.1962011635906,1954.5948518199857,2795.1962011635906,-9.154573633878148e-15,128.45050230009468,10.160000000000005,236.58100460018932
tube,2613.45390033756,1830.9132725943596,2613.45390033756,-8.780856139410325e-15,120.81673533135866,10.160000000000004,221.31347066271735
tube,2515.223447038879,1764.06423669677,2515.223447038879,-8.643565721863376e-15,116.69073722135775,10.160000000000005,213.06147444271542
tube,2588.9229027973793,1814.219126531723,2588.9229027973793,-8.636136390778107e-15,119.78635375326022,10.160000000000002,219.25270750652044
tube,2754.4299197014852,1926.8520641064317,2754.4299197014852,-9.058219423216295e-15,126.7381860619422,10.160000000000004,233.15637212388435
tube,2952.0246804827675,2061.321760754172,2952.0246804827675,-9.43563451474641e-15,135.03780784064583,10.160000000000004,249.7556156812917
tube,2794.1541372089628,1953.8856932202723,2794.1541372089628,-9.118220795901475e-15,128.4067322291756,10.160000000000002,236.49346445835124
tube,2732.057833150696,1911.6271275748834,2732.057833150696,-9.107334182294622e-15,125.79848575795744,10.160000000000005,231.2769715159148
tube,2696.0848910805385,1887.1463640739958,2696.0848910805385,-9.000596451932698e-15,124.28750534395743,10.160000000000004,228.2550106879148
tube,2892.9486626388693,2021.1185986499972,2892.9486626388693,-9.581169014136458e-15,132.55642320090317,10.160000000000002,244.79284640180634
tube,2714.6974595682777,1899.8128256162229,2714.6974595682777,-9.23683515727275e-15,125.0692936776544,10.160000000000004,229.8185873553088
tube,2796.8542609333417,1955.723215716785,2796.8542609333417,-9.062165863742086e-15,128.5201461961221,10.160000000000004,236.72029239224426
tube,2829.4718006047647,1977.9205181536997,2829.4718006047647,-9.355799567339348e-15,129.89018881038115,10.160000000000004,239.46037762076227
tube,2981.603405756961,2081.4510506155066,2981.603405756961,-9.665268606058794e-15,136.28021037956594,10.160000000000005,252.24042075913192
tube,2811.5449069107963,1965.7206807322377,2811.5449069107963,-9.082799180476841e-15,129.13720104522645,10.160000000000005,237.95440209045293
tube,2681.3909020865303,1877.146624026452,2681.3909020865303,-9.102845135439067e-15,123.67031007729904,10.160000000000002,227.02062015459805
tube,2702.664226826276,1891.6238172128078,2702.664226826276,-8.989545771909133e-15,124.56385881622971,10.160000000000005,228.80771763245946
tube,2746.635760554937,1921.547883915031,2746.635760554937,-9.142426339577041e-15,126.41080606085505,10.160000000000002,232.50161212171017
tube,2724.8743489883827,1906.7385316811412,2724.8743489883827,-9.18474103357509e-15,125.49675608979825,10.160000000000002,230.67351217959657
tube,2496.5993924267214,1751.3899584712462,2496.5993924267214,-8.657589022186036e-15,115.90846643312602,10.160000000000004,211.49693286625202
tube,2370.991723503661,1665.9098320249288,2370.991723503661,-8.21072703504448e-15,110.6325363404249,10.16,200.94507268084985
tube,2155.109759811712,1518.9950957505816,2155.109759811712,-7.649115443020825e-15,101.56479263911147,10.160000000000002,182.80958527822295
tube,2258.2463313643025,1589.1829055646087,2258.2463313643025,-7.733334169680377e-15,105.89686365179489,10.160000000000002,191.4737273035898
tube,2271.8425440147626,1598.4355729098183,2271.8425440147626,-7.767018947964739e-15,106.46794874623497,10.160000000000002,192.61589749246997
tube,2056.9937181258715,1452.2239206971299,2056.9937181258715,-7.412880365711062e-15,97.4436001884808,10.160000000000004,174.56720037696158
tube,1979.8664700458537,1399.736306088384,1979.8664700458537,-7.266621323560604e-15,94.20400524494399,10.160000000000002,168.08801048988795
tube,2211.4452941770364,1557.3332692256295,2211.4452941770364,-7.696368605408607e-15,103.93106807113517,10.160000000000002,187.54213614227035
tube,2029.3888730382814,1433.4379208545279,2029.3888730382814,-7.460358424135243e-15,96.2841070289415,10.160000000000004,172.24821405788296
tube,2213.895657596321,1559.0008216666215,2213.895657596321,-7.764048447034053e-15,104.03399129399808,10.160000000000002,187.74798258799618
tube,2333.603113155942,1640.4656599646005,2333.603113155942,-8.077494435616396e-15,109.06209326040378,10.16,197.8041865208076
tube,2496.7798868295527,1751.5127908150764,2496.7798868295527,-8.569315209706563e-15,115.91604778432554,10.160000000000004,211.5120955686511
tube,2432.613460904703,1707.8454395403373,2432.613460904703,-8.248746264628155e-15,113.22084947055575,10.16,206.12169894111148
tube,2346.009760319198,1648.9087890934404,2346.009760319198,-8.181486046724052e-15,109.58321274044323,10.160000000000002,198.84642548088644
tube,2193.629024018029,1545.2087147374282,2193.629024018029,-7.653788029032914e-15,103.18272685377552,10.160000000000002,186.045453707551
tube,2149.7289133483096,1515.3332537625604,2149.7289133483096,-7.611594445648786e-15,101.33877960962151,10.160000000000002,182.35755921924303
tube,2002.8430998302267,1415.3726540607483,2002.8430998302267,-7.311344335029566e-15,95.16909832841235,10.160000000000002,170.01819665682467
tube,2210.490656290958,1556.6836069246574,2210.490656290958,-7.659140176719064e-15,103.89097017907197,10.160000000000004,187.46194035814392
tube,2293.9515994214307,1613.4815081458928,2293.9515994214307,-7.788173477323567e-15,107.39660088779081,10.160000000000002,194.4732017755816
tube,2126.6841222063986,1499.6505197573138,2126.6841222063986,-7.347172829005923e-15,100.37082352773537,10.160000000000002,180.42164705547074
tube,2086.9217986952,1472.5909582617608,2086.9217986952,-7.358528175273456e-15,98.70067678457,10.160000000000004,177.08135356913996
tube,2128.9194702273217,1501.1717471880772,2128.9194702273217,-7.400126304763118e-15,100.46471540545564,10.160000000000002,180.60943081091122
tube,2103.440221043455,1483.8322848712642,2103.440221043455,-7.441986675972415e-15,99.39450417821811,10.160000000000002,178.46900835643623
tube,2251.459625232726,1584.564330096605,2251.459625232726,-7.712592644448293e-15,105.61179994973833,10.160000000000004,190.90359989947663
tube,2064.7080340029943,1457.4737649325732,2064.7080340029943,-7.405302590698535e-15,97.76762651290562,10.160000000000002,175.21525302581122
tube,2301.6332178354933,1618.70910068842,2301.6332178354933,-7.70962843770999e-15,107.71925381255944,10.160000000000002,195.11850762511892
tube,2525.151609221988,1770.8206757427934,2525.151609221988,-8.506934071625473e-15,117.10775228163375,10.160000000000004,213.8955045632675
tube,2498.303153584146,1752.5494236569284,2498.303153584146,-8.707700885576351e-15,115.98002993588265,10.160000000000002,211.64005987176535
tube,2336.629624174134,1642.525299688388,2336.629624174134,-8.035922978814312e-15,109.18921655385932,10.16,198.0584331077187
tube,2273.947464762238,1599.8680403156409,2273.947464762238,-7.816658570275056e-15,106.55636225481747,10.160000000000004,192.79272450963492
tube,2479.6694097256677,1739.8685515824156,2479.6694097256677,-8.258389802937698e-15,115.19735216783293,10.160000000000002,210.07470433566587
tube,2394.5789914484644,1681.961739235149,2394.5789914484644,-8.167985993815795e-15,111.62327821010187,10.16,202.92655642020375
tube,2225.002797717794,1566.5595937557846,2225.002797717794,-7.809583404325835e-15,104.50052725723314,10.16,188.68105451446627
tube,2098.6540997143265,1480.575172786396,2098.6540997143265,-7.423361738501458e-15,99.19347153614959,10.160000000000002,178.0669430722992
tube,2202.9066659139667,1551.5224534540835,2202.9066659139667,-7.744524954794436e-15,103.57241794897496,10.160000000000004,186.8248358979499
tube,2096.346133178986,1479.0045260817305,2096.346133178986,-7.41987219947739e-15,99.09652944494486,10.160000000000004,177.87305888988976
tube,2255.9052732926734,1587.5897389873069,2255.9052732926734,-7.802537102192198e-15,105.7985316085784,10.160000000000004,191.27706321715675
tube,2322.415421447485,1632.8520698862187,2322.415421447485,-8.061121301753063e-15,108.59217386886836,10.160000000000002,196.86434773773672
tube,2303.8794400156175,1620.2377283401377,2303.8794400156175,-7.769418891760873e-15,107.81360244028751,10.16,195.30720488057509
tube,2192.0404184600097,1544.1276167030715,2192.0404184600097,-7.784628445840539e-15,103.11600026024148,10.160000000000004,185.9120005204829
tube,2060.0181415444154,1454.2821397410853,2060.0181415444154,-7.414626811326891e-15,97.57063579597016,10.160000000000005,174.82127159194033
tube,1842.0541385393371,1305.9505076252774,1842.0541385393371,-6.96424590984527e-15,88.41543968063998,10.160000000000002,156.51087936128
tube,1634.8115389156962,1164.9151411323014,1634.8115389156962,-6.2281657005254614e-15,79.71057733251604,10.16,139.10115466503214
tube,1521.868601336844,1088.053778540082,1521.868601336844,-6.088084982460753e-15,74.96660709376158,10.159999999999998,129.6132141875232
tube,1397.2121741249853,1003.2210031866698,1397.2121741249853,-5.495558290989494e-15,69.73063224274755,10.16,119.1412644854951
tube,1563.3782989465853,1116.3024852540211,1563.3782989465853,-5.987589042435528e-15,76.71014922487385,10.16,133.10029844974773
tube,1791.9528841006402,1271.854965519786,1791.9528841006402,-6.499021820152121e-15,86.31102425567813,10.16,152.30204851135628
tube,1687.6718792808765,1200.8883314410773,1687.6718792808765,-6.368254730352545e-15,81.93088332843345,10.159999999999998,143.5417666568669
tube,1920.4599771834864,1359.3082449266262,1920.4599771834864,-6.8321939866675474e-15,91.70873958097904,10.160000000000002,163.09747916195803
tube,2037.9851330770728,1439.2879569341828,2037.9851330770728,-7.390506397595176e-15,96.64517787288112,10.160000000000002,172.97035574576222
tube,2091.873888668975,1475.9610174369775,2091.873888668975,-7.302838070715678e-15,98.90868064881175,10.160000000000002,177.49736129762354
tube,2308.253883622386,1623.214680271854,2308.253883622386,-7.694952521233248e-15,107.99734328080831,10.160000000000004,195.67468656161657
tube,2544.2453527201915,1783.814592615494,2544.2453527201915,-8.537413588261664e-15,117.90975152871945,10.160000000000004,215.49950305743891
tube,2314.4558775940977,1627.4353399932434,2314.4558775940977,-8.059720586745971e-15,108.25784717289265,10.160000000000002,196.19569434578534
tube,2183.142986752991,1538.0726234539786,2183.142986752991,-7.61580102695151e-15,102.74227922797256,10.160000000000002,185.16455845594518
tube,2293.0906000810187,1612.8955699375044,2293.0906000810187,-7.8129264411348e-15,107.36043611880159,10.160000000000004,194.40087223760318
tube,2256.1199442357656,1587.7358295844595,2256.1199442357656,-7.761419546571729e-15,105.80754848548088,10.160000000000004,191.2950969709618
tube,2022.0064093946578,1428.4139129165342,2022.0064093946578,-7.39954793770919e-15,95.97401957624359,10.160000000000002,171.6280391524872
tube,2219.0713581181353,1562.5230551325096,2219.0713581181353,-7.71737486489275e-15,104.25138752758778,10.160000000000002,188.18277505517557
tube,2454.5907062564734,1722.801673723473,2454.5907062564734,-8.287570938229579e-15,114.1439651616614,10.160000000000002,207.96793032332278
tube,2342.6676847324707,1646.6343973608662,2342.6676847324707,-8.182679779719755e-15,109.44283471009464,10.160000000000002,198.5656694201893
tube,2373.7363873169375,1667.7776655085302,2373.7363873169375,-8.280033911719154e-15,110.74782113577994,10.16,201.17564227155992
tube,2257.2118394985428,1588.4789000189999,2257.2118394985428,-7.786626277355974e-15,105.85341163320389,10.160000000000002,191.3868232664078
tube,2306.2234762748726,1621.8329216715142,2306.2234762748726,-7.729983345771143e-15,107.91205957705805,10.16,195.50411915411613
tube,2378.6757590446855,1671.1390695014013,2378.6757590446855,-8.120569580630885e-15,110.95529079237733,10.160000000000005,201.5905815847546
tube,2185.23805081232,1539.4983830611752,2185.23805081232,-7.707904911763028e-15,102.83027872363652,10.160000000000004,185.34055744727303
tube,2236.76682759414,1574.5654008053864,2236.76682759414,-7.821160046856689e-15,104.99465472387745,10.160000000000002,189.6693094477549
tube,2386.561717882125,1676.505722384576,2386.561717882125,-8.260115410212922e-15,111.28652667866488,10.160000000000002,202.2530533573298
tube,2254.002160044332,1586.2946081843495,2254.002160044332,-7.773360133932146e-15,105.71859467046914,10.16,191.11718934093835
tube,2385.6754883823605,1675.902614227647,2385.6754883823605,-8.212212817267425e-15,111.24930216103044,10.16,202.17860432206095
tube,2216.119719221376,1560.5143683358979,2216.119719221376,-7.734407661470628e-15,104.1274091064315,10.160000000000005,187.93481821286295
tube,2295.650511182689,1614.6376731588941,2295.650511182689,-7.679922008231721e-15,107.46796070015672,10.160000000000002,194.61592140031343
tube,2262.2684900830095,1591.9201161092353,2262.2684900830095,-7.766025687205301e-15,106.06580738272775,10.160000000000002,191.81161476545554
tube,2275.4339716053405,1600.8796568355654,2275.4339716053405,-7.783569161781113e-15,106.61880037068865,10.160000000000002,192.91760074137736
tube,2203.0598376742923,1551.6266918461577,2203.0598376742923,-7.639939027626334e-15,103.57885166044005,10.160000000000002,186.83770332088014
tube,2022.447373429602,1428.7140033631485,2022.447373429602,-7.346201520623762e-15,95.99254149804746,10.160000000000002,171.66508299609495
tube,1828.2199150398458,1296.5358661136397,1828.2199150398458,-6.8439618388028505e-15,87.83435735743544,10.16,155.3487147148709
tube,1637.6613052101245,1166.8545002914893,1637.6613052101245,-6.306167317632698e-15,79.83027677347255,10.159999999999997,139.34055354694516
tube,1498.72284817669,1072.3023365796628,1498.72284817669,-6.1949247344905726e-15,73.99441027916514,10.160000000000002,127.66882055833028
tube,1618.981510667754,1154.1422892205946,1618.981510667754,-6.135958227535054e-15,79.04566472711787,10.16,137.7713294542358
tube,1611.1336636550816,1148.8015726805436,1611.1336636550816,-6.137291553804641e-15,78.71602966126508,10.160000000000002,137.11205932253014
tube,1653.0380947933343,1177.3189084695941,1653.0380947933343,-6.330637681353026e-15,80.47615188274543,10.160000000000002,140.63230376549083
tube,1575.0988257688543,1124.278687052645,1575.0988257688543,-6.070367555369097e-15,77.20244942194067,10.159999999999997,134.08489884388132
tube,1708.2911774008187,1214.9204381240427,1708.2911774008187,-6.394241579397606e-15,82.79696082492784,10.160000000000002,145.27392164985565
tube,1764.3176405807753,1253.0482785499019,1764.3176405807753,-6.3609759181187705e-15,85.1502542632433,10.159999999999998,149.9805085264866
tube,1974.7089209745786,1396.2264252781952,1974.7089209745786,-7.244699783046551e-15,93.98737143123641,10.160000000000002,167.65474286247283
tube,2057.9381190133217,1452.8666163857558,2057.9381190133217,-7.385922821790898e-15,97.48326809334992,10.160000000000004,174.6465361866998
tube,1901.0791623743946,1346.1189666387809,1901.0791623743946,-6.898691734961295e-15,90.89468240637302,10.160000000000004,161.46936481274605
tube,1779.2896449712453,1263.2372171666684,1779.2896449712453,-6.50217065692668e-15,85.7791270796007,10.160000000000002,151.2382541592014
tube,1825.7753565444293,1294.8722641131792,1825.7753565444293,-6.809038175885627e-15,87.73167796023056,10.159999999999997,155.14335592046112
tube,1662.778476404611,1183.9475566955023,1662.778476404611,-6.365011974906493e-15,80.88527954905699,10.160000000000002,141.45055909811396
tube,1691.0237270391249,1203.1693734559512,1691.0237270391249,-6.374585783538321e-15,82.07167182172783,10.160000000000002,143.82334364345564
tube,1679.9208101857544,1195.6134754388452,1679.9208101857544,-6.3999773869725995e-15,81.60531324947108,10.160000000000002,142.89062649894217
tube,1829.144541723691,1297.1651048100375,1829.144541723691,-6.85793697452927e-15,87.87319468152273,10.160000000000004,155.42638936304547
tube,1950.369045785579,1379.6623442258056,1950.369045785579,-6.955544812757394e-15,92.96501761268976,10.160000000000002,165.61003522537953
tube,2161.408451014891,1523.2815611002716,2161.408451014891,-7.631955138449673e-15,101.82935812900874,10.160000000000004,183.33871625801746
tube,2123.4990120854245,1497.4829481574213,2123.4990120854245,-7.411684162796023e-15,100.23703855680257,10.160000000000005,180.1540771136051
tube,2196.0454648280315,1546.8531817334326,2196.0454648280315,-7.854900782831648e-15,103.28422521686136,10.160000000000002,186.24845043372272
tube,2142.0854546373635,1510.1316301459406,2142.0854546373635,-7.642741459884468e-15,101.01772951633384,10.160000000000004,181.7154590326677
tube,2017.5200869638966,1425.3608237863207,2017.5200869638966,-7.456430082996863e-15,95.7855794617112,10.160000000000004,171.25115892342237
tube,1885.195948348685,1335.3099200659697,1885.195948348685,-6.928033830147121e-15,90.22753582555093,10.160000000000002,160.13507165110184
tube,1784.258172137314,1266.6184623887868,1784.258172137314,-6.450317326533341e-15,85.98782135931005,10.160000000000002,151.65564271862004
tube,1587.4710167955216,1132.6983676537175,1587.4710167955216,-6.152305274566609e-15,77.72212163232311,10.159999999999998,135.12424326464622
tube,1702.8275211171515,1211.2022413452044,1702.8275211171515,-6.471407066927686e-15,82.56746951400451,10.16,144.814939028009
tube,1784.2609588866555,1266.6203588628484,1784.2609588866555,-6.53095743525867e-15,85.98793841183424,10.160000000000002,151.65587682366848
tube,1692.9282640643294,1204.4654731856253,1692.9282640643294,-6.3755500581954365e-15,82.15166856308994,10.16,143.98333712617992
tube,1592.0890158743473,1135.8410670491564,1592.0890158743473,-6.1717458392614054e-15,77.91609259378541,10.160000000000004,135.5121851875708
tube,1794.24744181161,1273.416487080959,1794.24744181161,-6.878330331726846e-15,86.40740313270481,10.160000000000002,152.4948062654096
tube,1996.3895164223445,1410.980779500322,1996.3895164223445,-7.318779523698129e-15,94.89802686279775,10.16,169.47605372559553
tube,1792.7504507505002,1272.397735707816,1792.7504507505002,-7.016668322528143e-15,86.34452464562253,10.16,152.3690492912451
tube,1659.930276788793,1182.0092637123437,1659.930276788793,-6.38764941781879e-15,80.765645913691,10.16,141.21129182738198
tube,1586.2530791578522,1131.8695212611024,1586.2530791578522,-6.207504553698661e-15,77.67096429544468,10.16,135.02192859088936
tube,1751.7282154101313,1244.48076300965,1751.7282154101313,-6.36551633785592e-15,84.62145751319537,10.160000000000002,148.92291502639074
tube,1610.4220908014686,1148.3173240831125,1610.4220908014686,-6.140907803379242e-15,78.68614129008745,10.160000000000002,137.0522825801749
tube,1484.9040440182007,1062.8981884338345,1484.9040440182007,-6.113362866323887e-15,73.41397561836767,10.16,126.50795123673535
tube,1347.5392178676996,969.4169320002521,1347.5392178676996,-5.589756664352158e-15,67.64420673260004,10.159999999999998,114.96841346520009
tube,1472.1198036239975,1054.1980947629145,1472.1198036239975,-6.129780456493048e-15,72.87699599613288,10.16,125.43399199226575
tube,1651.1586932936061,1176.0399142870135,1651.1586932936061,-6.37441370657508e-15,80.39721091509831,10.16,140.47442183019666
tube,1822.2667982814974,1292.4845754749688,1822.2667982814974,-6.667350026110214e-15,87.58430711671352,10.16,154.84861423342707
tube,2045.6457908910427,1444.5012851028723,2045.6457908910427,-7.343089004383587e-15,96.96695038436177,10.160000000000002,173.61390076872357
tube,1915.0680572093468,1355.6388670524125,1915.0680572093468,-6.8852597007132315e-15,91.48226142806926,10.160000000000002,162.64452285613848
tube,1805.5996489296726,1281.1420352757207,1805.5996489296726,-6.91864657503313e-15,86.88423270582145,10.160000000000002,153.44846541164293
tube,1855.3914822472289,1315.027006189286,1855.3914822472289,-6.915561690493811e-15,88.97565143863599,10.160000000000002,157.63130287727196
tube,2064.1349883698654,1457.0837886389336,2064.1349883698654,-7.301497611115007e-15,97.74355673495145,10.16,175.167113469903
tube,1831.7235556247376,1298.9202081111216,1831.7235556247376,-6.764016354503234e-15,87.98152164250126,10.160000000000005,155.64304328500248
tube,2058.154865373147,1453.0141193718669,2058.154865373147,-7.372621917752938e-15,97.49237214449654,10.160000000000004,174.66474428899306
tube,1958.884977436526,1385.4577142105554,1958.884977436526,-6.872990908219694e-15,93.32271440341788,10.160000000000004,166.32542880683573
tube,1871.6625750038374,1326.100016923261,1871.6625750038374,-6.978381382464058e-15,89.65909018606074,10.160000000000004,158.99818037212145
tube,2016.4381737524361,1424.6245464641438,2016.4381737524361,-7.362602602110818e-15,95.74013559256707,10.160000000000002,171.16027118513415
tube,2203.077694610048,1551.6388440749145,2203.077694610048,-7.832132208974143e-15,103.57960170974462,10.160000000000002,186.83920341948925
tube,2118.594930161942,1494.145560030434,2118.594930161942,-7.4365512038978e-15,100.0310511866124,10.160000000000002,179.7421023732248
tube,1930.9137806403317,1366.4224000494594,1930.9137806403317,-6.889038157856942e-15,92.14783328213619,10.160000000000002,163.97566656427242
tube,1759.2650108181967,1249.6097987604537,1759.2650108181967,-6.57444589410959e-15,84.9380274012991,10.16,149.55605480259823
tube,1913.8094839975997,1354.782366822733,1913.8094839975997,-6.9214226703186555e-15,91.42939726508736,10.160000000000004,162.5387945301747
tube,2076.0917845283225,1465.2207794475423,2076.0917845283225,-7.447686061635996e-15,98.24578101158653,10.160000000000004,176.171562023173
tube,1943.395706647107,1374.9167588931562,1943.395706647107,-7.068395624157573e-15,92.67211471812358,10.160000000000002,165.02422943624723
tube,2159.0216535563104,1521.6572673743349,2159.0216535563104,-7.636795836306218e-15,101.72910488296992,10.160000000000002,183.1382097659398
tube,2033.865089870054,1436.4841327941456,2033.865089870054,-7.30985835132214e-15,96.47212267549143,10.16,172.62424535098285
tube,2105.5569158614226,1485.2727649171043,2105.5569158614226,-7.402869185145007e-15,99.48341223600575,10.160000000000002,178.64682447201147
tube,2186.6136982425646,1540.4345561252162,2186.6136982425646,-7.560091880452542e-15,102.88806038407492,10.160000000000002,185.45612076814984
tube,2204.8958741150277,1552.876174687928,2204.8958741150277,-7.597145640980125e-15,103.6559711547514,10.160000000000002,186.99194230950283
tube,2154.9033551503067,1518.8546306284495,2154.9033551503067,-7.514607668153592e-15,101.55612297289032,10.160000000000004,182.79224594578062
tube,2164.5509386097197,1525.4201266772388,2164.5509386097197,-7.57189549828954e-15,101.96135281539729,10.160000000000002,183.6027056307946
tube,2020.9173319037473,1427.6727600678985,2020.9173319037473,-7.40724729613293e-15,95.92827478409164,10.160000000000004,171.53654956818332
tube,2071.0757868323944,1461.8072289774275,2071.0757868323944,-7.390821182282438e-15,98.03509281542965,10.16,175.7501856308593
tube,2049.7603081515554,1447.301348655598,2049.7603081515554,-7.42693245318278e-15,97.13977347404891,10.16,173.95954694809785
tube,1820.8634829739874,1291.529573515626,1820.8634829739874,-6.697392131435851e-15,87.52536331555936,10.16,154.73072663111873
tube,1800.1018900296517,1277.4006305511969,1800.1018900296517,-6.968146264610066e-15,86.65330897423948,10.160000000000005,152.98661794847888
tube,1642.6903003654434,1170.2768959577752,1642.6903003654434,-6.2668392417140236e-15,80.0415109051421,10.160000000000002,139.7630218102842
tube,1492.5062273180358,1068.071722783366,1492.5062273180358,-6.0796188387734075e-15,73.73329201031822,10.16,127.14658402063648
tube,1538.04010850307,1099.0590180230574,1538.04010850307,-6.06425681725187e-15,75.6458629229171,10.16,130.97172584583421
tube,1577.3962759847732,1125.8421770580292,1577.3962759847732,-6.193959251700829e-15,77.2989497935706,10.159999999999998,134.2778995871412
tube,1513.0375566190858,1082.0439638082328,1513.0375566190858,-6.001248664023385e-15,74.59567453067942,10.160000000000002,128.87134906135884
tube,1373.3526148874603,986.9837928470183,1373.3526148874603,-5.582999377043746e-15,68.72845325432169,10.159999999999998,117.1369065086434
tube,1567.7940944875518,1119.3075785292904,1567.7940944875518,-6.156153276254267e-15,76.89562698094993,10.159999999999998,133.47125396189995
tube,1797.7045408955405,1275.7691560649905,1797.7045408955405,-6.908232109052019e-15,86.5526125235544,10.16,152.78522504710884
tube,1875.2724971545188,1328.5566870019852,1875.2724971545188,-6.9877265621992175e-15,89.8107186421127,10.160000000000004,159.3014372842254
tube,1765.544878258404,1253.8834539238485,1765.544878258404,-6.432954319322508e-15,85.20180223200832,10.16,150.0836044640167
tube,1843.3129920763356,1306.8071986254583,1843.3129920763356,-6.832124460772271e-15,88.46831561819303,10.16,156.61663123638604
tube,1928.9188100035165,1365.064757289636,1928.9188100035165,-6.844212356815814e-15,92.06403803534057,10.160000000000002,163.80807607068118
tube,2008.5409909289644,1419.2502552914166,2008.5409909289644,-7.39578178438597e-15,95.40842826240845,10.160000000000002,170.4968565248169
tube,1786.9914562303593,1268.4785516006193,1786.9914562303593,-6.442261345211645e-15,86.1026281694518,10.160000000000002,151.88525633890356
tube,1988.4478137849421,1405.5761911382847,1988.4478137849421,-7.224149367947205e-15,94.56444955584509,10.160000000000002,168.80889911169024
tube,1823.885581393309,1293.5862103215763,1823.885581393309,-6.841764941299755e-15,87.65230126552935,10.160000000000002,154.9846025310587
tube,1909.926822078033,1352.140088411881,1909.926822078033,-6.768663168747694e-15,91.26631285283084,10.16,162.21262570566168
tube,1836.2058236255727,1301.970538069178,1836.2058236255727,-7.0101068206627674e-15,88.16979145780721,10.160000000000004,156.0195829156144
tube,1899.018099001703,1344.7163456107646,1899.018099001703,-6.84862611655386e-15,90.80811104998863,10.16,161.29622209997726
tube,1808.805654548778,1283.3238269454364,1808.805654548778,-6.816905595753312e-15,87.01889535554845,10.160000000000004,153.7177907110969
tube,1916.9342359591744,1356.9088627212627,1916.9342359591744,-6.800337413178353e-15,91.56064699727047,10.16,162.80129399454094
tube,1704.7065834190878,1212.4810046925957,1704.7065834190878,-6.339140892899813e-15,82.64639623424257,10.160000000000002,144.97279246848515
tube,1674.467780542562,1191.902510436373,1674.467780542562,-6.388923637374662e-15,81.3762682919651,10.160000000000002,142.4325365839302
tube,1747.4636256417555,1241.578570207508,1747.4636256417555,-6.4597280522258705e-15,84.44233089071359,10.160000000000002,148.5646617814272
tube,1781.42769847488,1264.6922324965972,1781.42769847488,-6.396675356777382e-15,85.86893227156345,10.16,151.4178645431269
tube,1614.0721662002088,1150.8013197602716,1614.0721662002088,-6.139384325047542e-15,78.83945631298334,10.160000000000004,137.35891262596672
tube,1645.0391115307782,1171.875338768893,1645.0391115307782,-6.303078839289657e-15,80.14016860347778,10.16,139.9603372069556
tube,1417.8350266243688,1017.2555287410838,1417.8350266243688,-5.6468629795384484e-15,70.59685903472378,10.16,120.87371806944755
tube,1481.9736555178877,1060.9039632269566,1481.9736555178877,-6.013116068136784e-15,73.29088978288758,10.16,126.26177956577514
tube,1694.2112428790067,1205.3385822262348,1694.2112428790067,-6.448517257620307e-15,82.20555784066904,10.160000000000002,144.0911156813381
tube,1811.9060554708733,1285.433751165249,1811.9060554708733,-6.9190903808020255e-15,87.14912226497655,10.160000000000002,153.97824452995312
tube,1894.0669286601117,1341.3469122753233,1894.0669286601117,-6.840723454967662e-15,90.6001458132857,10.160000000000002,160.88029162657142
tube,2009.9065492321647,1420.1795623745604,2009.9065492321647,-7.463253125651722e-15,95.4657861467396,10.160000000000004,170.61157229347918
tube,2092.947713086808,1476.6917900705641,2092.947713086808,-7.314353128584078e-15,98.95378476234957,10.160000000000002,177.58756952469915
tube,1861.4520046264536,1319.1513898654468,1861.4520046264536,-6.9641273841760185e-15,89.2302130643089,10.160000000000002,158.14042612861778
tube,2096.7223096613043,1479.2605264800377,2096.7223096613043,-7.365001087071198e-15,99.11233007909607,10.160000000000004,177.9046601581921
tube,1976.4726145721359,1397.4266764493561,1976.4726145721359,-7.104033084251145e-15,94.06145229115074,10.160000000000002,167.8029045823015
tube,1833.8571878784494,1300.3722146358893,1833.8571878784494,-6.818204508774364e-15,88.07114112760614,10.16,155.82228225521231
tube,2004.8131086127466,1416.7133094623964,2004.8131086127466,-7.304234486705524e-15,95.2518450962466,10.160000000000002,170.1836901924932
tube,2063.344616800767,1456.5459149386616,2063.344616800767,-7.350588868705835e-15,97.71035856177002,10.160000000000002,175.10071712354008
tube,2058.376490044347,1453.1649422084035,2058.376490044347,-7.235484438786986e-15,97.50168110056659,10.160000000000004,174.68336220113315
tube,2193.3627196871485,1545.0274859313201,2193.3627196871485,-7.654708480078732e-15,103.17154120687066,10.160000000000004,186.02308241374132
tube,2362.9982540404194,1660.4700146449788,2362.9982540404194,-8.238257032338721e-15,110.29678465863836,10.16,200.27356931727678
tube,2222.8267641630114,1565.0787317589886,2222.8267641630114,-7.685334202877347e-15,104.40912677975558,10.16,188.49825355951123
tube,2427.638375019683,1704.4597308954833,2427.638375019683,-8.174751615970952e-15,113.0118797033465,10.160000000000002,205.703759406693
tube,2209.6976871231554,1556.1439654735184,2209.6976871231554,-7.686596234636046e-15,103.85766289830744,10.160000000000002,187.39532579661494
tube,2425.5508569182266,1703.0391065593951,2425.5508569182266,-8.282580940667733e-15,112.92419716242401,10.160000000000002,205.528394324848
tube,2371.7090861166675,1666.3980207429702,2371.7090861166675,-8.208905908940852e-15,110.66266790030333,10.160000000000004,201.00533580060667
tube,2190.2650601473406,1542.9194273118053,2190.2650601473406,-7.817215340786693e-15,103.04142944440312,10.160000000000002,185.7628588888063
tube,2168.703320138569,1528.2459581028404,2168.703320138569,-7.598831115244956e-15,102.13576632734498,10.160000000000002,183.95153265468994
tube,2072.753418859421,1462.9489124353731,2072.753418859421,-7.291206474165762e-15,98.10555880983712,10.160000000000002,175.89111761967425
tube,2251.341027714008,1584.4836206066261,2251.341027714008,-7.81079023315017e-15,105.60681846872455,10.160000000000004,190.89363693744912
tube,2219.654645086217,1562.9200009895062,2219.654645086217,-7.714681916172877e-15,104.27588747487569,10.160000000000002,188.23177494975144
tube,2235.404563531584,1573.6383355607325,2235.404563531584,-7.824523453192873e-15,104.93743520835365,10.16,189.55487041670736
tube,2137.5132096239554,1507.0200678883118,2137.5132096239554,-7.571598578331924e-15,100.82568037423715,10.160000000000002,181.33136074847425
tube,2235.7635771675787,1573.8826560808398,2235.7635771675787,-7.80290559432906e-15,104.952514947211,10.160000000000004,189.58502989442198
tube,2104.983709583878,1484.8826792996856,2104.983709583878,-7.313313532877757e-15,99.4593357104643,10.160000000000004,178.59867142092864
tube,2272.5761592084114,1598.9348220404943,2272.5761592084114,-7.871447342724472e-15,106.49876296729188,10.160000000000004,192.67752593458374
tube,2199.943298814153,1549.5057852317468,2199.943298814153,-7.720355380532241e-15,103.44794690519495,10.160000000000004,186.5758938103899
tube,2273.4504528233842,1599.5298074374834,2273.4504528233842,-7.790297865422757e-15,106.53548613899498,10.160000000000005,192.75097227798994
tube,2172.2326627971543,1530.6477912020048,2172.2326627971543,-7.713081575816264e-15,102.28401018299115,10.160000000000004,184.2480203659823
tube,2389.3477626745794,1678.4017169777885,2389.3477626745794,-8.169181295820136e-15,111.40354960955881,10.160000000000004,202.48709921911757
tube,2151.852113682938,1516.778161025238,2151.852113682938,-7.638012688257883e-15,101.42796092024005,10.16,182.53592184048014
tube,2255.0992778668965,1587.0412327416193,2255.0992778668965,-7.744026555958944e-15,105.7646771826672,10.160000000000004,191.20935436533438
tube,2276.499593867722,1601.6048476341316,2276.499593867722,-7.786629674773241e-15,106.66355996705528,10.16,193.00711993411065
tube,2152.529494684129,1517.239140948921,2152.529494684129,-7.556660048714923e-15,101.45641312255424,10.16,182.59282624510845
tube,2107.4159447982156,1486.5378949043638,2107.4159447982156,-7.34455940600662e-15,99.56149748983553,10.160000000000004,178.80299497967104
tube,2229.3325893163283,1569.5061585356434,2229.3325893163283,-7.74416010341127e-15,104.68239256836968,10.160000000000005,189.04478513673936
tube,2332.042515330987,1639.4036221085312,2332.042515330987,-8.060055459143906e-15,108.99654308263301,10.160000000000004,197.67308616526608
tube,2413.9474495199747,1695.1426083589683,2413.9474495199747,-8.15714477022167e-15,112.43681636159238,10.160000000000002,204.55363272318476
tube,2499.5130255101294,1753.3727810689686,2499.5130255101294,-8.673727059211384e-15,116.03084848667129,10.160000000000005,211.74169697334258
tube,2317.7534579023377,1629.6794512336799,2317.7534579023377,-8.009038908549708e-15,108.3963562570155,10.160000000000002,196.47271251403106
tube,2463.1479452757912,1728.6251547232735,2463.1479452757912,-8.267042997511271e-15,114.50339699603536,10.160000000000002,208.68679399207073
tube,2343.2236644231944,1647.012759722592,2343.2236644231944,-8.132785966767045e-15,109.46618766303432,10.160000000000002,198.61237532606856
tube,2412.5719800131033,1694.2065563776002,2412.5719800131033,-8.161755187204245e-15,112.37904217451356,10.160000000000002,204.4380843490271
tube,2266.970739534804,1595.120150638718,2266.970739534804,-7.7581031924865e-15,106.26331713351622,10.16,192.20663426703248
tube,2269.5146609829235,1596.8513723779567,2269.5146609829235,-7.856542480954042e-15,106.37017009748472,10.16,192.42034019496944
tube,2367.4588577600503,1663.5056013511899,2367.4588577600503,-8.202338600327826e-15,110.48414450376397,10.160000000000004,200.64828900752804
tube,2146.3428010644493,1513.028893617457,2146.3428010644493,-7.612879313770317e-15,101.19655189495373,10.160000000000004,182.0731037899074
tube,1997.6625316334948,1411.8471079828917,1997.6625316334948,-7.20407972047447e-15,94.95149763666498,10.160000000000002,169.58299527332997
tube,2222.154380352091,1564.621152586708,2222.154380352091,-7.804469173972518e-15,104.3808844756647,10.160000000000002,188.44176895132932
tube,2161.3818109951203,1523.2634316956103,2161.3818109951203,-7.605362815927362e-15,101.82823916164644,10.160000000000004,183.33647832329288
tube,1950.6614447526877,1379.8613312852385,1950.6614447526877,-6.8550187676617e-15,92.97729931907661,10.160000000000002,165.63459863815316
tube,2163.3511217055193,1524.6036120363506,2163.3511217055193,-7.640603240721153e-15,101.91095660818418,10.160000000000002,183.50191321636834
tube,2169.2779094920697,1528.6369849486778,2169.2779094920697,-7.615730074740516e-15,102.15990094656902,10.16,183.99980189313806
tube,2210.4377430833083,1556.6475977564328,2210.4377430833083,-7.717700769824518e-15,103.88874765247839,10.160000000000004,187.45749530495675
tube,1981.46237650541,1400.8223726249985,1981.46237650541,-7.203429214967327e-15,94.27103850005733,10.160000000000002,168.22207700011467
tube,2168.172653085303,1527.8848218187031,2168.172653085303,-7.545367464538021e-15,102.11347658739886,10.160000000000002,183.90695317479774
tube,2091.5221518998446,1475.7216490627468,2091.5221518998446,-7.284466235250122e-15,98.89390656199943,10.16,177.46781312399892
tube,2081.4724140396465,1468.8824737925788,2081.4724140396465,-7.287940851819328e-15,98.47178492838448,10.160000000000002,176.62356985676894
tube,1899.0768974535602,1344.7563598801378,1899.0768974535602,-6.920252929802043e-15,90.81058077595539,10.16,161.30116155191072
tube,1859.6759845439976,1317.9427501181992,1859.6759845439976,-6.889213302773209e-15,89.15561445199002,10.16,157.99122890398004
tube,1854.7502439804232,1314.5906225783267,1854.7502439804232,-6.975936033345474e-15,88.94871734856454,10.160000000000002,157.57743469712912
tube,1722.3684889613305,1224.5005090109073,1722.3684889613305,-6.349642984355124e-15,83.38825363629212,10.160000000000002,146.45650727258425
tube,1529.1154214379967,1092.9854766114768,1529.1154214379967,-6.140695363724291e-15,75.27099707707926,10.160000000000002,130.22199415415852
tube,1721.065179919247,1223.6135645856893,1721.065179919247,-6.307766885587078e-15,83.3335104231255,10.160000000000002,146.34702084625098
tube,1523.5369313625497,1089.1891316819267,1523.5369313625497,-6.1598969199996374e-15,75.03668237389891,10.160000000000002,129.75336474779783
tube,1533.155984076808,1095.7352116255984,1533.155984076808,-6.011328108880931e-15,75.44071383243605,10.160000000000002,130.5614276648721
tube,1549.9367672978888,1107.1550833890399,1549.9367672978888,-6.018333150944415e-15,76.14556123494158,10.16,131.97112246988314
tube,1357.897841928592,976.4663144314894,1357.897841928592,-5.449403156104807e-15,68.07930258996615,10.16,115.8386051799323
tube,1418.9958622807271,1018.0455153680124,1418.9958622807271,-5.5316251933513994e-15,70.64561790290887,10.160000000000002,120.97123580581777
tube,1347.3660969958498,969.2991175853913,1347.3660969958498,-5.593263838929228e-15,67.63693509365238,10.160000000000002,114.95387018730476
tube,1424.8171263500617,1022.0070759398346,1424.8171263500617,-5.470663705864778e-15,70.8901299024093,10.16,121.4602598048186
tube,1338.9208297639386,963.551837048731,1338.9208297639386,-5.5496748234849374e-15,67.28220643805543,10.160000000000004,114.24441287611083
tube,1102.885059385828,802.9217762350596,1102.885059385828,-5.039962515652104e-15,57.3679373924723,10.16,94.4158747849446
tube,877.7782156897665,649.729207436914,877.7782156897665,-4.203190368735452e-15,47.912718766796786,10.16,75.50543753359358
tube,718.8445892388132,541.5696770349848,718.8445892388132,-3.9678347342917705e-15,41.23699020878715,10.16,62.1539804175743
tube,564.870504352145,436.7852768593044,564.870504352145,-3.3613158370548082e-15,34.76957850602495,10.159999999999997,49.21915701204993
tube,724.6611198388239,545.528016326134,724.6611198388239,-3.989294320426685e-15,41.48130338720073,10.159999999999998,62.64260677440148
tube,644.9484858044509,491.2809620256442,644.9484858044509,-3.6578853496040045e-15,38.13311383574888,10.16,55.946227671497766
tube,527.7271162584798,411.50798656235645,527.7271162584798,-3.375178373141665e-15,33.20943555720327,10.16,46.09887111440655
tube,604.4337138793898,463.7093347771577,604.4337138793898,-3.726366861258943e-15,36.43136181510368,10.16,52.54272363020738
tube,770.246988440014,576.5506907026625,770.246988440014,-4.050967239846535e-15,43.39605794014333,10.16,66.47211588028665
tube,748.4817539898604,561.7387368714639,748.4817539898604,-3.779166086310639e-15,42.481847395557864,10.159999999999997,64.64369479111578
tube,802.8048957948783,598.707411398005,802.8048957948783,-4.310376168088884e-15,44.76359580340961,10.159999999999998,69.20719160681924
tube,663.4322528572499,503.85976997920426,663.4322528572499,-3.822762476429031e-15,38.90949209080647,10.159999999999998,57.498984181612954
tube,832.3755481346859,618.8312073634818,832.3755481346859,-4.301097774079548e-15,46.00565925286313,10.16,71.69131850572627
tube,609.1460535472767,466.91623602867054,609.1460535472767,-3.7562622150476594e-15,36.629295387742964,10.159999999999998,52.93859077548594
tube,705.8964913395129,532.7580729732182,705.8964913395129,-3.851396103156137e-15,40.69312803909747,10.159999999999997,61.06625607819496
tube,654.3024860635328,497.64666510556503,654.3024860635328,-3.867634151278728e-15,38.5260122302271,10.16,56.73202446045423
tube,502.6326193984488,394.4303607844584,502.6326193984488,-3.1966924203594005e-15,32.15538517731662,10.159999999999998,43.990770354633234
tube,733.0443601510887,551.2330855155097,733.0443601510887,-3.95917109712972e-15,41.83342671069712,10.16,63.34685342139426
tube,607.8773024783595,466.05280943434076,607.8773024783595,-3.770541661859252e-15,36.57600372170029,10.159999999999997,52.8320074434006
tube,407.8377178527218,329.9193302075088,407.8377178527218,-2.9625260761457352e-15,28.173691400274343,10.16,36.027382800548686
tube,317.70424389492985,268.5805535466884,317.70424389492985,-2.9081374242823405e-15,24.387792723141125,10.159999999999998,28.455585446282257
tube,110.64446841305714,127.66960486107826,110.64446841305714,-2.5563430996456467e-15,15.690609582819544,10.159999999999998,11.06121916563908
tube,57.645799379625515,77.57205586659288,57.645799379625515,-1.862468381060196e-15,11.792059346942827,10.16,3.264118693885658
tube,135.66970004220255,144.70009338417987,135.66970004220255,-2.478179212348722e-15,16.74175059802218,10.16,13.16350119604436
tube,333.6176343629878,279.4101361753768,333.6176343629878,-2.9245761955115493e-15,25.056206812560756,10.159999999999998,29.79241362512151
tube,369.7575089464631,304.00450271076545,369.7575089464631,-2.862948508167928e-15,26.574198934349056,10.16,32.82839786869811
tube,532.4655802488502,414.7326662696624,532.4655802488502,-3.2431397489806175e-15,33.4084664362437,10.159999999999998,46.496932872487406
tube,753.5105382057354,565.1609889865599,753.5105382057354,-3.875331533356639e-15,42.69307266708557,10.16,65.06614533417117
tube,718.0431241310628,541.0242538188692,718.0431241310628,-3.975248073534043e-15,41.20332607094839,10.159999999999995,62.08665214189681
tube,643.2126321642139,490.0996568558886,643.2126321642139,-3.830108744200284e-15,38.060202344471534,10.159999999999998,55.800404688943075
tube,587.6645671078896,452.29738199820196,587.6645671078896,-3.666624891824996e-15,35.72700318127798,10.16,51.13400636255597
tube,410.55480847602297,331.76839923360586,410.55480847602297,-3.090358537943205e-15,28.287818032087337,10.16,36.25563606417468
tube,372.4117333167767,305.8107891957912,372.4117333167767,-2.9867899712785244e-15,26.68568497933485,10.159999999999998,33.051369958669724
tube,331.6262539457736,278.0549366774029,331.6262539457736,-2.8552592502092796e-15,24.972562366650113,10.159999999999997,29.625124733300233
tube,515.5483301447551,403.2199243294566,515.5483301447551,-3.321826057532189e-15,32.69788698138081,10.159999999999998,45.07577396276165
tube,740.1760813208853,556.0864550000392,740.1760813208853,-3.8526157050114754e-15,42.1329821650343,10.159999999999998,63.945964330068634
tube,700.6461499614561,529.1850439636795,700.6461499614561,-3.895874381100229e-15,40.47259664709775,10.16,60.625193294195526
tube,693.8957491797123,524.59117547353,693.8957491797123,-3.9063991907412136e-15,40.18905788766095,10.160000000000002,60.05811577532189
tube,730.4594631364565,549.4739785632357,730.4594631364565,-3.9809471927224835e-15,41.724852639838566,10.160000000000002,63.12970527967714
tube,925.4014267879537,682.1383600098054,925.4014267879537,-4.284792279304561e-15,49.91304832229459,10.159999999999997,79.5060966445892
tube,1044.3813689155222,763.1081016254212,1044.3813689155222,-4.624076508978873e-15,54.91059236145019,10.16,89.50118472290038
tube,914.3693551910318,674.6306745065631,914.3693551910318,-4.268150905436732e-15,49.449665480927756,10.160000000000002,78.57933096185552
tube,1111.7237744474737,808.9368108867673,1111.7237744474737,-5.109551665041628e-15,57.739192134912535,10.16,95.15838426982504
tube,1214.844909621064,879.1141157400695,1214.844909621064,-5.119723258781725e-15,62.07061476953763,10.16,103.82122953907525
tube,1323.7358387674415,953.2179540812682,1323.7358387674415,-5.63912390011405e-15,66.64438749242329,10.159999999999998,112.96877498484665
tube,1308.2773964039013,942.6979785158594,1308.2773964039013,-5.3939863068242974e-15,65.99508270115261,10.16,111.67016540230523
tube,1107.713642311982,806.2077848253233,1107.713642311982,-5.063209467465673e-15,57.57075355953933,10.16,94.82150711907865
tube,1229.1892208402824,888.8758886263664,1229.1892208402824,-5.1952144553922984e-15,62.673122433833974,10.16,105.02624486766794
tube,1415.7060052827374,1015.8066600927764,1415.7060052827374,-5.501622701145713e-15,70.50743322290333,10.159999999999998,120.69486644580665
tube,1363.4204653501897,980.2246402760904,1363.4204653501897,-5.49629979292669e-15,68.31127071221921,10.16,116.3025414244384
tube,1228.6094716666516,888.4813503541891,1228.6094716666516,-5.247295246457703e-15,62.648771085404356,10.16,104.9775421708087
tube,1075.1921363036188,784.0758364367072,1075.1921363036188,-4.702423428831007e-15,56.20474467106467,10.159999999999998,92.08948934212934
tube,949.9031769871624,698.8126023004361,949.9031769871624,-4.4323781752928835e-15,50.94220141707125,10.160000000000002,81.56440283414253
tube,949.2657197554524,698.3787918075108,949.2657197554524,-4.3097183519202425e-15,50.91542614275541,10.160000000000002,81.51085228551082
tube,1017.9298972048261,745.1070100845341,1017.9298972048261,-4.520534468861658e-15,53.79954463011958,10.160000000000002,87.27908926023918
tube,974.4374116217008,715.5089513116461,974.4374116217008,-4.4386060677033274e-15,51.97271896364746,10.16,83.62543792729494
tube,1206.893636255769,873.70301418471,1206.893636255769,-4.9625367645068225e-15,61.736635460925925,10.16,103.15327092185183
tube,1104.4350325641558,803.9765836716423,1104.4350325641558,-5.0200849267983e-15,57.433041300573876,10.16,94.54608260114775
tube,1189.6327054281946,861.9563862727952,1189.6327054281946,-5.047215053285285e-15,61.01162029933563,10.160000000000002,101.70324059867126
tube,1139.8275798315517,828.0623695286139,1139.8275798315517,-4.9647278070520585e-15,58.91964324762357,10.159999999999998,97.51928649524717
tube,1090.1333686120256,794.243833645291,1090.1333686120256,-4.781947189729383e-15,56.83232496002175,10.159999999999998,93.34464992004351
tube,1260.793762404452,910.3838127232457,1260.793762404452,-5.110762178422926e-15,64.00061583717516,10.16,107.6812316743503
tube,1306.4901553404998,941.4817025241191,1306.4901553404998,-5.463013087536272e-15,65.9200127711861,10.159999999999998,111.52002554237222
tube,1542.7675984252514,1102.276229518076,1542.7675984252514,-6.0086821521766235e-15,75.84443285544768,10.159999999999998,131.3688657108954
tube,1433.550503391304,1027.9504246237914,1433.550503391304,-5.56056611888664e-15,71.25696010583435,10.16,122.19392021166871
tube,1208.6147173349514,874.8742661435612,1208.6147173349514,-5.084590808480017e-15,61.808926456654824,10.16,103.29785291330964
tube,1033.109766605334,755.4374076384348,1033.109766605334,-4.587741196214675e-15,54.437148452084216,10.16,88.55429690416842
tube,842.1137972684297,625.4584043686904,842.1137972684297,-4.226825037932371e-15,46.41469734819161,10.159999999999998,72.50939469638323
tube,962.7179630802967,707.5334833184144,962.7179630802967,-4.494599475012727e-15,51.480464057879495,10.16,82.64092811575901
tube,1097.6531065452768,799.3612612266534,1097.6531065452768,-4.749803054325598e-15,57.14817837877731,10.16,93.97635675755464
tube,1211.0191094851514,876.5105336325432,1211.0191094851514,-5.055386876050301e-15,61.909918736892614,10.159999999999997,103.49983747378525
tube,1284.7496067881686,926.6865482536908,1284.7496067881686,-5.4530310582475644e-15,65.00683911449377,10.160000000000002,109.69367822898752
tube,1308.1544881870855,942.6143354548523,1308.1544881870855,-5.422157979653712e-15,65.98992015681675,10.159999999999998,111.65984031363351
tube,1250.9809869042488,903.7058980884276,1250.9809869042488,-5.152598371883572e-15,63.58844739237936,10.159999999999998,106.85689478475872
tube,1084.3715679029508,790.3227398347539,1084.3715679029508,-4.7403224136080605e-15,56.59031061480073,10.160000000000002,92.86062122960146
tube,876.9769496510835,649.1839196938088,876.9769496510835,-4.1958474174064314e-15,47.87906299050545,10.16,75.43812598101096
tube,681.5025068480849,516.1571687709912,681.5025068480849,-3.878233038743063e-15,39.668501454091405,10.16,59.01700290818283
tube,784.3466505946027,586.1459718997273,784.3466505946027,-4.157022540394552e-15,43.988289549057875,10.159999999999998,67.65657909811577
tube,849.8029798346488,630.6911445641302,849.8029798346488,-4.250220787266183e-15,46.73766799192067,10.16,73.15533598384133
tube,710.1283542275064,535.6379940629945,710.1283542275064,-3.885176010737801e-15,40.87088002629999,10.159999999999997,61.42176005260001
tube,809.1248853794996,603.0083709927869,809.1248853794996,-4.227714614126014e-15,45.02905589450871,10.16,69.73811178901742
tube,635.86910909268,485.10214925067487,635.86910909268,-3.746356013014873e-15,37.75175052228795,10.159999999999998,55.183501044575905
tube,846.3018333140226,628.308499858945,846.3018333140226,-4.219667851518304e-15,46.59060846565526,10.16,72.86121693131054
tube,1020.7954291839968,747.0570983077738,1020.7954291839968,-4.458084281273945e-15,53.91990628104524,10.160000000000002,87.5198125620905
tube,998.1347185934485,731.6357436783045,998.1347185934485,-4.415100995281825e-15,52.96808282988401,10.159999999999998,85.61616565976804
tube,1054.307486542424,769.8631492840822,1054.307486542424,-4.6405398384031194e-15,55.32752154372441,10.160000000000004,90.33504308744878
tube,1011.1058894110548,740.4630496155315,1011.1058894110548,-4.519239732742462e-15,53.512914137087826,10.159999999999997,86.70582827417569
tube,802.7899118963442,598.6972143650343,802.7899118963442,-4.233249618906984e-15,44.762966431000585,10.16,69.20593286200118
tube,584.141914536076,449.90010172187164,584.141914536076,-3.678471202152152e-15,35.579040331006894,10.159999999999998,50.83808066201381
tube,501.39675219001856,393.58931273259003,501.39675219001856,-3.275395122089427e-15,32.103474740227504,10.159999999999998,43.88694948045503
tube,571.3160958768665,441.17171268188144,571.3160958768665,-3.15656210312131e-15,35.0403142865876,10.16,49.7606285731752
tube,347.3260910010288,288.73918922484756,347.3260910010288,-2.878666594391601e-15,25.632006519069353,10.159999999999997,30.944013038138714
tube,280.9378753682006,243.55983739470102,280.9378753682006,-2.7832318730354343e-15,22.843485820763007,10.159999999999998,25.366971641526018
tube,243.42968802357953,218.03428927745765,243.42968802357953,-2.8324384567866526e-15,21.268020118462847,10.159999999999997,22.216040236925696
tube,85.92522843576516,134.627170789548,85.92522843576516,-2.414671297344057e-15,14.148930900530582,10.16,7.977861801061167
tube,-37.21438899686973,21.603141297956192,-37.21438899686973,-1.854310326213836e-15,9.48005729751867,10.16,-1.3598854049626574
tube,126.49291941330102,138.4549940582055,126.49291941330102,-2.4628676444540587e-15,16.35629600365506,10.16,12.392592007310121
tube,50.46174508294563,63.07787910311857,50.46174508294563,-1.95167836483559e-15,11.193324019660867,10.16,2.0666480393217412
tube,82.1338323080237,126.97784585596087,82.1338323080237,-2.3967514487883726e-15,13.832947375399385,10.159999999999997,7.345894750798769
tube,56.55479697584549,75.37090578660654,56.55479697584549,-1.5527143793434953e-15,11.70113273999965,10.159999999999997,3.0822654799993066
tube,233.76800553771997,211.45919838009107,233.76800553771997,-2.4225510309225382e-15,20.86219807104875,10.159999999999998,21.40439614209749
tube,379.32550781864154,310.51583884528935,379.32550781864154,-3.0376125733953697e-15,26.97608596568611,10.16,33.63217193137223
tube,440.391735354626,352.073403730702,440.391735354626,-3.235129491209724e-15,29.541065877081316,10.16,38.76213175416265
tube,397.2103851353856,322.6870827479893,397.2103851353856,-2.870156215992009e-15,27.727308906520037,10.159999999999998,35.134617813040094
tube,227.86079522832827,207.4391485812123,227.86079522832827,-2.5570213577792532e-15,20.614076050295985,10.159999999999998,20.90815210059197
tube,331.2251856095516,277.7819965584771,331.2251856095516,-2.8198963866408037e-15,24.955716193781495,10.159999999999997,29.591432387562982
tube,470.61549747121614,372.64166225791047,470.61549747121614,-3.1874384676080355e-15,30.81056205858621,10.159999999999998,41.30112411717242
tube,542.6945913525999,421.69384284483544,542.6945913525999,-3.294399133496397e-15,33.83811812840195,10.159999999999997,47.35623625680391
tube,617.9985753160581,472.94066659610456,617.9985753160581,-3.704825669003742e-15,37.00113005672973,10.159999999999998,53.68226011345947
tube,404.7801896458845,327.8385822724944,404.7801896458845,-2.8686218674491036e-15,28.04526528414591,10.159999999999997,35.770530568291825
tube,339.5887570809971,283.4736804584456,339.5887570809971,-2.90590023685891e-15,25.307013362075292,10.159999999999998,30.294026724150562
tube,400.6683932978696,325.0403703897063,400.6683932978696,-2.864792036963706e-15,27.872556481621768,10.159999999999998,35.42511296324354
tube,614.0861029680458,470.27810121380554,614.0861029680458,-3.6630978001166744e-15,36.836793509648494,10.159999999999998,53.353587019296995
tube,492.93901270293003,387.83354441840225,492.93901270293003,-3.2845659878096488e-15,31.748222209400833,10.16,43.17644441880167
tube,489.49475181800665,385.489612248642,489.49475181800665,-3.3112285298765206e-15,31.603552064610458,10.159999999999997,42.88710412922093
tube,534.6186024057541,416.1978682576604,534.6186024057541,-3.4360610813480582e-15,33.49890036026485,10.159999999999998,46.6778007205297
tube,379.6767046430897,310.7548397695065,379.6767046430897,-2.877178738199141e-15,26.99083737306794,10.159999999999998,33.6616747461359
tube,581.0906408507622,447.82361019329545,581.0906408507622,-3.235132197258606e-15,35.45087692509834,10.159999999999998,50.58175385019669
