subject,xmin,xmax,ymin,ymax,zmin,zmax,surface_area,cg_x,cg_y,cg_z,density,mass,volume,cg_inert_tensor_x,cg_inert_tensor_y,cg_inert_tensor_z
uavwing,-0.018664582632977194,100.01866458263298,-6.050000000000001,6.049999999999999,-0.018664582632977194,200.018664582633,41739.112645965186,41.05340373041015,0.0,100.00000038445609,2.76799e-08,0.004304096391256128,155495.3735835797,15.185600592558707,17.534434315254323,2.4209080138931096
uavwing,-0.022464795087100378,100.0224647950871,-6.050000000000001,6.049999999999999,-0.022464795087100378,250.02246479508713,51948.091327763635,41.259880391988816,0.0,124.88149219275736,2.76799e-08,0.005441792151022717,196597.2474981021,29.637054820729645,32.60527155278758,3.0591397161258342
uavwing,-0.026376099554991594,100.026376099555,-6.050000000000001,6.049999999999999,-0.026376099554991594,300.026376099555,62156.97721357703,41.3944490755152,0.0,149.80398949015415,2.76799e-08,0.006579424283593243,237696.82273394204,51.16579192494951,54.75295721649002,3.696937044861079
uavwing,-0.03035558267639986,100.0303555826764,-6.050000000000001,6.049999999999999,-0.03035558267639986,350.0303555826764,72365.90120561435,41.489453895252076,0.0,174.74932718734817,2.76799e-08,0.007717065541686709,278796.72765027,81.19444579322963,85.40042147390126,4.334596181292044
uavwing,-0.03437957663110079,100.0343795766311,-6.050000000000001,6.049999999999999,-0.03437957663110079,400.0343795766312,82574.89145613568,41.56036503285493,0.0,199.70871292773174,2.76799e-08,0.008854772472324846,319899.0051381994,121.14643655513512,125.97125462974921,4.97228725340318
uavwing,-0.03843410293956041,100.03843410293956,-6.050000000000001,6.049999999999999,-0.03843410293956041,450.0384341029396,92783.88512882787,41.615170769252884,0.0,224.67734728457725,2.76799e-08,0.00999248666851149,361001.5451107659,172.4432506757466,177.88686047972772,5.609927554716446
uavwing,-0.04251042601004071,100.04251042601004,-6.050000000000001,6.049999999999999,-0.04251042601004071,500.0425104260101,102992.88726107609,41.65883921900277,0.0,249.65239557662613,2.76799e-08,0.01113025293259197,402105.966155657,236.50806443137623,242.5704198349172,6.247524223280691
uavwing,-0.046602826408344206,100.04660282640836,-6.050000000000001,6.049999999999999,-0.046602826408344206,550.0466028264084,113201.87997318702,41.69435620536393,0.0,274.6320707085381,2.76799e-08,0.01226797495190354,443208.7887565901,314.7611176552848,321.44218402373957,6.885084126556141
uavwing,-0.05070741157999572,100.05070741157999,-6.050000000000001,6.049999999999999,-0.05070741157999572,600.0507074115801,123410.87721474559,41.72396891258497,0.0,299.61519654392976,2.76799e-08,0.013405726371266318,484312.6735019388,408.62631380412586,415.926162083379,7.5227147868053335
uavwing,-0.05482146167871869,100.05482146167871,-6.055553324535554,6.0555533245355555,-0.05482146167871869,650.0548214616787,133619.87124913954,41.74883904146435,0.0,324.6009618259624,2.76799e-08,0.014543450498217288,525415.572246189,519.5241635651515,527.4426866479612,8.160238415864647
uavwing,-0.05894294729833459,100.05894294729833,-6.050000000000001,6.049999999999999,-0.05894294729833459,700.0589429472983,143828.86027314674,41.77010507085356,0.0,349.5887960459509,2.76799e-08,0.01568117581916076,566518.5141261623,648.8775825573006,657.4147630362085,8.797744801308307
uavwing,-0.06307045516992094,100.06307045516992,-6.050000000000001,6.049999999999999,-0.06307045516992094,750.06307045517,154037.83791296763,41.78849428658802,0.0,374.57827352718965,2.76799e-08,0.016818897213628413,607621.314153173,798.108546364605,807.2643696573058,9.435236523998206
uavwing,-0.0672028847128214,100.06720288471284,-6.0651890127891885,6.053158065896756,-0.0672028847128214,800.0672028847129,164246.81971208885,41.80455366019724,0.0,399.5690844503081,2.76799e-08,0.017956618805786244,648724.1213221956,968.6393118469858,978.413767963087,10.0727182701005
uavwing,-0.07133936576489316,100.0713393657649,-6.071192892987725,6.07119289298773,-0.07133936576489316,850.0713393657649,174455.80756282836,41.818700112263194,0.0,424.5609904964999,2.76799e-08,0.019094340193890065,689826.9211192982,1161.8920388861677,1172.2851208389166,10.71019296061221
uavwing,-0.07547920130820175,100.0754792013082,-6.072227944124715,6.072227944124713,-0.07547920130820175,900.0754792013082,184664.78515453739,41.83117066431372,0.0,449.55380287550577,2.76799e-08,0.02023203079097461,730928.6085200673,1379.2848985934172,1390.2965313136397,11.347592602466431
uavwing,-0.07962187167277457,100.07962187167277,-6.077613845177204,6.05033343155883,-0.07962187167277457,950.0796218716729,194873.82402405728,41.84225761160612,0.0,474.5473853169686,2.76799e-08,0.02136984806141017,772034.8722867557,1622.2545827437561,1633.8849091768966,11.985139954671753
uavwing,-0.020891498137670952,150.02089149813767,-9.017381407084802,9.017381407084804,-0.020891498137670952,200.0208914981377,68040.09961168366,62.3028491812041,0.0,100.00000185851157,2.76799e-08,0.009879323176153032,356913.2538828909,34.29903484563151,46.553365970841874,12.626288936905743
uavwing,-0.02434661752879012,150.02434661752878,-9.013749257853455,9.013749257853442,-0.02434661752879012,250.0243466175288,83353.59077485438,62.46287932620753,0.0,124.92210679193911,2.76799e-08,0.01243999783641302,449423.5107935007,66.86435637461278,82.25396731686597,15.857020161355553
uavwing,-0.02799634830634232,150.02799634830635,-9.016440977263839,9.01644097726384,-0.02799634830634232,300.0279963483064,98667.10018320424,62.56821036543073,0.0,149.87082907542532,2.76799e-08,0.015000680139324851,541934.0438124723,115.3854000615602,133.9098244261106,19.087286686566696
uavwing,-0.03177372305131925,150.03177372305134,-9.028843214886177,9.02884321488618,-0.03177372305131925,350.0317737230514,113980.58143897736,62.642673932544405,0.0,174.83451103947547,2.76799e-08,0.01756129707413997,634442.2152587245,183.06206776376814,204.72090985942992,22.317152712473373
uavwing,-0.03563806826741729,150.03563806826742,-9.035668440570692,9.035668440570692,-0.03563806826741729,400.0356380682675,129294.01011806302,62.6978095439187,0.0,199.8074122991932,2.76799e-08,0.020121820761040677,726947.0179097712,273.09310836316433,297.88564580986025,25.546299912971367
uavwing,-0.039563714799711144,150.0395637147997,-9.006551747232386,9.006551747232391,-0.039563714799711144,450.0395637147997,144607.42258452513,62.740344428617476,0.0,224.78644029851634,2.76799e-08,0.022682291803861204,819449.9186724374,388.6788115958187,416.6047229518571,28.775125545203313
uavwing,-0.04353467792026395,150.04353467792026,-9.04499355277182,9.04499355277182,-0.04353467792026395,500.0435346779203,159920.82692765925,62.77433578994395,0.0,249.7697229297884,2.76799e-08,0.025242774058583058,911953.2244908059,533.0211434059227,564.0804685029858,32.00399100763018
uavwing,-0.047538863858443026,150.04753886385848,-9.010886420878036,9.010886420878034,-0.047538863858443026,550.0475388638584,175234.32674330586,62.802403826248195,0.0,274.7560860478359,2.76799e-08,0.027803412705904026,1004462.1803512304,709.3269789044664,743.5203799747372,35.23351808669632
uavwing,-0.05156924525257656,150.05156924525258,-9.050483784989956,9.050483784989956,-0.05156924525257656,600.0515692452526,190547.8492440898,62.82581348215318,0.0,299.744749513973,2.76799e-08,0.03036408824370552,1096972.4689650438,920.7943169572449,958.1219112889612,38.46316278218397
uavwing,-0.055619580663712816,150.05561958066372,-9.042521126784166,9.042521126784166,-0.055619580663712816,650.0556195806637,205861.37022453954,62.84559124363526,0.0,324.7351762438763,2.76799e-08,0.03292475369286922,1189482.393103632,1170.62243907006,1211.084188554966,41.69276864930703
uavwing,-0.05968599030896794,150.05968599030896,-9.030391698286854,9.03039169828686,-0.05968599030896794,700.0596859903089,221174.87525035528,62.86250128850247,0.0,349.72698470780193,2.76799e-08,0.03548542875412411,1281992.664501104,1462.012587486382,1505.6084886433737,44.922371293387435
uavwing,-0.06376559325844204,150.06376559325844,-9.063419630458638,9.063419630458636,-0.06376559325844204,750.0637655932586,236488.38186194192,62.877146886453936,0.0,374.71989574632073,2.76799e-08,0.03804609693439894,1374502.687307358,1798.1652795187129,1844.8952949458526,48.15193681435647
uavwing,-0.06785570917839387,150.0678557091784,-9.060407333416647,9.060407333416643,-0.06785570917839387,800.0678557091785,251801.89122034798,62.889940092507,0.0,399.7137008853824,2.76799e-08,0.04060677151890395,1467012.9414811449,2182.2816973442127,2232.1458228502365,51.381498367180114
uavwing,-0.07195455316402576,150.07195455316403,-9.023581532469045,9.023581532469056,-0.07195455316402576,850.0719545531641,267115.4106179594,62.90121725288166,0.0,424.7082409555071,2.76799e-08,0.043167437770103886,1559522.8945951352,2617.562167215848,2670.5603884622965,54.6110447794874
uavwing,-0.07606103336477055,150.07606103336477,-9.04962051363629,9.049620513636293,-0.07606103336477055,900.0760610333649,282428.9241484601,62.91122312070859,0.0,449.70339249660447,2.76799e-08,0.04572810569887431,1652032.9083152146,3107.2077525225995,3163.3400694661836,57.84059079178285
uavwing,-0.08017378413189653,150.0801737841319,-9.077064282788347,9.07706428278835,-0.08017378413189653,950.0801737841321,297742.43851372227,62.92016926808802,0.0,474.69905826660147,2.76799e-08,0.04828877425398934,1744542.9446634324,3654.4193352812526,3713.685738247961,61.07012724352695
uavwing,-0.023659880027475134,200.02365988002748,-12.024327269465319,12.024327269465317,-0.023659880027475134,200.0236598800275,92306.73587512822,83.61669169411348,0.0,100.00000183994395,2.76799e-08,0.017824458697086473,643949.5336719595,61.24545990779878,100.44118275797227,40.389190827422574
uavwing,-0.026760079347972494,200.02676007934798,-12.028529075769718,12.02852907576972,-0.026760079347972494,250.026760079348,112724.6974934398,83.7116861822989,0.0,124.94221993208781,2.76799e-08,0.02237533004117819,808360.2195520283,119.19784364715954,168.2914940480662,50.58869710223127
uavwing,-0.030118797862028864,200.03011879786203,-12.027591694733603,12.0275916947336,-0.030118797862028864,300.03011879786203,133142.6356933839,83.77455832029463,0.0,149.90398769620273,2.76799e-08,0.026926173764447607,972769.9075664148,205.52807692357712,264.51936268236966,60.7879074000226
uavwing,-0.03365870689344164,200.03365870689345,-12.018993794685976,12.018993794685974,-0.03365870689344164,350.0336587068935,153560.61919158328,83.81922708398122,0.0,174.8768106130303,2.76799e-08,0.03147705783133847,1137181.0530868417,325.92555514075093,394.81423589578867,70.98688519020628
uavwing,-0.037328464501373185,200.03732846450137,-12.021931687863324,12.021931687863333,-0.037328464501373185,400.03732846450146,173978.5778334433,83.85253233607139,0.0,199.8565008519178,2.76799e-08,0.036027885648771595,1301590.166466338,486.07765770323056,564.8635263506242,81.18564715446259
uavwing,-0.041093350979239045,200.04109335097925,-12.043064309827791,12.043064309827791,-0.041093350979239045,450.0410933509793,194396.53912029194,83.87855144651641,0.0,224.84074497554985,2.76799e-08,0.04057880464498443,1466002.573888794,691.6743748261414,780.3576704027985,91.38465301033848
uavwing,-0.0449289580245823,200.04492895802457,-12.015212679994697,12.015212679994706,-0.0449289580245823,500.0449289580246,214814.42043674306,83.89878500156864,0.0,249.8281650732288,2.76799e-08,0.04512946856372656,1630405.7660514147,948.3957705644567,1046.9743735186603,101.58154152582813
uavwing,-0.04881938615223509,200.04881938615227,-12.050469652260581,12.050469652260578,-0.04881938615223509,550.0488193861522,235232.25756574466,83.91503635800868,0.0,274.8178884984608,2.76799e-08,0.049679969053231424,1794803.0539572549,1261.9277430279456,1370.400321042208,111.77709601402891
uavwing,-0.05275161971883519,200.05275161971883,-12.008733431428254,12.00873343142823,-0.05275161971883519,600.052751619719,255650.10794801998,83.92857086198332,0.0,299.80933658726974,2.76799e-08,0.054230479994912185,1959200.7194719699,1637.9630630701683,1756.3297222831138,121.97275728198134
uavwing,-0.05671793803997087,200.05671793803998,-12.055308310885875,12.055308310885875,-0.05671793803997087,650.05671793804,276067.89983625745,83.93996832552648,0.0,324.8021085058336,2.76799e-08,0.05878091885049925,2123595.7807108858,2082.185486267706,2210.4457517762658,132.16794469697516
uavwing,-0.0607108868122682,200.06071088681227,-12.049589109757042,12.049589109757047,-0.0607108868122682,700.0607108868122,296485.82171457965,83.95001589548258,0.0,349.7959199331322,2.76799e-08,0.06333160464795591,2287999.7632923494,2600.302801903921,2738.4586641811507,142.365119726557
uavwing,-0.06472571834940537,200.0647257183494,-12.02657947420643,12.026579474206434,-0.06472571834940537,750.0647257183496,316903.7980665772,83.95887520972497,0.0,374.7905613816731,2.76799e-08,0.06788238821750142,2452407.2781152176,3197.9993799421927,3346.051678832997,152.56313402767483
uavwing,-0.06875899379861107,200.0687589937986,-12.067338070643888,12.067338070643888,-0.06875899379861107,800.0687589937987,337321.79716171237,83.96670628652022,0.0,399.7858560660769,2.76799e-08,0.07243326992266358,2616818.3383127674,3880.963955532445,4038.913295928573,162.76175505991455
uavwing,-0.07280716521594424,200.07280716521595,-12.066829793239178,12.066829793239172,-0.07280716521594424,850.0728071652161,357739.78598166583,83.9736073914636,0.0,424.78171332815907,2.76799e-08,0.07698412474537969,2781228.427320174,4654.878727146049,4822.725043883047,172.96030891748953
uavwing,-0.07686786700590231,200.07686786700592,-12.022259664820096,12.0222596648201,-0.07686786700590231,900.0768678670061,378157.7661696877,83.97972639660836,0.0,449.77807536923683,2.76799e-08,0.08153497095019414,2945638.204986078,5525.432729795256,5703.176000304425,183.15883932163013
uavwing,-0.08093971668641169,200.0809397166864,-12.055433110723996,12.055433110723994,-0.08093971668641169,950.0809397166865,398575.78482154926,83.98534547024963,0.0,474.77479453705655,2.76799e-08,0.08608625226483824,3110063.7019945243,6498.346988459758,6685.9873060602995,193.35754284777138
uavwing,-0.026802189509333805,250.02680218950934,-15.029025971176047,15.029025971176047,-0.026802189509333805,200.02680218950934,116610.92473698883,104.79687889068168,0.0,100.00000183076332,2.76799e-08,0.028050989578035854,1013406.4638252252,96.2439807803983,192.36371437656823,99.04735114630658
uavwing,-0.02957485003434424,250.02957485003435,-15.030409086853442,15.030409086853437,-0.02957485003434424,250.02957485003435,142133.4019715431,104.85917741334134,0.0,124.95402325567578,2.76799e-08,0.03516175507851735,1270299.2091198792,186.93747393499194,307.22073205683563,123.9471541201408
uavwing,-0.032645267805610854,250.0326452678056,-15.026602342918995,15.026602342918988,-0.032645267805610854,300.0326452678056,167655.85995663863,104.90046835616991,0.0,149.92353088968463,2.76799e-08,0.042272499503383874,1527191.1930095076,321.9920686571126,466.4386481335908,148.84675340164492
uavwing,-0.03593707974456544,250.03593707974457,-15.006873029864911,15.006873029864938,-0.03593707974456544,350.03593707974454,193178.28633380245,104.92986076266676,0.0,174.90181973347921,2.76799e-08,0.04938319103748679,1784081.26609875,510.2954140096221,678.9051530983439,173.74617860844916
uavwing,-0.03939554448593264,250.03939554448593,-15.039320430172667,15.039320430172667,-0.03939554448593264,400.03939554448596,218700.72605028728,104.951843468939,0.0,199.88557402739784,2.76799e-08,0.05649390656464409,2040972.2059922214,760.7369382145273,953.5096422906447,198.645418630857
uavwing,-0.042979620892914315,250.0429796208929,-15.038357718096082,15.03835771809608,-0.042979620892914315,450.042979620893,244223.20886541493,104.96885530319122,0.0,224.8729649053404,2.76799e-08,0.06360467180658097,2297864.941946357,1082.2059483366925,1299.1414916976914,223.54454734100193
uavwing,-0.04666058062671657,250.0466605806267,-15.027414609838393,15.027414609838393,-0.04666058062671657,500.0466605806268,269745.65476805106,104.98242536186689,0.0,249.86288275736803,2.76799e-08,0.0707153233501891,2554753.5702870707,1483.5871974536851,1724.6850959898234,248.443162120481
uavwing,-0.050417569597978676,250.05041756959798,-15.050240366017064,15.050240366017059,-0.050417569597978676,550.0504175695979,295268.1200410316,104.9937796207185,0.0,274.8546441414498,2.76799e-08,0.07782619339700989,2811650.092558495,1973.7756371948162,2239.0374741786004,273.3433757853004
uavwing,-0.05423422225952565,250.05423422225954,-15.033221047306434,15.033221047306421,-0.05423422225952565,600.0542342222595,320790.48637245886,105.00268296202312,0.0,299.8477917009118,2.76799e-08,0.08493669390769826,3068533.264487887,2561.640645847133,2851.0616628837133,298.2388405133061
uavwing,-0.05809929988073803,250.05809929988075,-15.048497213856919,15.048497213856914,-0.05809929988073803,650.0580992998807,346312.8173217684,105.0099842116848,0.0,324.84199277446555,2.76799e-08,0.09204696248154502,3325408.0571658504,3256.0676996354177,3569.645156086751,323.1315569556089
uavwing,-0.06200350734672026,250.06200350734673,-15.060506522088028,15.060506522088032,-0.06200350734672026,700.0620035073467,371835.10237475095,105.01605234878707,0.0,349.837025256894,2.76799e-08,0.0991570765013324,3582277.2662232304,4065.941712533956,4403.673586197668,348.0222526529031
uavwing,-0.06593952464854395,250.06593952464854,-15.010916789283565,15.01091678928358,-0.06593952464854395,750.0659395246487,397357.42048491974,105.02137257670589,0.0,374.8327225751705,2.76799e-08,0.106267265415565,3839149.1810145625,5000.163740534156,5362.051049077019,372.91396727130666
uavwing,-0.06990295695974866,250.06990295695974,-15.063464840415007,15.063464840415005,-0.06990295695974866,800.0699029569598,422879.79224376264,105.02614576840477,0.0,399.82895973236907,2.76799e-08,0.11337755709089475,4096024.8082866897,6067.627243162601,6453.671446899684,397.8071426131569
uavwing,-0.07388857564341293,250.07388857564342,-15.073619290120108,15.073619290120106,-0.07388857564341293,850.0738885756434,448402.0183156291,105.0302310564768,0.0,424.82564068418804,2.76799e-08,0.12048764355465649,4352893.021819316,7277.192134824475,7687.391010138075,422.698091461857
uavwing,-0.07789296687388278,250.0778929668739,-15.039955172837624,15.039955172837615,-0.07789296687388278,900.077892966874,473924.4467102542,105.03418461729042,0.0,449.8226921266952,2.76799e-08,0.12759817870883103,4609777.445324262,8637.812218767556,9072.171178069504,447.5944517988692
uavwing,-0.0819138153312855,250.0819138153313,-15.048213188383258,15.048213188383256,-0.0819138153312855,950.0819138153314,499446.9353442103,105.03784247911567,0.0,474.8200550390853,2.76799e-08,0.13470882606598636,4866665.922419746,10158.351754997546,10616.872385126251,472.4923964101744
uavwing,-0.030201498649205613,300.0302014986492,-18.006057359769148,18.006057359769162,-0.030201498649205613,200.03020149864923,141742.02728104804,125.94604604363457,0.0,99.99999893189546,2.76799e-08,0.04056603074652172,1465541.0874505227,139.5822503244483,339.4552176738344,205.95745075224494
uavwing,-0.032687499601628034,300.03268749960165,-18.030857205135295,18.030857205135295,-0.032687499601628034,250.03268749960165,172369.04503288853,125.98934853584635,0.0,124.96180817543807,2.76799e-08,0.050808774360995096,1835583.7398615996,270.46535874459346,520.484117788675,257.63046406053866
uavwing,-0.03548981952361066,300.0354898195236,-18.036454244991603,18.036454244991614,-0.03548981952361066,300.0354898195236,202996.07377449752,126.01811966286711,0.0,149.93645098908587,2.76799e-08,0.06105153769306231,2205627.1046160683,465.26881827913013,765.4331815272395,309.3032985667755
uavwing,-0.03853945000064758,300.03853945000066,-18.01765006399109,18.017650063991123,-0.03853945000064758,350.0385394500007,233623.07036901682,126.03855870066876,0.0,174.91837860903757,2.76799e-08,0.07129428339931289,2575669.8325974043,736.7954746889907,1087.1052819724616,360.9759771393306
uavwing,-0.04178299627534191,300.04178299627534,-18.034762814169614,18.034762814169614,-0.04178299627534191,400.0417829962754,264250.04262321774,126.05389609414706,0.0,199.90484672097776,2.76799e-08,0.08153694205723053,2945709.4157576626,1097.8472044820523,1498.302261300479,412.6484279040731
uavwing,-0.0451781963550718,300.0451781963551,-18.041348065289842,18.041348065289835,-0.0451781963550718,450.04517819635515,294877.00146268285,126.06579380264557,0.0,224.89433513992677,2.76799e-08,0.0917795986346474,3315748.9237550492,1561.2285075997333,2011.828719632942,464.32079090413936
uavwing,-0.04869323505758024,300.04869323505756,-18.027498515706867,18.027498515706846,-0.04869323505758024,500.0486932350576,325504.00723306363,126.0752700915905,0.0,249.88594385783344,2.76799e-08,0.10202234474352273,3685791.66628213,2139.7449848780807,2640.490211026631,515.9930429613519
uavwing,-0.05230452538796637,300.05230452538797,-18.05260909931967,18.05260909931967,-0.05230452538796637,550.052304525388,356131.0580355137,126.08296917319961,0.0,274.87906867198427,2.76799e-08,0.1122650893290324,4055834.3537741248,2846.1987704478365,3397.0882833092764,567.6645870834386
uavwing,-0.05599269661268464,300.0559926966127,-18.032881954527568,18.032881954527607,-0.05599269661268464,600.0559926966127,386758.044741387,126.08940950694779,0.0,299.8733479905525,2.76799e-08,0.1225077925405436,4425875.546535341,3693.3908250863497,4294.424213874166,619.3357035182097
uavwing,-0.059744230193204094,300.0597442301932,-18.05396768269067,18.05396768269068,-0.059744230193204094,650.0597442301934,417385.03323633684,126.0947890431277,0.0,324.8685124848593,2.76799e-08,0.13275047266882595,4795915.905361867,4694.124438705724,5345.300914135298,671.0060330874282
uavwing,-0.06354744610263852,300.06354744610263,-18.05768642977235,18.05768642977236,-0.06354744610263852,700.0635474461027,448011.9348715984,126.09923103591575,0.0,349.8643879199633,2.76799e-08,0.142992731384951,5165941.039705743,5861.180297304507,6562.496724186965,722.6730872417246
uavwing,-0.06739343674632267,300.06739343674633,-18.022779912412602,18.022779912412595,-0.06739343674632267,750.0673934367463,478638.81793564506,126.10287470183832,0.0,374.860773758848,2.76799e-08,0.1532349801747711,5535965.815439041,7207.3692268395025,7958.820798250876,774.3354666002272
uavwing,-0.0712761365348346,300.07127613653483,-18.07133688114137,18.07133688114138,-0.0712761365348346,800.0712761365348,509265.64952402975,126.10583301736187,0.0,399.8576323848191,2.76799e-08,0.16347692088169827,5905979.46096981,8745.473282089919,9547.05457459185,825.9924120445094
uavwing,-0.0751889553075377,300.0751889553075,-18.067875195358464,18.067875195358464,-0.0751889553075377,850.0751889553077,539892.45160013,126.10834780347537,0.0,424.8548613000057,2.76799e-08,0.1737187319254437,6275988.422120156,10488.300408369512,11340.00918150841,877.6471189091691
uavwing,-0.07912742959942229,300.0791274295994,-18.013103494464783,18.013103494464833,-0.07912742959942229,900.0791274295995,570519.2992730665,126.11066507015522,0.0,449.852398895794,2.76799e-08,0.18396068921726794,6646002.6668184465,12448.678387615952,13350.517349102582,929.3045361588526
uavwing,-0.08308888572752274,300.08308888572753,-18.068609667478402,18.068609667478405,-0.08308888572752274,950.0830888857275,601146.2073526531,126.11286077244901,0.0,474.8501963314184,2.76799e-08,0.19420280338592605,7016022.579052888,14639.418589264,15591.390872780916,980.9650878587603
uavwing,-0.033781494698337786,350.03378149469836,-21.03621982274939,21.0362198227494,-0.033781494698337786,200.03378149469836,167685.2840941456,146.99135764836083,0.0,100.00000182256913,2.76799e-08,0.05533040031489534,1998937.8688107738,191.43750675922692,561.8059836780351,381.6483172587094
uavwing,-0.036020805722625664,350.0360208057226,-21.025364823968747,21.025364823968765,-0.036020805722625664,250.03602080572264,203416.72345773905,147.02262544582197,0.0,124.96731285981011,2.76799e-08,0.06926745878710538,2502446.135538979,369.91177165507037,833.1049342813251,477.3014740436367
uavwing,-0.03858180060055504,350.0385818006006,-21.02845733891567,21.028457338915647,-0.03858180060055504,300.03858180060064,239148.1917721896,147.04342537134312,0.0,149.94559215920495,2.76799e-08,0.08320453290351912,3005954.9674499948,635.3795236827151,1191.3974968271446,572.9547622886749
uavwing,-0.0414047900480812,350.0414047900481,-21.04257272154249,21.04257272154249,-0.0414047900480812,350.04140479004815,274879.6651195165,147.05825215123508,0.0,174.93010437878405,2.76799e-08,0.09714164692587404,3509465.241054846,1005.2627591132298,1654.105420985366,668.6079475571721
uavwing,-0.04443907220708785,350.04443907220707,-21.006367205437193,21.00636720543716,-0.04443907220708785,400.0444390722071,310611.1185887814,147.0693265683866,0.0,199.91850309814393,2.76799e-08,0.11107872399978883,4012974.1798123843,1496.9817935509757,2238.649069411538,764.2610546189964
uavwing,-0.047645878022604775,350.0476458780226,-21.049609406416764,21.049609406416753,-0.047645878022604775,450.04764587802265,346342.5169270864,147.0779227067779,0.0,224.90948848074154,2.76799e-08,0.12501569885485653,4516479.4256791575,2127.9552777757467,2962.4468814720144,859.913828197089
uavwing,-0.0509909276909659,350.050990927691,-21.01976761674481,21.019767616744833,-0.0509909276909659,500.05099092769103,382073.89570605446,147.08478737405497,0.0,249.90228215273618,2.76799e-08,0.1389526566873446,5019984.056566122,2915.6055383237913,3842.9214726249293,955.5666011520004
uavwing,-0.05445025684231223,350.0544502568423,-21.057658767073264,21.05765876707326,-0.05445025684231223,550.0544502568424,417805.33018465026,147.09037999278044,0.0,274.89639764129976,2.76799e-08,0.15288967083224778,5523490.721868495,3877.3568363893305,4897.4967534751995,1051.2190615641255
uavwing,-0.05800189727733929,350.05800189727734,-21.012000798128163,21.012000798128174,-0.05800189727733929,600.0580018972773,453536.821165758,147.0950220564613,0.0,299.8914840145939,2.76799e-08,0.16682678199544212,6027000.8921796,5030.633285493349,6143.596831520195,1146.871219504913
uavwing,-0.061631614700833164,350.06163161470084,-21.064531917047155,21.064531917047155,-0.061631614700833164,650.0616316147009,489268.2628537527,147.09893025972966,0.0,324.88733196665737,2.76799e-08,0.1807638289988623,6530508.744571415,6392.848869885124,7598.634830078739,1242.5221497297803
uavwing,-0.06532481287740301,350.0653248128774,-21.03838045375171,21.038380453751664,-0.06532481287740301,700.0653248128775,524999.6802770438,147.1022435608519,0.0,349.883769262872,2.76799e-08,0.19470063820962621,7034008.006157038,7981.417460144474,9280.024870183446,1338.1719740803555
uavwing,-0.06907233975846455,350.06907233975846,-21.055271859316736,21.05527185931678,-0.06907233975846455,750.0690723397586,560731.102429148,147.1050909086674,0.0,374.88068626637306,2.76799e-08,0.20863759437439958,7537512.576793975,9813.773062646482,11205.200397524395,1433.820401786303
uavwing,-0.07286548533308435,350.07286548533307,-21.07435187547767,21.074351875477674,-0.07286548533308435,800.0728654853332,596462.5211300878,147.10786165398957,0.0,399.87799849404433,2.76799e-08,0.2225748780089337,8041028.978028594,11907.340850377366,13391.594915934018,1529.4755952167247
uavwing,-0.07669700485896577,350.07669700485894,-21.033169100674716,21.03316910067469,-0.07669700485896577,850.0766970048589,632193.8089962988,147.1096840717043,0.0,424.87561679860033,2.76799e-08,0.23651133882637856,8544515.653104909,14279.47094303581,15856.531509444641,1625.1106081317337
uavwing,-0.0805623405292022,350.0805623405292,-21.05808344499457,21.05808344499457,-0.0805623405292022,900.0805623405294,667925.073069171,147.11115454856676,0.0,449.87350253455395,2.76799e-08,0.2504474655302395,9047990.25756016,16947.597648387073,18617.457405597306,1720.738279886046
uavwing,-0.08445642496737195,350.08445642496736,-21.087773579409312,21.08777357940932,-0.08445642496737195,950.0844564249675,703656.2750525209,147.11229013923236,0.0,474.87161102601937,2.76799e-08,0.26438332416532706,9551455.177414913,19929.12964649555,21691.78147886324,1816.3588416854254
uavwing,-0.03748933546607164,400.0374893354661,-24.03666752646912,24.036667526469113,-0.03748933546607164,200.0374893354661,194455.52002564352,168.0538086888321,0.0,99.99999992086896,2.76799e-08,0.07238327645799318,2615012.209509181,252.31061368723476,884.5305517778902,651.4740407479158
uavwing,-0.039519188149976965,400.03951918815,-24.02890421566166,24.028904215661697,-0.039519188149976965,250.03951918815,235291.4357580964,168.0766676541806,0.0,124.97144160510135,2.76799e-08,0.09058678731635252,3272655.8736249954,485.99464048826155,1276.5691361710751,814.6538526436065
uavwing,-0.04186693735926942,400.04186693735926,-24.04150797890445,24.041507978904463,-0.04186693735926942,300.0418669373593,276127.37327997776,168.0919018325602,0.0,149.95243930651174,2.76799e-08,0.10879028471891201,3930299.0516191176,833.3209799271465,1782.2500540322171,977.8336732276105
uavwing,-0.044481512083069,400.04448151208305,-24.02301033931357,24.023010339313593,-0.044481512083069,350.0444815120831,316963.3393116595,168.1027810675236,0.0,174.9388915162847,2.76799e-08,0.1269938188655765,4587943.557078476,1317.0446596203335,2424.3285710028526,1141.0137747479305
uavwing,-0.04731976005495027,400.04731976005496,-24.048654538930634,24.048654538930638,-0.04731976005495027,400.047319760055,357799.30981305137,168.1109226184906,0.0,199.9287411808554,2.76799e-08,0.14519740226238848,5245589.841812596,1959.9208948816151,3225.5594924999104,1304.193755299457
uavwing,-0.050342589976310824,400.0503425899763,-24.021779096461174,24.02177909646117,-0.050342589976310824,450.05034258997637,398635.2751011479,168.1172390256946,0.0,224.92083536968238,2.76799e-08,0.1634009537787055,5903234.97479057,2784.703278988205,4208.696317183789,1467.373485278016
uavwing,-0.05352015869594499,400.05352015869596,-24.05705815153944,24.057058151539437,-0.05352015869594499,500.053520158696,439471.1562561534,168.12223711931597,0.0,249.91454509348532,2.76799e-08,0.18160437313118388,6560875.333046141,3814.1402386806026,5396.487804875008,1630.5532431242202
uavwing,-0.05682502557320376,400.0568250255732,-24.027404441264327,24.027404441264345,-0.05682502557320376,550.0568250255733,480307.0341542708,168.12634796973106,0.0,274.9093870449653,2.76799e-08,0.19980772320632037,7218513.188498527,5070.988129807714,6811.689725844305,1793.7324486933658
uavwing,-0.06023759572405773,400.06023759572406,-24.055183389467203,24.055183389467203,-0.06023759572405773,600.0602375957241,521142.9081485545,168.12976155356284,0.0,299.90509035585393,2.76799e-08,0.21801112273395498,7876152.830536055,6578.004424604361,8477.059897034762,1956.9115472812891
uavwing,-0.0637396916473986,400.0637396916474,-24.056290302987684,24.05629030298768,-0.0637396916473986,650.0637396916475,561978.8472586689,168.13262017941273,0.0,324.9014580436243,2.76799e-08,0.2362145928174172,8533795.021565005,8357.946785649605,10415.355426139049,2120.089997622117
uavwing,-0.06731741378688327,400.0673174137869,-24.037987589371976,24.03798758937197,-0.06731741378688327,700.067317413787,602814.8420268412,168.1350635082623,0.0,349.8983429555091,2.76799e-08,0.2544181949960453,9191441.984835396,10433.572892726872,12649.333943060097,2283.2677744057883
uavwing,-0.07096002629496975,400.070960026295,-24.07489262842825,24.074892628428238,-0.07096002629496975,750.0709600262951,643650.7883777712,168.13716328111047,0.0,374.895641165532,2.76799e-08,0.27262167784287344,9849084.636970272,12827.623525739242,15201.735028298808,2446.4435560883617
uavwing,-0.07465692900274637,400.07465692900274,-24.043863375726666,24.04386337572665,-0.07465692900274637,800.0746569290029,684486.6765368099,168.13895973100514,0.0,399.89327684503974,2.76799e-08,0.2908248177779247,10506714.900629144,15562.8398481945,18095.300721055915,2609.6179673974793
uavwing,-0.07840138159053626,400.07840138159054,-24.05511675697998,24.055116756979924,-0.07840138159053626,850.0784013815907,725322.5924943306,168.1405379446215,0.0,424.89119260586693,2.76799e-08,0.3090282052446724,11164354.106939418,18662.004343301065,21352.812431580183,2772.7904835230242
uavwing,-0.08218670195847809,400.0821867019585,-24.086128619655582,24.086128619655582,-0.08218670195847809,900.0821867019586,766158.5215594302,168.14231031497798,0.0,449.88934653539746,2.76799e-08,0.32723216970627733,11822014.158514926,22147.88683973071,24997.05842529593,2935.979205717064
uavwing,-0.08600692633136639,400.0860069263314,-24.06388616109629,24.063886161096278,-0.08600692633136639,950.0860069263315,806994.3110696858,168.1432512740672,0.0,474.8877011357109,2.76799e-08,0.3454350098393818,12479633.591139482,26043.114439273115,29050.614255262793,3099.1327315558756
uavwing,-0.0412906832483836,450.0412906832484,-27.022341862282943,27.022341862282918,-0.0412906832483836,200.0412906832484,222047.78003622193,189.1050174799067,0.0,100.00000100152569,2.76799e-08,0.09171159099316556,3313291.9914149097,322.58083576213,1335.6736693330572,1043.9459147096563
uavwing,-0.043142662294963906,450.04314266229494,-27.047595204574012,27.04759520457401,-0.043142662294963906,250.043142662295,267988.1883485005,189.1217863467199,0.0,124.97463536002985,2.76799e-08,0.1147504112474641,4145622.319714453,619.1574304466906,1885.903427930635,1305.3282038850152
uavwing,-0.045302248414049576,450.04530224841403,-27.009112520624118,27.009112520624186,-0.045302248414049576,300.04530224841403,313928.60941588756,189.13296847727395,0.0,149.9577515355165,2.76799e-08,0.13778922178372635,4977952.296927602,1059.5807946085822,2579.980026571507,1566.7105528497088
uavwing,-0.04772998060262,450.04772998060264,-27.05199939456602,27.05199939456602,-0.04772998060262,350.0477299806027,359869.0404964228,189.14094286323242,0.0,174.94571263582222,2.76799e-08,0.16082802877757324,5810282.146162855,1672.6496387617499,3446.7022661301053,1828.0930541871294
uavwing,-0.05038473861026516,450.05038473861026,-27.015889337503147,27.015889337503154,-0.05038473861026516,400.0503847386103,405809.50967332436,189.14693772700184,0.0,199.93668998032476,2.76799e-08,0.18386688974369567,6642613.945270599,2487.1634443266043,4514.869891299478,2089.4760244313807
uavwing,-0.05323473006181932,450.05323473006183,-27.054736356314837,27.054736356314834,-0.05323473006181932,450.05323473006183,451749.9772409263,189.1515851607679,0.0,224.92967719742452,2.76799e-08,0.20690580445902193,7474947.686191855,3531.921675433638,5813.281655476205,2350.8587499342343
uavwing,-0.0562485080885081,450.0562485080885,-27.03467331783586,27.03467331783583,-0.0562485080885081,500.0562485080886,497690.4399572921,189.15529135484297,0.0,249.92405305894266,2.76799e-08,0.2299446754975696,8307279.849189108,4835.721635825775,7370.734771863616,2612.2410864486105
uavwing,-0.05940243153344193,450.05940243153344,-27.05758736836417,27.057587368364132,-0.05940243153344193,550.0594024315335,543630.8161867697,189.15827184503786,0.0,274.91948344178945,2.76799e-08,0.2529834072285077,9139606.979378816,6427.353866964162,9216.0203680433,2873.623558392168
uavwing,-0.06267449484205057,450.06267449484204,-27.05217999959641,27.052179999596383,-0.06267449484205057,600.0626744948421,589571.1749255684,189.16077516824305,0.0,299.91566282397486,2.76799e-08,0.27602201769974427,9971929.728783133,8335.618079067044,11377.937091109376,3135.005064065917
uavwing,-0.06604733915813864,450.06604733915816,-27.03589485150767,27.035894851507692,-0.06604733915813864,650.0660473391582,635511.5163791972,189.16288591606028,0.0,324.91243083617155,2.76799e-08,0.299060676709458,10804254.231751487,10589.31690510149,13885.288554108194,3396.38674897371
uavwing,-0.0695069981494345,450.06950699814945,-27.073835235642296,27.07383523564229,-0.0695069981494345,700.0695069981494,681451.9330375812,189.16467443548225,0.0,349.90967053691935,2.76799e-08,0.3220994185891342,11636581.728587683,13217.254138845372,16766.87746985342,3657.7675646920693
uavwing,-0.0730398528462618,450.07303985284625,-27.041273041101316,27.041273041101288,-0.0730398528462618,750.0730398528463,727392.3898928898,189.16622703881595,0.0,374.9072627818801,2.76799e-08,0.34513830215585695,12468914.34419405,16248.234801558468,20051.508646489576,3919.1473463458096
uavwing,-0.07663696769942699,450.0766369676994,-27.05922050453791,27.059220504537908,-0.07663696769942699,800.0766369676995,773332.8662755352,189.16754963893302,0.0,399.9051627045619,2.76799e-08,0.3681771374703722,13301245.216578534,19711.041757687373,23767.964850139026,4180.525833477329
uavwing,-0.08028929968617057,450.08028929968617,-27.084255103360558,27.084255103360558,-0.08028929968617057,850.0802892996862,819273.256797631,189.16866821467883,0.0,424.9033052061651,2.76799e-08,0.3912154784351405,14133558.229442319,23634.445706127513,27945.014918024866,4441.900728715692
uavwing,-0.08398904512808975,450.0839890451281,-27.04934629770007,27.0493462977001,-0.08398904512808975,900.0839890451282,865213.6756720308,189.16970270699778,0.0,449.90165685598646,2.76799e-08,0.41425421437765964,14965885.511785071,28047.29990831557,32611.514413706187,4703.275218874447
uavwing,-0.08773105889886548,450.08773105889884,-27.054059170966358,27.054059170966326,-0.08773105889886548,950.087731058899,911154.0849419844,189.1705939094802,0.0,474.9001821685959,2.76799e-08,0.4372928924620546,15798210.703870121,32978.37132180848,37796.22807621398,4964.646666723155
uavwing,-0.045162247527014344,500.045162247527,-30.014771241733484,30.01477124173348,-0.045162247527014344,200.04516224752703,250462.07638845665,210.14894975044814,0.0,100.00000260961608,2.76799e-08,0.11331533286631343,4093776.815173228,402.72858310687144,1947.2571232950304,1591.5661304253247
uavwing,-0.04686166933259034,500.0468616693326,-30.045834408130624,30.045834408130617,-0.04686166933259034,250.04686166933263,301507.00453100237,210.1611197770107,0.0,124.9771827142249,2.76799e-08,0.14175835003316842,5121346.176581867,770.0009280799441,2701.1373758627706,1989.9544508986
uavwing,-0.04885777812126318,500.04885777812126,-30.04585074180431,30.04585074180433,-0.04885777812126318,300.04885777812126,352551.89473460015,210.16919768767968,0.0,149.96199406761792,2.76799e-08,0.1702013227015302,6148913.930380175,1314.879550650828,3632.623369942283,2388.3422260057027
uavwing,-0.05111604608700553,500.05111604608703,-30.027947762047436,30.02794776204743,-0.05111604608700553,350.05111604608703,403596.80884375685,210.17498030390624,0.0,174.95116105686813,2.76799e-08,0.19864429709913944,7176481.746651521,2072.9187812200416,4777.270188638035,2786.730200332686
uavwing,-0.05360437901866761,500.0536043790187,-30.058051942352094,30.0580519423521,-0.05360437901866761,400.05360437901874,454641.7636991421,210.17930573789334,0.0,199.9430410655074,2.76799e-08,0.22708730993474488,8204050.951583816,3079.6727819948355,6170.6321176419915,3185.118572962885
uavwing,-0.05629046485913527,500.05629046485916,-30.01392198775996,30.013921987759982,-0.05629046485913527,450.0562904648592,505686.70796170214,210.18270644412203,0.0,224.93672920596507,2.76799e-08,0.255530326083589,9231620.276214473,4370.695643600058,7848.263437477875,3583.507428254947
uavwing,-0.05914970006868848,500.0591497000687,-30.060818173706878,30.06081817370688,-0.05914970006868848,500.05914970006876,556731.6725904492,210.18540324757288,0.0,249.93168178034927,2.76799e-08,0.2839734341050996,10259192.919956343,5981.543298619076,9845.71911357654,3981.895962789996
uavwing,-0.062156144241060744,500.06215614424104,-30.045950925095,30.04595092509504,-0.062156144241060744,550.0621561442412,607776.6326821703,210.1875998907104,0.0,274.92753736174075,2.76799e-08,0.31241648508325626,11286763.502875958,7947.76729008292,12198.550555699665,4380.283904019809
uavwing,-0.06529053561122171,500.0652905356112,-30.053204685837986,30.05320468583796,-0.06529053561122171,600.0652905356112,658821.5044169044,210.1893804652434,0.0,299.9241139686462,2.76799e-08,0.3408593893646898,12314328.78603932,10304.91097952373,14942.302106729645,4778.6721685512675
uavwing,-0.06853515142946916,500.06853515142944,-30.068503137106223,30.068503137106237,-0.06853515142946916,650.0685351514295,709866.3485207319,210.1909061500375,0.0,324.9212043629973,2.76799e-08,0.3693021391669449,13341888.488287345,13088.52867136821,18112.52627117033,5177.058867583794
uavwing,-0.07187415948913087,500.07187415948914,-30.013746059729858,30.013746059729833,-0.07187415948913087,700.0718741594891,760911.2095427737,210.19220554312167,0.0,349.9187108497138,2.76799e-08,0.3977449213673809,14369449.36099411,16334.17925455258,21744.783797929915,5575.446083358334
uavwing,-0.0752969946550727,500.07529699465505,-30.06897923688095,30.068979236880967,-0.0752969946550727,750.0752969946552,811956.0449803116,210.19331585573863,0.0,374.9165595273179,2.76799e-08,0.4261877489945183,15397011.87484486,20077.41994344415,25874.630992775536,5973.832927789214
uavwing,-0.07879108897186528,500.07879108897185,-30.078640860345327,30.078640860345327,-0.07879108897186528,800.078791088972,863000.9683951087,210.19428417289393,0.0,399.9146612432584,2.76799e-08,0.45463064531057784,16424576.870240781,24353.809469482978,30537.62423869012,6372.217110019026
uavwing,-0.08234711773540276,500.0823471177354,-30.017701557592375,30.017701557592332,-0.08234711773540276,850.0823471177355,914045.9813094068,210.19512709590364,0.0,424.9129930762072,2.76799e-08,0.48307380929961036,17452151.535938002,29198.91668342803,35769.33539599753,6770.601738602392
uavwing,-0.08595924178582863,500.0859592417858,-30.076715436192156,30.07671543619216,-0.08595924178582863,900.085959241786,965090.8995043319,210.1958580859221,0.0,449.9115103920225,2.76799e-08,0.5115167675598048,18479718.76920815,34648.2566031621,41605.274730303296,7168.9817298922335
uavwing,-0.08961916541675227,500.08961916541676,-30.09288442826845,30.092884428268455,-0.08961916541675227,950.0896191654168,1016135.7736728117,210.19645449394466,0.0,474.91017790289203,2.76799e-08,0.5399590949012162,19507263.209087323,40737.34801780629,48080.96238779113,7567.357763186836
uavwing,-0.04908779316718113,550.0490877931671,-33.03212662175778,33.032126621757826,-0.04908779316718113,200.04908779316722,279698.4250338818,231.18787171791612,0.0,100.00000359739607,2.76799e-08,0.13719452765270165,4956467.604749354,493.29089952604147,2755.0718252509578,2330.662488491246
uavwing,-0.050655232248384835,550.0506552322483,-33.03260568272648,33.03260568272647,-0.050655232248384835,250.0506552322484,335847.8456326566,231.196434572731,0.0,124.97926647797694,2.76799e-08,0.17161058237570764,6199826.674796789,939.196077944309,3767.009656963773,2913.942844751095
uavwing,-0.05250781301004787,550.05250781301,-33.05811644265726,33.058116442657266,-0.05250781301004787,300.05250781301004,391997.25981467194,231.2021529935289,0.0,149.96546089669678,2.76799e-08,0.20602660760490768,7443184.679312702,1600.0231660486547,4993.868606524015,3497.222401238629
uavwing,-0.05461526425540951,550.0546152642554,-33.0332754081847,33.03327540818466,-0.05461526425540951,350.05461526425546,448146.631683503,231.20618188076958,0.0,174.9556141107937,2.76799e-08,0.2404425939514276,8686541.279102439,2518.791572531217,6478.669009142236,4080.502071997402
uavwing,-0.05695073099866825,550.0569507309987,-33.04722761453352,33.04722761453351,-0.05695073099866825,400.05695073099866,504296.04764874553,231.20922988169508,0.0,199.9482332432196,2.76799e-08,0.27485859089241793,9929898.261641767,3738.5222677005454,8264.43210111965,4663.782123451448
uavwing,-0.05948677274569768,550.0594867727457,-33.06113867706746,33.061138677067454,-0.05948677274569768,450.05948677274574,560445.4915624318,231.2115956515911,0.0,224.9424943672331,2.76799e-08,0.30927464473962424,11173257.300048925,5302.235826781495,10394.17819283133,5247.062421983313
uavwing,-0.062197980641784625,550.0621979806418,-33.01550042461263,33.01550042461262,-0.062197980641784625,500.0621979806418,616594.9374546981,231.21352468298636,0.0,249.93790534550095,2.76799e-08,0.3436907083730928,12416616.692007296,7252.953315450513,12910.929238003191,5830.343671250748
uavwing,-0.0650646700755568,550.0650646700756,-33.06689999104154,33.066899991041545,-0.0650646700755568,550.0650646700757,672744.3991039139,231.2150778400095,0.0,274.9341517475146,2.76799e-08,0.37810687194832326,13659979.6945915,9633.696854723325,15857.705585334166,6413.624332831697
uavwing,-0.06806505227003286,550.0680650522701,-33.05612795622588,33.05612795622591,-0.06806505227003286,600.0680650522702,728893.8565514545,231.21636345868046,0.0,299.9310090604683,2.76799e-08,0.41252296381112485,14903340.106399402,12487.4835872627,19277.5242947339,6996.90412421235
uavwing,-0.0711830284913253,550.0711830284913,-33.04560163437236,33.04560163437238,-0.0711830284913253,650.0711830284913,785043.2249670564,231.2174024788002,0.0,324.92837877244654,2.76799e-08,0.446938904087292,16146695.041791767,15857.320496650498,23213.393898884213,7580.184536660888
uavwing,-0.07440435765100033,550.074404357651,-33.079176150900985,33.079176150901,-0.07440435765100033,700.074404357651,841192.5669186228,231.21829749930072,0.0,349.92611138790136,2.76799e-08,0.4813547109023166,17390045.155593645,19786.229377939762,27708.33437998519,8163.463679437824
uavwing,-0.07771488035991811,550.07771488036,-33.046154578652796,33.04615457865281,-0.07771488035991811,750.0777148803601,897341.8965208957,231.21908942493073,0.0,374.9241466251296,2.76799e-08,0.5157703983622111,18633390.957417153,24317.228766106335,32805.36399931983,8746.741290229245
uavwing,-0.08110485714299817,550.081104857143,-33.0509267196132,33.05092671961318,-0.08110485714299817,800.0811048571431,953491.1963993917,231.21977028392595,0.0,399.9224276399715,2.76799e-08,0.5501861790141717,19876740.126018215,29493.348850212737,38547.51473636915,9330.019480151259
uavwing,-0.08456468539008763,550.0845646853901,-33.0890970448558,33.089097044855805,-0.08456468539008763,850.0845646853902,1009640.5953813064,231.22034570900107,0.0,424.92091244525517,2.76799e-08,0.584602059498285,21120092.901285227,35357.61814039162,44977.81302102944,9913.296184980192
uavwing,-0.0880852045362863,550.0880852045362,-33.071521006204506,33.07152100620449,-0.0880852045362863,900.0880852045364,1065790.0141653658,231.22086814313548,0.0,449.9195640758187,2.76799e-08,0.6190180135747263,22363448.335244212,41953.054214822005,52139.27469162854,10496.569590855688
uavwing,-0.09165975963289894,550.0916597596329,-33.03190409754159,33.03190409754162,-0.09165975963289894,950.091659759633,1121939.5375100626,231.22131297056967,0.0,474.9183577923322,2.76799e-08,0.6534342729593151,23606814.79916167,49322.70188313906,60074.948075033455,11079.84346961631
uavwing,-0.05305490717107974,600.053054907171,-36.04561260370272,36.045612603702736,-0.05305490717107974,200.05305490717112,309776.120650414,252.29357896034335,0.0,100.00000365445007,2.76799e-08,0.16340140062749933,5903251.1182301715,595.0507725927606,3801.4940219831215,3304.0460685535304
uavwing,-0.05450792530884394,600.0545079253088,-36.01834002404983,36.018340024049834,-0.05450792530884394,250.05450792530888,371030.1347989843,252.2992403121821,0.0,124.98100792567136,2.76799e-08,0.20437238802361538,7383422.195297503,1127.8441806098629,5136.614177785261,4130.808349296345
uavwing,-0.0562340018742479,600.0562340018743,-36.05492691178359,36.054926911783596,-0.0562340018742479,300.0562340018743,432284.1678593292,252.30300255955027,0.0,149.9683572544495,2.76799e-08,0.24534336416890473,8863592.865902865,1916.5118702778354,6727.608993132879,4957.571011877376
uavwing,-0.05820721025458303,600.0582072102546,-36.05981628801246,36.059816288012456,-0.05820721025458303,350.05820721025464,493538.1441783196,252.3056348198422,0.0,174.9593287071231,2.76799e-08,0.286314319990445,10343762.802266084,3012.267086502455,8625.690143565273,5784.332512843549
uavwing,-0.060402997298411226,600.0604029972984,-36.012114719538275,36.012114719538275,-0.060402997298411226,400.06040299729847,554792.1458094106,252.30763704908912,0.0,199.95256589687446,2.76799e-08,0.3272852759177762,11823932.742451243,4466.324001791584,10882.073232919798,6611.094227688734
uavwing,-0.06280040485205772,600.062800404852,-36.062187573931624,36.062187573931624,-0.06280040485205772,450.0628004048521,616046.1609385675,252.30918753380067,0.0,224.94731895481354,2.76799e-08,0.3682562567286714,13304103.58161234,6329.896552819103,13547.97246283973,7437.856471558275
uavwing,-0.06537499920325607,600.0653749992033,-36.0617144102706,36.06171441027056,-0.06537499920325607,500.0653749992033,677300.2028362666,252.3104266007542,0.0,249.94310352017132,2.76799e-08,0.40922722991967353,14784274.145487286,8654.197890275329,16674.6018409561,8264.6200516539
uavwing,-0.06810687838948057,600.0681068783895,-36.02381827709455,36.02381827709453,-0.06810687838948057,550.0681068783895,738554.254622783,252.3114487125819,0.0,274.9396810377291,2.76799e-08,0.4501983196619459,16264448.92004472,11490.446750757326,20313.17721137083,9091.382285856247
uavwing,-0.07097963904722132,600.0709796390472,-36.07290848998319,36.072908489983185,-0.07097963904722132,600.0709796390472,799808.3177425291,252.31229495004797,0.0,299.9368007826015,2.76799e-08,0.49116933644900884,17744621.058927555,14889.853107924793,24514.90896610996,9918.14332863558
uavwing,-0.07397492755079242,600.0739749275508,-36.06547043877315,36.065470438773154,-0.07397492755079242,650.0739749275509,861062.3618658689,252.3130017337012,0.0,324.9343759635782,2.76799e-08,0.5321403270818084,19224792.252927516,18903.631449177145,29331.01130860376,10744.903044178685
uavwing,-0.07707890000129516,600.0770789000013,-36.03530012798219,36.03530012798214,-0.07707890000129516,700.0770789000014,922316.30414378,252.31349958536464,0.0,349.9322978383878,2.76799e-08,0.5731113019997992,20704962.8791939,23582.979371549824,34812.68434961978,11571.663953559617
uavwing,-0.0802802371719588,600.0802802371719,-36.08551740301506,36.08551740301506,-0.0802802371719588,750.080280237172,983570.2624720852,252.31401102445778,0.0,374.9304969811662,2.76799e-08,0.614081986315763,22185123.00679421,28979.109833342263,41011.13841736628,12398.422836935619
uavwing,-0.08356599255068382,600.0835659925507,-36.069525628339214,36.069525628339214,-0.08356599255068382,800.0835659925508,1044824.193242976,252.31446979791664,0.0,399.92892143202937,2.76799e-08,0.6550525709074955,23665279.531627476,35143.23605918327,47977.58533899742,13225.178693891517
uavwing,-0.08692699928195059,600.0869269992819,-36.02248715404361,36.022487154043596,-0.08692699928195059,850.086926999282,1106078.138928099,252.3148510226208,0.0,424.92753132590866,2.76799e-08,0.6960231119015142,25145434.481393147,42126.57997446282,55763.25090053165,14051.935538872392
uavwing,-0.0903563927101436,600.0903563927102,-36.082696130579684,36.08269613057968,-0.0903563927101436,900.0903563927102,1167332.0285374327,252.31518142348023,0.0,449.9263061647924,2.76799e-08,0.7369938504970412,26625596.56996742,49980.36902591003,64419.36159253698,14878.692643304072
uavwing,-0.09384504962570449,600.0938450496257,-36.09775828041226,36.097758280412265,-0.09384504962570449,950.0938450496258,1228586.0175861672,252.31546217784881,0.0,474.92519141280286,2.76799e-08,0.7779648038488092,28105766.417104438,58755.82471971119,73997.1364459443,15705.447603033828
uavwing,-0.05705492396227512,650.0570549239623,-39.056193937354024,39.05619393735407,-0.05705492396227512,200.0570549239623,340659.81814983103,273.3320822936082,0.0,100.00000379857615,2.76799e-08,0.19184038312169543,6930674.717816735,708.3145422646988,5125.238759174933,4551.375354327623
uavwing,-0.058408491886998426,650.058408491887,-39.02693460807889,39.026934608078854,-0.058408491886998426,250.058408491887,407018.3925186294,273.3354575311048,0.0,124.98247504419791,2.76799e-08,0.23992455515415487,8667825.937021263,1336.1057083645853,6858.125682048224,5690.128044083509
uavwing,-0.06002220771888996,650.0600222077189,-39.042324751358485,39.04232475135855,-0.06002220771888996,300.06002220771893,473376.9260827503,273.33764822500837,0.0,149.970796880777,2.76799e-08,0.2880085570682699,10404971.010309642,2264.2106165553223,8891.327347815663,6828.881399493398
uavwing,-0.06187513754248041,650.0618751375425,-39.06813662019009,39.0681366201901,-0.06187513754248041,350.0618751375425,539735.4506396513,273.3392186218464,0.0,174.962469459325,2.76799e-08,0.3360925638570546,12142116.259706667,3552.7353012175645,11284.946423365094,7967.632437091275
uavwing,-0.06394560917980618,650.0639456091798,-39.05244026006925,39.05244026006923,-0.06394560917980618,400.0639456091798,606093.9115940683,273.3403303499868,0.0,199.9562179824144,2.76799e-08,0.38417649728888037,13879258.858914966,5261.782786467519,14099.087869807876,9106.382999684442
uavwing,-0.06621378179391521,650.0662137817939,-39.02973134781439,39.029731347814305,-0.06621378179391521,450.066213781794,672452.413064757,273.3412279548753,0.0,224.95136992901038,2.76799e-08,0.43226047742131585,15616403.145290114,7451.460247262856,17393.859878601874,10245.13417607772
uavwing,-0.06866123215534622,650.0686612321554,-39.073535655213625,39.07353565521365,-0.06866123215534622,500.0686612321554,738810.9328304617,273.3419435464074,0.0,249.94749721650373,2.76799e-08,0.48034446447540063,17353547.68172575,10181.872096369403,21229.366972762913,11383.886038859186
uavwing,-0.07126761081298147,650.071267610813,-39.06020345432218,39.060203454322235,-0.07126761081298147,550.0712676108132,805169.4851284431,273.3425276947613,0.0,274.9443139284787,2.76799e-08,0.5284284818447997,19090693.313371785,13513.123759104794,25665.7158279156,12522.639887740366
uavwing,-0.07401674557974364,650.0740167455798,-39.03175186250087,39.03175186250093,-0.07401674557974364,600.0740167455798,871528.043902964,273.34302202838313,0.0,299.9416828892089,2.76799e-08,0.5765126115518585,20827843.003473945,17505.325809350972,30763.01271882648,13661.39160109329
uavwing,-0.07689460896782309,650.0768946089678,-39.07898419748103,39.07898419748102,-0.07689460896782309,650.0768946089679,937886.6124701573,273.3434349166526,0.0,324.93942952597075,2.76799e-08,0.6245966460459434,22564989.253788613,22218.577911405275,36581.35808159986,14800.141608183496
uavwing,-0.07988555655091914,650.079885556551,-39.0742802492445,39.07428024924448,-0.07988555655091914,700.0798855565511,1004245.1606284279,273.34378060962035,0.0,349.93751098749794,2.76799e-08,0.672680662809343,24302134.86354152,27712.986820995913,43180.858487090125,15938.889961443367
uavwing,-0.08297743779037366,650.0829774377904,-39.023520439888316,39.02352043988835,-0.08297743779037366,750.0829774377905,1070603.6031415083,273.3439665268224,0.0,374.9358484336192,2.76799e-08,0.7207647002916946,26039281.22181419,34048.638210431855,50621.602855923426,17077.639990357035
uavwing,-0.08616140618023431,650.0861614061803,-39.087054900505734,39.08705490050575,-0.08616140618023431,800.0861614061804,1136962.0617612652,273.3442109228494,0.0,399.9343938001996,2.76799e-08,0.7688483429446773,27776413.31596853,41285.632652158594,58963.68848119953,18216.387405106783
uavwing,-0.0894254638321556,650.0894254638322,-39.086663245248005,39.08666324524798,-0.0894254638321556,850.0894254638323,1203320.489116987,273.3444466745556,0.0,424.93311044182195,2.76799e-08,0.8169319262827164,29513543.267234214,49484.077033248934,68267.22008911308,19355.130765609963
uavwing,-0.09276130558804772,650.092761305588,-39.03501825427055,39.03501825427049,-0.09276130558804772,900.0927613055882,1269678.9254224955,273.3446280560612,0.0,449.93196972441046,2.76799e-08,0.8650154009594005,31250669.292858735,58704.0823607979,78592.31374999865,20493.875206681085
uavwing,-0.09616296278411876,650.0961629627841,-39.06545110925128,39.065451109251256,-0.09616296278411876,950.0961629627842,1336037.284767313,273.34479377440084,0.0,474.93094915275566,2.76799e-08,0.913098924709759,32987797.091382515,69005.76064370932,89999.07959146568,21632.619006396108
uavwing,-0.061081382432461695,700.0610813824325,-42.064653895629064,42.06465389562902,-0.061081382432461695,200.0610813824325,372339.76836894633,294.2867879235705,0.0,100.00000298711045,2.76799e-08,0.22248476068768333,8037773.282695506,833.6828025750597,6770.322799805156,6117.445770252987
uavwing,-0.06234775961141934,700.0623477596114,-42.0439811238811,42.04398112388109,-0.06234775961141934,250.06234775961144,443802.65427859075,294.288149558237,0.0,124.9837253058068,2.76799e-08,0.2782330570716873,10051808.607389739,1564.6649373755909,8986.496157489664,7647.892589658141
uavwing,-0.06386140243028018,700.0638614024302,-42.02273818559202,42.022738185592,-0.06386140243028018,300.06386140243035,515265.5420846339,294.28906670035855,0.0,149.97287686728475,2.76799e-08,0.33398131920315344,12065842.694632329,2643.8468289447856,11550.868854294818,9178.338966640395
uavwing,-0.06560633706562458,700.0656063370657,-42.064168171276705,42.06416817127669,-0.06560633706562458,350.0656063370657,586728.4455818528,294.2896829136395,0.0,174.96514033743492,2.76799e-08,0.3897296317822137,14079878.604410192,4140.914795796236,14533.130460355105,10708.788249040284
uavwing,-0.06756298939667557,700.0675629893967,-42.072439645498775,42.072439645498775,-0.06756298939667557,400.06756298939666,658191.2812179081,294.29010810736196,0.0,199.9593450224817,2.76799e-08,0.44547786263992795,16093911.561816622,6125.551620811086,18002.95814752091,12239.234728786625
uavwing,-0.06971336598462109,700.0697133659846,-42.037147675192486,42.03714767519249,-0.06971336598462109,450.0697133659847,729654.1580595307,294.29047345420105,0.0,224.95483629562275,2.76799e-08,0.5012261087226055,18107945.06925984,8667.444676606634,22030.04291894946,13769.682005934092
uavwing,-0.07204161144525133,700.0720416114452,-42.05072964793754,42.05072964793752,-0.07204161144525133,500.0720416114453,801117.0386023576,294.29076840702555,0.0,249.9512301320014,2.76799e-08,0.556974330683074,20121977.70523282,11836.278271256457,26684.06823653567,15300.129242385241
uavwing,-0.07453057584245021,700.0745305758425,-42.08167006198869,42.081670061988696,-0.07453057584245021,550.0745305758425,872579.9388070437,294.2910084480974,0.0,274.9482801798747,2.76799e-08,0.6127225622718105,22136010.68904911,15701.738295891513,32034.721196953127,16830.577680977753
uavwing,-0.07716360120111007,700.0771636012012,-42.056914677831344,42.05691467783139,-0.07716360120111007,600.0771636012013,944042.8915416528,294.2912330070661,0.0,299.9458215883072,2.76799e-08,0.6684709295279477,24150048.574162032,20333.51468178917,38151.69372831152,18361.029631575042
uavwing,-0.07992736868946505,700.0799273686895,-42.039487681007685,42.0394876810077,-0.07992736868946505,650.0799273686896,1015505.8317156686,294.291409399809,0.0,324.94374206686643,2.76799e-08,0.7242193367865581,26164087.904456235,25801.294226809685,45104.666566663196,19891.478765110656
uavwing,-0.0828095800961624,700.0828095800962,-42.08514544308498,42.08514544308498,-0.0828095800961624,700.0828095800963,1086968.7848087824,294.2915561564085,0.0,349.9419598199212,2.76799e-08,0.7799678415528534,28178130.757439636,32174.763449110666,52963.32925343061,21421.92827835927
uavwing,-0.08579678411644653,700.0857967841165,-42.08271709382804,42.082717093828045,-0.08579678411644653,750.0857967841166,1158431.7340777563,294.29167675635364,0.0,374.94040163270165,2.76799e-08,0.835716222870632,30192169.150561668,39523.60206839652,61797.359220884086,22952.37554184005
uavwing,-0.08887814441417571,700.0888781444141,-42.01273441087432,42.01273441087428,-0.08887814441417571,800.0888781444143,1229894.598619434,294.29173529453044,0.0,399.9390640273275,2.76799e-08,0.891464458008024,32206202.262581293,47917.47398750909,71676.425199018,24482.825463613874
uavwing,-0.09204685101574667,700.0920468510158,-42.08483370848698,42.08483370848701,-0.09204685101574667,850.0920468510159,1301357.4169134886,294.29179297885184,0.0,424.93787177240256,2.76799e-08,0.9472125011703504,34220228.43906049,57426.06261146573,82670.20423127254,26013.27130292188
uavwing,-0.09529175604520955,700.0952917560452,-42.09921881283352,42.09921881283352,-0.09529175604520955,900.0952917560453,1372820.1926809489,294.2918566531843,0.0,449.9368120820442,2.76799e-08,1.0029602564973426,36234244.21682674,68119.04274714239,94848.37088818048,27543.712655776697
uavwing,-0.0986054314043413,700.0986054314044,-42.064299467985094,42.0642994679851,-0.0986054314043413,950.0986054314045,1444282.988572638,294.29189890762143,0.0,474.93586394906833,2.76799e-08,1.0587080539140419,38248261.515180394,80066.12056573835,108280.63821044019,29074.157147642232
uavwing,-0.06512937871440914,750.0651293787145,-45.07139680674559,45.0713968067456,-0.06512937871440914,200.06512937871443,404864.3183304941,315.3160523977163,0.0,100.00000256746866,2.76799e-08,0.25546571811943475,9229286.165030753,972.4037344933585,8796.322371740524,8062.207214344091
uavwing,-0.06631863519848119,750.0663186351985,-45.05708101434198,45.057081014341954,-0.06631863519848119,250.0663186351985,481431.6965335821,315.31575125129837,0.0,124.98481266256107,2.76799e-08,0.31946249370084556,11541316.756955247,1815.3934625822296,11596.512449814905,10079.045868831523
uavwing,-0.06774337129051888,750.0677433712905,-45.02215686245861,45.0221568624586,-0.06774337129051888,300.0677433712906,557999.0749526154,315.3155609297152,0.0,149.9746902089199,2.76799e-08,0.3834592244162196,13853345.727991054,3058.1196490801353,14796.438534185723,12095.884022105574
uavwing,-0.06939063336908984,750.069390633369,-45.05206862250561,45.052068622505615,-0.06939063336908984,350.06939063336915,634566.4715840054,315.3153867853385,0.0,174.96746787235452,2.76799e-08,0.4474560172029114,16165376.941495864,4780.579341740339,18476.101838866798,14112.7259864397
uavwing,-0.07124378214078714,750.0712437821408,-45.07806680881109,45.07806680881109,-0.07124378214078714,400.0712437821408,711133.8550703068,315.3152735557972,0.0,199.96205754187847,2.76799e-08,0.5114527700151279,18477406.710830886,7062.767514395784,22715.4902508319,16129.564546319323
uavwing,-0.0732866671818942,750.073286667182,-45.06877611267238,45.06877611267237,-0.0732866671818942,450.07328666718195,787701.1661869303,315.31512489961034,0.0,224.95785071883657,2.76799e-08,0.5754494402957295,20789433.498521652,9984.67701935596,27594.5998507767,18146.402918942815
uavwing,-0.07550374735674921,750.0755037473567,-45.01518753436896,45.01518753436906,-0.07550374735674921,500.0755037473568,864268.5372647936,315.3150471636604,0.0,249.95448488607454,2.76799e-08,0.639446136152827,23101461.210222106,13626.307600436801,33193.43131553341,20163.24201710762
uavwing,-0.07788256045677418,750.0778825604568,-45.06846848662643,45.068468486626394,-0.07788256045677418,550.0778825604568,940835.9279478043,315.314982706803,0.0,274.95173147573547,2.76799e-08,0.703442824756799,25413488.65988674,18067.65392294291,39591.97978184354,22180.08232538354
uavwing,-0.0804065685280008,750.080406568528,-45.08707791348822,45.08707791348822,-0.0804065685280008,600.080406568528,1017403.3575913103,315.3149197321503,0.0,299.94943665182547,2.76799e-08,0.7674396500004437,27725521.04597356,23388.71584855092,46870.244095036076,24196.9234025963
uavwing,-0.08306224754322995,750.0830622475432,-45.05201566901258,45.05201566901252,-0.08306224754322995,650.0830622475434,1093970.7649216093,315.3149184397007,0.0,324.9474956096525,2.76799e-08,0.8314363913618192,30037550.40162064,29669.485508907,55108.220341980996,26213.76809760542
uavwing,-0.08583858852826588,750.0858385885283,-45.04685694043544,45.046856940435376,-0.08583858852826588,700.0858385885284,1170538.2022617036,315.31488680851936,0.0,349.94583203205326,2.76799e-08,0.8954333089324769,32349586.123232987,36989.970387669695,64385.90827958999,28230.609819962858
uavwing,-0.08872455010303207,750.088724550103,-45.09122726051501,45.091227260515026,-0.08872455010303207,750.088724550103,1247105.6524619039,315.3148557464373,0.0,374.94439039190667,2.76799e-08,0.9594303189806098,34661625.18580666,45430.163566432675,74783.30470743215,30247.451961079732
uavwing,-0.09170849314292931,750.091708493143,-45.09075607113063,45.090756071130606,-0.09170849314292931,800.091708493143,1323673.0990388494,315.3148224838071,0.0,399.943115613582,2.76799e-08,1.0234271842930858,36973659.0194721,55070.05407522128,86380.39571306876,32264.29116055174
uavwing,-0.09478095039909609,750.0947809503991,-45.02893698953127,45.02893698953129,-0.09478095039909609,850.0947809503992,1400240.518891354,315.3147840711733,0.0,424.941981883311,2.76799e-08,1.0874240338783228,39285692.28495488,65989.63526329734,99257.17700035054,34281.13002994531
uavwing,-0.09793580341683193,750.0979358034168,-45.07980702870762,45.079807028707634,-0.09793580341683193,900.0979358034169,1476807.7742632348,315.3146856235343,0.0,449.9410269769349,2.76799e-08,1.1514204180245506,41597708.735383816,78268.83329456905,113493.57858443189,36297.97164511604
uavwing,-0.10116368496248522,750.1011636849624,-45.10830095109379,45.108300951093796,-0.10116368496248522,950.1011636849626,1553375.0557729148,315.31462317256353,0.0,474.94014194639135,2.76799e-08,1.2154167328832661,43909722.68264214,91987.70603845845,129169.65037016146,38314.80843622645
uavwing,-0.0691951381699191,800.0691951381699,-48.077049926126165,48.077049926126165,-0.0691951381699191,200.06919513816996,438210.920576157,336.3441173499447,0.0,100.00000221031212,2.76799e-08,0.2907221162895433,10503004.573338173,1125.072175668869,11254.0233372146,10437.447961363825
uavwing,-0.07031578140984081,800.0703157814098,-48.06788089299659,48.0678808929966,-0.07031578140984081,250.07031578140987,519882.7914226728,336.3423946452963,0.0,124.98576355209076,2.76799e-08,0.3635362320239774,13133581.841841096,2088.8902981772253,14751.512308855972,13048.322893553128
uavwing,-0.07166122010175122,800.0716612201018,-48.039824933917984,48.039824933918105,-0.07166122010175122,300.0716612201018,601554.6608336788,336.3412572225632,0.0,149.97627543643426,2.76799e-08,0.4363502915624514,15764157.080135817,3507.5369444846237,18703.829280611186,15659.197223028308
uavwing,-0.07321979410373497,800.0732197941037,-48.033368833462674,48.033368833462625,-0.07321979410373497,350.07321979410375,683226.5329743754,336.3404397234263,0.0,174.96950413489742,2.76799e-08,0.5091643646309154,18394732.807232518,5472.030369871706,23201.993044197465,18270.071586064278
uavwing,-0.07497867093214328,800.0749786709322,-48.07333505293821,48.0733350529382,-0.07497867093214328,400.0749786709322,764898.4253206879,336.33978978052943,0.0,199.96442901294236,2.76799e-08,0.5819784950779401,21025310.607261587,8073.388763211468,28337.02693792047,20880.951231502102
uavwing,-0.07692279774959036,800.0769227977496,-48.084116722793794,48.08411672279381,-0.07692279774959036,450.07692279774966,846570.2311941675,336.33924530981733,0.0,224.96048766904164,2.76799e-08,0.6547925039329651,23655884.014500234,11402.625227967852,34199.933249601345,23491.825169335687
uavwing,-0.07903837629995393,800.0790383763,-48.05780843132336,48.05780843132338,-0.07903837629995393,500.0790383763,928242.0881363081,336.3388506002705,0.0,249.95733215102777,2.76799e-08,0.7276065534321079,26286458.89010104,15550.761714380758,40881.74137634938,26102.70083102578
uavwing,-0.08131262655510735,800.0813126265551,-48.031388637674056,48.031388637674056,-0.08131262655510735,550.0813126265551,1009913.9515561762,336.3385290772668,0.0,274.9547507451239,2.76799e-08,0.800420558827596,28917032.17235597,20608.813332817346,48473.46446302281,28713.576216164653
uavwing,-0.08373387471853884,800.0837338747185,-48.08301595780887,48.083015957808904,-0.08373387471853884,600.0837338747185,1091585.8380725605,336.3382599294788,0.0,299.9525998370033,2.76799e-08,0.873234561291605,31547605.348704476,26667.79863351886,57066.12314794729,31324.453458452233
uavwing,-0.08628785699067486,800.0862878569907,-48.090600144633896,48.0906001446339,-0.08628785699067486,650.0862878569907,1173257.7648280272,336.3380223545166,0.0,324.9507794131109,2.76799e-08,0.9460487579166996,34178185.53956841,33818.74093302611,66750.73913682194,33935.331807992516
uavwing,-0.088963024166138,800.0889630241661,-48.046020678627166,48.04602067862719,-0.088963024166138,700.0889630241662,1254929.6757379363,336.33787318923174,0.0,349.9492196950677,2.76799e-08,1.0188628415289862,36808761.64758493,42152.65357579401,77618.33116387298,36546.215020029435
uavwing,-0.09175029201563849,800.0917502920156,-48.054083512297304,48.0540835122973,-0.09175029201563849,750.0917502920157,1336601.6102458904,336.3377101151784,0.0,374.94786805953106,2.76799e-08,1.0916771303101478,39439345.16779857,51760.56685894925,89759.91876048665,39157.093915977624
uavwing,-0.09463952010990054,800.0946395201099,-48.09730907786128,48.09730907786127,-0.09463952010990054,800.09463952011,1418273.557740182,336.337564403605,0.0,399.94668546264865,2.76799e-08,1.1644915085977963,42069931.921639755,62733.49458003314,103266.52102249497,41767.97329223062
uavwing,-0.09762059690226349,800.0976205969023,-48.09852594599661,48.09852594599659,-0.09762059690226349,850.0976205969024,1499945.50142577,336.33743019905904,0.0,424.9456287696951,2.76799e-08,1.237305718296597,44700512.584821366,75162.44578187379,118229.14324921122,44378.84888892246
uavwing,-0.10068517995262165,800.1006851799526,-48.04355819292236,48.04355819292235,-0.10068517995262165,900.1006851799527,1581617.4188926162,336.3373020645554,0.0,449.9446805907728,2.76799e-08,1.310119920621855,47331092.9816168,89138.43627680941,134738.80419711175,46989.72403062366
uavwing,-0.10382766987349884,800.1038276698735,-48.072757250024225,48.07275725002414,-0.10382766987349884,950.1038276698736,1663289.1700490867,336.3371236212061,0.0,474.94388480880184,2.76799e-08,1.3829336337698006,49961655.705757625,104752.40004850207,152886.4434116437,49600.60334870022
uavwing,-0.07327570714245454,850.0732757071424,-51.08196970623252,51.08196970623252,-0.07327570714245454,200.07327570714247,472379.57543662493,357.3712216405931,0.0,100.0000019472488,2.76799e-08,0.32825395575561866,11858928.527762696,1292.5643627927543,14201.823728734314,13302.442276931482
uavwing,-0.07433496190095744,850.074334961901,-51.07691858488292,51.07691858488292,-0.07433496190095744,250.07433496190097,559155.9387554445,357.3682707106367,0.0,124.9866020580572,2.76799e-08,0.4104542698830498,14828603.784083387,2386.250782639253,18524.494619309666,16629.817904633037
uavwing,-0.075609045142195,850.0756090451422,-51.055673106102276,51.05567310610226,-0.075609045142195,300.0756090451422,645932.300091702,357.3663145297007,0.0,149.97767283547742,2.76799e-08,0.49265452245307634,17798276.81650137,3993.4131903758266,23360.640928017776,19957.192865836903
uavwing,-0.07708744411224049,850.0770874441123,-51.02611066852988,51.02611066852988,-0.07708744411224049,350.0770874441123,732708.6633220295,357.3649123861062,0.0,174.9713020438029,2.76799e-08,0.5748547863807263,20767950.259239603,6216.802656283873,28813.0144249709,23284.567964881022
uavwing,-0.07875998791338239,850.0787599879134,-51.06161777905056,51.061617779050586,-0.07875998791338239,400.07875998791343,819485.0483448277,357.3638240713933,0.0,199.9665234548454,2.76799e-08,0.6570551190968607,23737626.18711992,9159.170151903863,34984.37248839661,26611.949756985265
uavwing,-0.08061328356374911,850.0806132835637,-51.08776843430866,51.08776843430866,-0.08061328356374911,450.0806132835638,906261.4165204817,357.3629996978472,0.0,224.96281193183046,2.76799e-08,0.7392553912476274,26707299.92693714,12923.264487575481,41977.450992720966,29939.325075849043
uavwing,-0.08263480385894767,850.0826348038589,-51.083126042249596,51.08312604224962,-0.08263480385894767,500.082634803859,993037.69591882,357.3622728475431,0.0,249.95984396940736,2.76799e-08,0.8214555553597588,29676969.76361037,17611.831019653993,49895.00119551571,33266.69984727289
uavwing,-0.08481241099429385,850.0848124109943,-51.04076290143909,51.040762901439074,-0.08481241099429385,550.0848124109943,1079814.0480280367,357.3617254255172,0.0,274.9574143542172,2.76799e-08,0.9036557671406866,32646641.322428424,23327.626999143555,58839.782465053475,36594.076146455714
uavwing,-0.08713590231579627,850.0871359023158,-51.05353075957115,51.05353075957116,-0.08713590231579627,600.0871359023159,1166590.4024468313,357.36127193325717,0.0,299.9553898989347,2.76799e-08,0.9858559536714212,35616311.96902522,30173.39965889047,68914.54046341318,39921.45241727655
uavwing,-0.08959352144050398,850.0895935214405,-51.0948124111115,51.09481241111149,-0.08959352144050398,650.0895935214406,1253366.7841440847,357.3608862355317,0.0,324.9536770579928,2.76799e-08,1.0680561343388575,38585982.40379689,38251.89997550353,80222.02884172303,43248.83132522924
uavwing,-0.09217342507287679,850.0921734250729,-51.09241044008093,51.09241044008095,-0.09217342507287679,700.0921734250729,1340143.2091057159,357.36054602883974,0.0,349.95220843711576,2.76799e-08,1.150256557255158,41555661.5903655,47665.88624831021,92865.00347955836,46576.21164937885
uavwing,-0.094865537257216,850.0948655372572,-51.03931221859631,51.03931221859621,-0.094865537257216,750.0948655372573,1426919.6246131437,357.36030679069376,0.0,374.95093622565963,2.76799e-08,1.2324568601220875,44525336.439874694,58518.10540664933,106946.21861655312,49903.59851312845
uavwing,-0.09766239136758034,850.0976623913676,-51.06119567758864,51.061195677588614,-0.09766239136758034,800.0976623913676,1513696.0560819327,357.3600613813618,0.0,399.94982310922717,2.76799e-08,1.3146573819282936,47495019.199068405,70911.31956940432,122568.4216748857,53230.97924239333
uavwing,-0.10055449011676958,850.1005544901168,-51.10339089524293,51.10339089524292,-0.10055449011676958,850.1005544901169,1600472.5006778797,357.35984231488555,0.0,424.94884100298776,2.76799e-08,1.396857990610486,50464705.09685678,84948.27498214935,139834.3662430593,56558.360510383456
uavwing,-0.10353302783913923,850.1035330278391,-51.106079087826544,51.10607908782656,-0.10353302783913923,900.1035330278393,1687248.9456566784,357.3596429819248,0.0,449.9479680574272,2.76799e-08,1.4790585013305608,53434387.455538526,100731.71637448027,158846.79567604224,59885.74048376864
uavwing,-0.10659059737083422,850.106590597371,-51.05694450335143,51.05694450335135,-0.10659059737083422,950.106590597371,1774025.3567098067,357.35945471390147,0.0,474.94715340923835,2.76799e-08,1.5612588205277305,56404062.895015165,118364.37877411245,179708.43867371685,63213.11284008798
uavwing,-0.07736874448407008,900.077368744484,-54.08638771753499,54.08638771753498,-0.07736874448407008,200.0773687444841,507370.3643199631,378.39756849487617,0.0,100.00000181462562,2.76799e-08,0.36806131993187147,13297061.04183438,1475.813630332486,17701.89028311229,16720.2892975296
uavwing,-0.07837278640515309,900.0783727864051,-54.084389978613835,54.08438997861385,-0.07837278640515309,250.07837278640517,599251.1390435153,378.39352320633844,0.0,124.98734703120103,2.76799e-08,0.46021660736078174,16626382.586670535,2708.640948428958,22993.168311442114,20902.40586263541
uavwing,-0.07958236223817762,900.0795823622382,-54.068497217218635,54.06849721721865,-0.07958236223817762,300.07958236223817,691131.9927038831,378.39085240817246,0.0,149.97891431490802,2.76799e-08,0.5523719154931578,19955704.87946697,4517.147664358258,28860.125297264607,25084.522059704756
uavwing,-0.08098817556251842,900.0809881755625,-54.03377752675564,54.03377752675566,-0.08098817556251842,350.0809881755626,783012.8463540823,378.3889394848535,0.0,174.97289971771906,2.76799e-08,0.6445272302598233,23285027.411942355,7016.528158603724,35417.9563551828,29266.638533224257
uavwing,-0.0825813664967672,900.0825813664968,-54.04468372456586,54.04468372456583,-0.0825813664967672,400.0825813664968,874893.7259109607,378.3874674336939,0.0,199.96838637967264,2.76799e-08,0.7366826301848532,26614353.020959366,10321.977372784891,42781.86442039619,33448.763507869095
uavwing,-0.08435100479866182,900.0843510047987,-54.082501934591754,54.082501934591775,-0.08435100479866182,450.0843510047987,966774.5846437083,378.3863497693965,0.0,224.96487703968262,2.76799e-08,0.8288379335047346,29943675.13989337,14548.687247154407,51067.0247465474,37630.87989228246
uavwing,-0.08628532458992781,900.0862853245899,-54.09519040914803,54.095190409148024,-0.08628532458992781,500.08628532459,1058655.3589480864,378.3853835371119,0.0,249.96207634171725,2.76799e-08,0.9209931539445547,33272994.264594693,19811.847811725867,60388.63415988989,41812.99477338658
uavwing,-0.08837339632617308,900.0883733963261,-54.07573986691002,54.075739866910006,-0.08837339632617308,550.0883733963261,1150536.196884014,378.3846405820781,0.0,274.95978166764706,2.76799e-08,1.0131484425335366,36602315.851341106,26226.660168912425,70861.89872273665,45995.11290938201
uavwing,-0.09060449682809915,900.0906044968281,-54.018225041248414,54.01822504124832,-0.09060449682809915,600.0906044968281,1242417.04334818,378.384021525028,0.0,299.957869637839,2.76799e-08,1.1053036767677316,39931635.474395916,33908.31391447676,82602.00428659223,50177.23050519632
uavwing,-0.09297074010493207,900.092970740105,-54.07291021654367,54.07291021654358,-0.09297074010493207,650.0929707401051,1334297.9153509054,378.38349540615474,0.0,324.9562518994078,2.76799e-08,1.1974589154556887,43260955.25835312,42972.00484014933,95724.15001642283,54359.351024434065
uavwing,-0.09545996120524,900.0954599612053,-54.10399878913206,54.103998789132056,-0.09545996120524,700.0954599612054,1426178.7675753585,378.3830520677869,0.0,349.9548653734476,2.76799e-08,1.289614132566017,46590274.2627689,53532.92598845059,110343.52438294239,58541.46991687405
uavwing,-0.0980625000669278,900.0980625000669,-54.092653967568516,54.09265396756851,-0.0980625000669278,750.098062500067,1518059.696204528,378.38269042833326,0.0,374.9536632079369,2.76799e-08,1.381769628177573,49919603.32868157,65706.2836010115,126575.34818846936,62723.6028021765
uavwing,-0.10076947722053033,900.1007694772205,-54.03177867500633,54.0317786750063,-0.10076947722053033,800.1007694772206,1609940.6117646028,378.38236188466,0.0,399.9526118693471,2.76799e-08,1.4739250284422718,53248928.949969895,79607.26934866553,144534.7899837424,66905.72502484299
uavwing,-0.10357481867586309,900.1035748186758,-54.06820426158181,54.06820426158185,-0.10357481867586309,850.1035748186758,1701821.5401810268,378.3820661774305,0.0,424.9516842691012,2.76799e-08,1.566080645301846,56578262.39624587,95351.08682822695,164337.06394444843,71087.8484322213
uavwing,-0.10646946012363864,900.1064694601237,-54.10947271262966,54.109472712629625,-0.10646946012363864,900.1064694601238,1793702.4818296016,378.3818011505015,0.0,449.9508597735479,2.76799e-08,1.6582363459535339,59907598.86970451,113052.92621786692,186097.36009297203,75269.972422008
uavwing,-0.10944573297729986,900.1094457329773,-54.113455103560035,54.11345510356004,-0.10944573297729986,950.1094457329773,1885583.4242054,378.3815597989577,0.0,474.9501221022039,2.76799e-08,1.7503919336366445,63236931.26191368,132827.97509476813,209930.86440247856,79452.09484128015
uavwing,-0.08147237027102333,950.0814723702711,-57.09034593389742,57.09034593389742,-0.08147237027102333,200.08147237027106,543230.9508928361,399.5342801818442,0.0,100.00000181387531,2.76799e-08,0.4102746120512532,14822113.232029494,1676.3394468653487,21837.19580815103,20774.61286748551
uavwing,-0.08242651600209197,950.0824265160021,-57.090649961247,57.090649961247,-0.08242651600209197,250.08242651600213,640216.4110411598,399.5292813915154,0.0,124.98801786794057,2.76799e-08,0.5129864917090431,18532815.93174264,3058.2678259742825,28261.560855830678,25970.620908138495
uavwing,-0.08357754695541864,950.0835775469554,-57.07935488140986,57.07935488140985,-0.08357754695541864,300.0835775469555,737201.931768153,399.52596329271785,0.0,149.98003176994487,2.76799e-08,0.6156983737779045,22243518.718561284,5081.837841972724,35327.56608758852,31166.627576196697
uavwing,-0.08491738018371084,950.0849173801837,-57.05210380925409,57.05210380925407,-0.08491738018371084,350.0849173801837,834187.5809244828,399.5237107926491,0.0,174.97433623620574,2.76799e-08,0.7184108673155781,25954243.596096016,7875.447237669792,43163.62065883457,36362.646674854885
uavwing,-0.08643760577789028,950.0864376057779,-57.029486443739,57.029486443738996,-0.08643760577789028,400.086437605778,931173.1061904539,399.52194530859924,0.0,199.97006246237387,2.76799e-08,0.8211228236498173,29664949.065922104,11567.47357719633,51898.08845201647,41558.65975038096
uavwing,-0.0881299735290862,950.0881299735291,-57.07094684595018,57.07094684595022,-0.0881299735290862,450.0881299735291,1028158.6675472817,399.5205356911399,0.0,224.9667414100351,2.76799e-08,0.9238348408940344,33375656.73626113,16286.313305767466,61659.37584145686,46754.679228806046
uavwing,-0.0899833727994602,950.0899833727995,-57.09723641384688,57.09723641384686,-0.0899833727994602,500.0899833727995,1125144.203718165,399.51943366381676,0.0,249.96408493848395,2.76799e-08,1.026546822129829,37086363.10571314,22160.354435624326,72575.8528564119,51950.68701061949
uavwing,-0.0919878616433356,950.0919878616434,-57.09617732554592,57.09617732554597,-0.0919878616433356,550.0919878616434,1222129.6261444406,399.5184414184956,0.0,274.9619023735192,2.76799e-08,1.1292586779284879,40797064.94346034,29317.979949614077,84775.912038022,57146.69256368739
uavwing,-0.09413370130487235,950.0941337013048,-57.06228542552452,57.06228542552451,-0.09413370130487235,600.0941337013049,1319115.1290737793,399.5176764541452,0.0,299.96008812541487,2.76799e-08,1.2319705803243013,44507768.46463684,37887.58910078359,98387.95698527263,62342.70009466066
uavwing,-0.09641205481530835,950.0964120548153,-57.032705748889086,57.032705748889214,-0.09641205481530835,650.0964120548155,1416100.6309688082,399.5170226792868,0.0,324.95856289956885,2.76799e-08,1.334682513350924,48218473.09242172,47997.56918917515,113540.37383038067,67538.7086932307
uavwing,-0.09881508257033719,950.0988150825704,-57.0893896258478,57.089389625847794,-0.09881508257033719,700.0988150825705,1513086.1645096757,399.51645812051913,0.0,349.957262612345,2.76799e-08,1.4373945071894996,51929179.917178154,59776.312079626696,130361.5569547542,72734.72090978532
uavwing,-0.10133201321298364,950.101332013213,-57.110924003140106,57.110924003140106,-0.10133201321298364,750.101332013213,1610071.6784027647,399.5159759168681,0.0,374.95612401172554,2.76799e-08,1.5401063766663325,55639882.24908083,73352.20076114843,148979.88428219556,77930.73103738493
uavwing,-0.1039544833010389,950.1039544833011,-57.091392726804116,57.091392726804095,-0.1039544833010389,800.1039544833012,1707057.2620669184,399.5155438891998,0.0,399.9551192270965,2.76799e-08,1.642818445038505,59350591.76653474,88853.63764356505,169523.77465631464,83126.75670342715
uavwing,-0.10667465503314391,950.1066746550331,-57.02710495196214,57.027104951962116,-0.10667465503314391,850.1066746550332,1804042.8421540207,399.51517551707605,0.0,424.95426242272106,2.76799e-08,1.745530685232311,63061307.49144003,106409.02760378056,192121.60307776934,88322.76805109973
uavwing,-0.10948751895372949,950.1094875189538,-57.074997416815634,57.074997416815634,-0.10948751895372949,900.1094875189539,1901028.4369503823,399.5148469900197,0.0,449.9534745399783,2.76799e-08,1.8482428813399663,66772021.62363181,126146.74550273544,216901.75772909424,93518.7776025248
uavwing,-0.11238442849143357,950.1123844284914,-57.11543844245824,57.11543844245823,-0.11238442849143357,950.1123844284915,1998014.0394125546,399.5145450851046,0.0,474.9527631204527,2.76799e-08,1.9509549025916495,70482729.43874976,148195.17456395688,243992.6152192803,98714.77835763225
