[{"FROM_COMP": "fuselage", "FROM_CONN": "LEFT_CONNECTOR", "TO_COMP": "left_wing", "TO_CONN": "Connector_2"}, {"FROM_COMP": "fuselage", "FROM_CONN": "SEAT_1_CONNECTOR", "TO_COMP": "passenger1", "TO_CONN": "Connector"}, {"FROM_COMP": "fuselage", "FROM_CONN": "ORIENT", "TO_COMP": "Orient", "TO_CONN": "ORIENTCONN"}, {"FROM_COMP": "fuselage", "FROM_CONN": "SEAT_2_CONNECTOR", "TO_COMP": "passenger2", "TO_CONN": "Connector"}, {"FROM_COMP": "fuselage", "FROM_CONN": "RIGHT_CONNECTOR", "TO_COMP": "right_wing", "TO_CONN": "Connector_1"}, {"FROM_COMP": "fuselage", "FROM_CONN": "TOP_CONNECTOR", "TO_COMP": "cross_bar_1", "TO_CONN": "FRONT_CONNECTOR"}, {"FROM_COMP": "cross_bar_1_LEFT", "FROM_CONN": "FRONT_CONNECTOR", "TO_COMP": "cross_bar_1", "TO_CONN": "LEFT_CONNECTOR"}, {"FROM_COMP": "cross_bar_1_LEFT", "FROM_CONN": "RIGHT_CONNECTOR", "TO_COMP": "cross_bar_2", "TO_CONN": "FRONT_CONNECTOR"}, {"FROM_COMP": "cross_bar_1_RIGHT", "FROM_CONN": "FRONT_CONNECTOR", "TO_COMP": "cross_bar_1", "TO_CONN": "RIGHT_CONNECTOR"}, {"FROM_COMP": "cross_bar_3_LEFT", "FROM_CONN": "FRONT_CONNECTOR", "TO_COMP": "cross_bar_3", "TO_CONN": "LEFT_CONNECTOR"}, {"FROM_COMP": "cross_bar_2_BOTTOM", "FROM_CONN": "RIGHT_CONNECTOR", "TO_COMP": "cross_bar_3", "TO_CONN": "FRONT_CONNECTOR"}, {"FROM_COMP": "cross_bar_2_BOTTOM", "FROM_CONN": "FRONT_CONNECTOR", "TO_COMP": "cross_bar_2", "TO_CONN": "BOTTOM_CONNECTOR"}, {"FROM_COMP": "cross_bar_2_BOTTOM", "FROM_CONN": "LEFT_CONNECTOR", "TO_COMP": "cross_bar_4", "TO_CONN": "FRONT_CONNECTOR"}, {"FROM_COMP": "cross_bar_2_LEFT", "FROM_CONN": "FRONT_CONNECTOR", "TO_COMP": "cross_bar_2", "TO_CONN": "LEFT_CONNECTOR"}, {"FROM_COMP": "left_battery", "FROM_CONN": "Battery_Connector_2_out", "TO_COMP": "left_wing", "TO_CONN": "Battery_Connector_2"}, {"FROM_COMP": "left_battery", "FROM_CONN": "PowerBus", "TO_COMP": "battery_controller", "TO_CONN": "BatteryPower"}, {"FROM_COMP": "cross_bar_2", "FROM_CONN": "RIGHT_CONNECTOR", "TO_COMP": "cross_bar_2_RIGHT", "TO_CONN": "FRONT_CONNECTOR"}, {"FROM_COMP": "cross_bar_2", "FROM_CONN": "FRONT_CONNECTOR", "TO_COMP": "cross_bar_1_LEFT", "TO_CONN": "RIGHT_CONNECTOR"}, {"FROM_COMP": "cross_bar_2", "FROM_CONN": "TOP_CONNECTOR", "TO_COMP": "cross_bar_2_TOP", "TO_CONN": "FRONT_CONNECTOR"}, {"FROM_COMP": "cross_bar_2", "FROM_CONN": "LEFT_CONNECTOR", "TO_COMP": "cross_bar_2_LEFT", "TO_CONN": "FRONT_CONNECTOR"}, {"FROM_COMP": "cross_bar_2", "FROM_CONN": "BOTTOM_CONNECTOR", "TO_COMP": "cross_bar_2_BOTTOM", "TO_CONN": "FRONT_CONNECTOR"}, {"FROM_COMP": "passenger1", "FROM_CONN": "Connector", "TO_COMP": "fuselage", "TO_CONN": "SEAT_1_CONNECTOR"}, {"FROM_COMP": "passenger2", "FROM_CONN": "Connector", "TO_COMP": "fuselage", "TO_CONN": "SEAT_2_CONNECTOR"}, {"FROM_COMP": "right_wing", "FROM_CONN": "Connector_1", "TO_COMP": "fuselage", "TO_CONN": "RIGHT_CONNECTOR"}, {"FROM_COMP": "right_wing", "FROM_CONN": "Battery_Connector_1", "TO_COMP": "right_battery", "TO_CONN": "Battery_Connector_1_out"}, {"FROM_COMP": "wing_pair_2", "FROM_CONN": "TOP_CONNECTOR", "TO_COMP": "wing_pair_2_l", "TO_CONN": "Connector_2"}, {"FROM_COMP": "wing_pair_2", "FROM_CONN": "REAR_CONNECTOR", "TO_COMP": "rail_3", "TO_CONN": "FRONT_CONNECTOR"}, {"FROM_COMP": "wing_pair_2", "FROM_CONN": "FRONT_CONNECTOR", "TO_COMP": "rail_2", "TO_CONN": "REAR_CONNECTOR"}, {"FROM_COMP": "wing_pair_2", "FROM_CONN": "RIGHT_CONNECTOR", "TO_COMP": "wing_pair_2_r", "TO_CONN": "Connector_1"}, {"FROM_COMP": "motor_prop_2_prop", "FROM_CONN": "MOTOR_CONNECTOR_CS_IN", "TO_COMP": "motor_prop_2_motor", "TO_CONN": "Prop_Connector"}, {"FROM_COMP": "rail_1", "FROM_CONN": "FRONT_CONNECTOR", "TO_COMP": "cross_bar_3_BOTTOM", "TO_CONN": "RIGHT_CONNECTOR"}, {"FROM_COMP": "rail_1", "FROM_CONN": "REAR_CONNECTOR", "TO_COMP": "wing_pair_1", "TO_CONN": "FRONT_CONNECTOR"}, {"FROM_COMP": "rail_1", "FROM_CONN": "REAR_CONNECTOR", "TO_COMP": "wing_pair_4", "TO_CONN": "FRONT_CONNECTOR"}, {"FROM_COMP": "cross_bar_2_RIGHT", "FROM_CONN": "FRONT_CONNECTOR", "TO_COMP": "cross_bar_2", "TO_CONN": "RIGHT_CONNECTOR"}, {"FROM_COMP": "motor_prop_3_prop", "FROM_CONN": "MOTOR_CONNECTOR_CS_IN", "TO_COMP": "motor_prop_3_motor", "TO_CONN": "Prop_Connector"}, {"FROM_COMP": "cross_bar_3_TOP", "FROM_CONN": "FRONT_CONNECTOR", "TO_COMP": "cross_bar_3", "TO_CONN": "TOP_CONNECTOR"}, {"FROM_COMP": "cross_bar_3_BOTTOM", "FROM_CONN": "RIGHT_CONNECTOR", "TO_COMP": "rail_1", "TO_CONN": "FRONT_CONNECTOR"}, {"FROM_COMP": "cross_bar_3_BOTTOM", "FROM_CONN": "FRONT_CONNECTOR", "TO_COMP": "cross_bar_3", "TO_CONN": "BOTTOM_CONNECTOR"}, {"FROM_COMP": "wing_pair_3", "FROM_CONN": "FRONT_CONNECTOR", "TO_COMP": "rail_3", "TO_CONN": "REAR_CONNECTOR"}, {"FROM_COMP": "wing_pair_3", "FROM_CONN": "TOP_CONNECTOR", "TO_COMP": "wing_pair_3_l", "TO_CONN": "Connector_2"}, {"FROM_COMP": "wing_pair_3", "FROM_CONN": "RIGHT_CONNECTOR", "TO_COMP": "wing_pair_3_r", "TO_CONN": "Connector_1"}, {"FROM_COMP": "wing_pair_3", "FROM_CONN": "REAR_CONNECTOR", "TO_COMP": "motor_prop_4_motor", "TO_CONN": "Base_Connector"}, {"FROM_COMP": "wing_pair_1", "FROM_CONN": "TOP_CONNECTOR", "TO_COMP": "wing_pair_1_l", "TO_CONN": "Connector_2"}, {"FROM_COMP": "wing_pair_1", "FROM_CONN": "RIGHT_CONNECTOR", "TO_COMP": "wing_pair_1_r", "TO_CONN": "Connector_1"}, {"FROM_COMP": "wing_pair_1", "FROM_CONN": "REAR_CONNECTOR", "TO_COMP": "rail_2", "TO_CONN": "FRONT_CONNECTOR"}, {"FROM_COMP": "wing_pair_1", "FROM_CONN": "FRONT_CONNECTOR", "TO_COMP": "rail_1", "TO_CONN": "REAR_CONNECTOR"}, {"FROM_COMP": "wing_pair_3_l", "FROM_CONN": "Connector_2", "TO_COMP": "wing_pair_3", "TO_CONN": "TOP_CONNECTOR"}, {"FROM_COMP": "wing_pair_1_r", "FROM_CONN": "Connector_1", "TO_COMP": "wing_pair_1", "TO_CONN": "RIGHT_CONNECTOR"}, {"FROM_COMP": "wing_pair_2_r", "FROM_CONN": "Connector_1", "TO_COMP": "wing_pair_2", "TO_CONN": "RIGHT_CONNECTOR"}, {"FROM_COMP": "wing_pair_4", "FROM_CONN": "TOP_CONNECTOR", "TO_COMP": "wing_pair_4_l", "TO_CONN": "Connector_2"}, {"FROM_COMP": "wing_pair_4", "FROM_CONN": "FRONT_CONNECTOR", "TO_COMP": "cross_bar_6", "TO_CONN": "FRONT_CONNECTOR"}, {"FROM_COMP": "wing_pair_4", "FROM_CONN": "FRONT_CONNECTOR", "TO_COMP": "rail_1", "TO_CONN": "REAR_CONNECTOR"}, {"FROM_COMP": "wing_pair_4", "FROM_CONN": "RIGHT_CONNECTOR", "TO_COMP": "wing_pair_4_r", "TO_CONN": "Connector_1"}, {"FROM_COMP": "wing_pair_4", "FROM_CONN": "REAR_CONNECTOR", "TO_COMP": "cross_bar_5", "TO_CONN": "FRONT_CONNECTOR"}, {"FROM_COMP": "rail_2", "FROM_CONN": "FRONT_CONNECTOR", "TO_COMP": "wing_pair_1", "TO_CONN": "REAR_CONNECTOR"}, {"FROM_COMP": "rail_2", "FROM_CONN": "TOP_CONNECTOR", "TO_COMP": "motor_prop_1_motor", "TO_CONN": "Base_Connector"}, {"FROM_COMP": "rail_2", "FROM_CONN": "REAR_CONNECTOR", "TO_COMP": "wing_pair_2", "TO_CONN": "FRONT_CONNECTOR"}, {"FROM_COMP": "wing_pair_4_r", "FROM_CONN": "Connector_1", "TO_COMP": "wing_pair_4", "TO_CONN": "RIGHT_CONNECTOR"}, {"FROM_COMP": "motor_prop_3_motor", "FROM_CONN": "Prop_Connector", "TO_COMP": "motor_prop_3_prop", "TO_CONN": "MOTOR_CONNECTOR_CS_IN"}, {"FROM_COMP": "motor_prop_3_motor", "FROM_CONN": "MotorPower", "TO_COMP": "battery_controller", "TO_CONN": "MotorPower"}, {"FROM_COMP": "motor_prop_3_motor", "FROM_CONN": "Base_Connector", "TO_COMP": "rail_3", "TO_CONN": "BOTTOM_CONNECTOR"}, {"FROM_COMP": "motor_prop_1_motor", "FROM_CONN": "Base_Connector", "TO_COMP": "rail_2", "TO_CONN": "TOP_CONNECTOR"}, {"FROM_COMP": "motor_prop_1_motor", "FROM_CONN": "Prop_Connector", "TO_COMP": "motor_prop_1_prop", "TO_CONN": "MOTOR_CONNECTOR_CS_IN"}, {"FROM_COMP": "motor_prop_1_motor", "FROM_CONN": "MotorPower", "TO_COMP": "battery_controller", "TO_CONN": "MotorPower"}, {"FROM_COMP": "cross_bar_4", "FROM_CONN": "TOP_CONNECTOR", "TO_COMP": "cross_bar_4_TOP", "TO_CONN": "FRONT_CONNECTOR"}, {"FROM_COMP": "cross_bar_4", "FROM_CONN": "RIGHT_CONNECTOR", "TO_COMP": "cross_bar_4_RIGHT", "TO_CONN": "FRONT_CONNECTOR"}, {"FROM_COMP": "cross_bar_4", "FROM_CONN": "FRONT_CONNECTOR", "TO_COMP": "cross_bar_2_BOTTOM", "TO_CONN": "LEFT_CONNECTOR"}, {"FROM_COMP": "cross_bar_4", "FROM_CONN": "LEFT_CONNECTOR", "TO_COMP": "cross_bar_4_LEFT", "TO_CONN": "FRONT_CONNECTOR"}, {"FROM_COMP": "cross_bar_4", "FROM_CONN": "BOTTOM_CONNECTOR", "TO_COMP": "cross_bar_4_BOTTOM", "TO_CONN": "FRONT_CONNECTOR"}, {"FROM_COMP": "motor_prop_4_prop", "FROM_CONN": "MOTOR_CONNECTOR_CS_IN", "TO_COMP": "motor_prop_4_motor", "TO_CONN": "Prop_Connector"}, {"FROM_COMP": "motor_prop_2_motor", "FROM_CONN": "Base_Connector", "TO_COMP": "cross_bar_4_BOTTOM", "TO_CONN": "FRONT_CONNECTOR"}, {"FROM_COMP": "motor_prop_2_motor", "FROM_CONN": "Prop_Connector", "TO_COMP": "motor_prop_2_prop", "TO_CONN": "MOTOR_CONNECTOR_CS_IN"}, {"FROM_COMP": "motor_prop_2_motor", "FROM_CONN": "MotorPower", "TO_COMP": "battery_controller", "TO_CONN": "MotorPower"}, {"FROM_COMP": "cross_bar_6", "FROM_CONN": "FRONT_CONNECTOR", "TO_COMP": "wing_pair_4", "TO_CONN": "FRONT_CONNECTOR"}, {"FROM_COMP": "cross_bar_6", "FROM_CONN": "BOTTOM_CONNECTOR", "TO_COMP": "cross_bar_6_BOTTOM", "TO_CONN": "FRONT_CONNECTOR"}, {"FROM_COMP": "cross_bar_6", "FROM_CONN": "TOP_CONNECTOR", "TO_COMP": "cross_bar_6_TOP", "TO_CONN": "FRONT_CONNECTOR"}, {"FROM_COMP": "cross_bar_6", "FROM_CONN": "RIGHT_CONNECTOR", "TO_COMP": "cross_bar_6_RIGHT", "TO_CONN": "FRONT_CONNECTOR"}, {"FROM_COMP": "cross_bar_6", "FROM_CONN": "LEFT_CONNECTOR", "TO_COMP": "cross_bar_6_LEFT", "TO_CONN": "FRONT_CONNECTOR"}, {"FROM_COMP": "cross_bar_6_BOTTOM", "FROM_CONN": "FRONT_CONNECTOR", "TO_COMP": "cross_bar_6", "TO_CONN": "BOTTOM_CONNECTOR"}, {"FROM_COMP": "wing_pair_2_l", "FROM_CONN": "Connector_2", "TO_COMP": "wing_pair_2", "TO_CONN": "TOP_CONNECTOR"}, {"FROM_COMP": "rail_3", "FROM_CONN": "BOTTOM_CONNECTOR", "TO_COMP": "motor_prop_3_motor", "TO_CONN": "Base_Connector"}, {"FROM_COMP": "rail_3", "FROM_CONN": "REAR_CONNECTOR", "TO_COMP": "wing_pair_3", "TO_CONN": "FRONT_CONNECTOR"}, {"FROM_COMP": "rail_3", "FROM_CONN": "FRONT_CONNECTOR", "TO_COMP": "wing_pair_2", "TO_CONN": "REAR_CONNECTOR"}, {"FROM_COMP": "cross_bar_5_LEFT", "FROM_CONN": "FRONT_CONNECTOR", "TO_COMP": "cross_bar_5", "TO_CONN": "LEFT_CONNECTOR"}, {"FROM_COMP": "cross_bar_5_LEFT", "FROM_CONN": "BOTTOM_CONNECTOR", "TO_COMP": "motor_prop_5_motor", "TO_CONN": "Base_Connector"}, {"FROM_COMP": "cross_bar_5", "FROM_CONN": "RIGHT_CONNECTOR", "TO_COMP": "cross_bar_5_RIGHT", "TO_CONN": "FRONT_CONNECTOR"}, {"FROM_COMP": "cross_bar_5", "FROM_CONN": "TOP_CONNECTOR", "TO_COMP": "cross_bar_5_TOP", "TO_CONN": "FRONT_CONNECTOR"}, {"FROM_COMP": "cross_bar_5", "FROM_CONN": "LEFT_CONNECTOR", "TO_COMP": "cross_bar_5_LEFT", "TO_CONN": "FRONT_CONNECTOR"}, {"FROM_COMP": "cross_bar_5", "FROM_CONN": "BOTTOM_CONNECTOR", "TO_COMP": "cross_bar_5_BOTTOM", "TO_CONN": "FRONT_CONNECTOR"}, {"FROM_COMP": "cross_bar_5", "FROM_CONN": "FRONT_CONNECTOR", "TO_COMP": "wing_pair_4", "TO_CONN": "REAR_CONNECTOR"}, {"FROM_COMP": "cross_bar_5_TOP", "FROM_CONN": "FRONT_CONNECTOR", "TO_COMP": "cross_bar_5", "TO_CONN": "TOP_CONNECTOR"}, {"FROM_COMP": "battery_controller", "FROM_CONN": "MotorPower", "TO_COMP": "motor_prop_3_motor", "TO_CONN": "MotorPower"}, {"FROM_COMP": "battery_controller", "FROM_CONN": "MotorPower", "TO_COMP": "motor_prop_1_motor", "TO_CONN": "MotorPower"}, {"FROM_COMP": "battery_controller", "FROM_CONN": "MotorPower", "TO_COMP": "motor_prop_5_motor", "TO_CONN": "MotorPower"}, {"FROM_COMP": "battery_controller", "FROM_CONN": "MotorPower", "TO_COMP": "motor_prop_2_motor", "TO_CONN": "MotorPower"}, {"FROM_COMP": "battery_controller", "FROM_CONN": "MotorPower", "TO_COMP": "motor_prop_4_motor", "TO_CONN": "MotorPower"}, {"FROM_COMP": "battery_controller", "FROM_CONN": "MotorPower", "TO_COMP": "motor_prop_6_motor", "TO_CONN": "MotorPower"}, {"FROM_COMP": "battery_controller", "FROM_CONN": "BatteryPower", "TO_COMP": "right_battery", "TO_CONN": "PowerBus"}, {"FROM_COMP": "battery_controller", "FROM_CONN": "BatteryPower", "TO_COMP": "left_battery", "TO_CONN": "PowerBus"}, {"FROM_COMP": "motor_prop_5_prop", "FROM_CONN": "MOTOR_CONNECTOR_CS_IN", "TO_COMP": "motor_prop_5_motor", "TO_CONN": "Prop_Connector"}, {"FROM_COMP": "cross_bar_1", "FROM_CONN": "BOTTOM_CONNECTOR", "TO_COMP": "cross_bar_1_BOTTOM", "TO_CONN": "FRONT_CONNECTOR"}, {"FROM_COMP": "cross_bar_1", "FROM_CONN": "FRONT_CONNECTOR", "TO_COMP": "fuselage", "TO_CONN": "TOP_CONNECTOR"}, {"FROM_COMP": "cross_bar_1", "FROM_CONN": "RIGHT_CONNECTOR", "TO_COMP": "cross_bar_1_RIGHT", "TO_CONN": "FRONT_CONNECTOR"}, {"FROM_COMP": "cross_bar_1", "FROM_CONN": "LEFT_CONNECTOR", "TO_COMP": "cross_bar_1_LEFT", "TO_CONN": "FRONT_CONNECTOR"}, {"FROM_COMP": "cross_bar_1", "FROM_CONN": "TOP_CONNECTOR", "TO_COMP": "cross_bar_1_TOP", "TO_CONN": "FRONT_CONNECTOR"}, {"FROM_COMP": "cross_bar_1_TOP", "FROM_CONN": "FRONT_CONNECTOR", "TO_COMP": "cross_bar_1", "TO_CONN": "TOP_CONNECTOR"}, {"FROM_COMP": "cross_bar_6_RIGHT", "FROM_CONN": "FRONT_CONNECTOR", "TO_COMP": "cross_bar_6", "TO_CONN": "RIGHT_CONNECTOR"}, {"FROM_COMP": "rail_4", "FROM_CONN": "FRONT_CONNECTOR", "TO_COMP": "cross_bar_6_TOP", "TO_CONN": "RIGHT_CONNECTOR"}, {"FROM_COMP": "cross_bar_3_RIGHT", "FROM_CONN": "FRONT_CONNECTOR", "TO_COMP": "cross_bar_3", "TO_CONN": "RIGHT_CONNECTOR"}, {"FROM_COMP": "wing_pair_1_l", "FROM_CONN": "Connector_2", "TO_COMP": "wing_pair_1", "TO_CONN": "TOP_CONNECTOR"}, {"FROM_COMP": "motor_prop_1_prop", "FROM_CONN": "MOTOR_CONNECTOR_CS_IN", "TO_COMP": "motor_prop_1_motor", "TO_CONN": "Prop_Connector"}, {"FROM_COMP": "cross_bar_4_LEFT", "FROM_CONN": "FRONT_CONNECTOR", "TO_COMP": "cross_bar_4", "TO_CONN": "LEFT_CONNECTOR"}, {"FROM_COMP": "motor_prop_4_motor", "FROM_CONN": "Base_Connector", "TO_COMP": "wing_pair_3", "TO_CONN": "REAR_CONNECTOR"}, {"FROM_COMP": "motor_prop_4_motor", "FROM_CONN": "Prop_Connector", "TO_COMP": "motor_prop_4_prop", "TO_CONN": "MOTOR_CONNECTOR_CS_IN"}, {"FROM_COMP": "motor_prop_4_motor", "FROM_CONN": "MotorPower", "TO_COMP": "battery_controller", "TO_CONN": "MotorPower"}, {"FROM_COMP": "wing_pair_4_l", "FROM_CONN": "Connector_2", "TO_COMP": "wing_pair_4", "TO_CONN": "TOP_CONNECTOR"}, {"FROM_COMP": "cross_bar_5_BOTTOM", "FROM_CONN": "FRONT_CONNECTOR", "TO_COMP": "cross_bar_5", "TO_CONN": "BOTTOM_CONNECTOR"}, {"FROM_COMP": "cross_bar_5_RIGHT", "FROM_CONN": "FRONT_CONNECTOR", "TO_COMP": "cross_bar_5", "TO_CONN": "RIGHT_CONNECTOR"}, {"FROM_COMP": "motor_prop_6_prop", "FROM_CONN": "MOTOR_CONNECTOR_CS_IN", "TO_COMP": "motor_prop_6_motor", "TO_CONN": "Prop_Connector"}, {"FROM_COMP": "Orient", "FROM_CONN": "ORIENTCONN", "TO_COMP": "fuselage", "TO_CONN": "ORIENT"}, {"FROM_COMP": "left_wing", "FROM_CONN": "Connector_2", "TO_COMP": "fuselage", "TO_CONN": "LEFT_CONNECTOR"}, {"FROM_COMP": "left_wing", "FROM_CONN": "Battery_Connector_2", "TO_COMP": "left_battery", "TO_CONN": "Battery_Connector_2_out"}, {"FROM_COMP": "right_battery", "FROM_CONN": "PowerBus", "TO_COMP": "battery_controller", "TO_CONN": "BatteryPower"}, {"FROM_COMP": "right_battery", "FROM_CONN": "Battery_Connector_1_out", "TO_COMP": "right_wing", "TO_CONN": "Battery_Connector_1"}, {"FROM_COMP": "cross_bar_1_BOTTOM", "FROM_CONN": "FRONT_CONNECTOR", "TO_COMP": "cross_bar_1", "TO_CONN": "BOTTOM_CONNECTOR"}, {"FROM_COMP": "cross_bar_2_TOP", "FROM_CONN": "FRONT_CONNECTOR", "TO_COMP": "cross_bar_2", "TO_CONN": "TOP_CONNECTOR"}, {"FROM_COMP": "cross_bar_3", "FROM_CONN": "TOP_CONNECTOR", "TO_COMP": "cross_bar_3_TOP", "TO_CONN": "FRONT_CONNECTOR"}, {"FROM_COMP": "cross_bar_3", "FROM_CONN": "BOTTOM_CONNECTOR", "TO_COMP": "cross_bar_3_BOTTOM", "TO_CONN": "FRONT_CONNECTOR"}, {"FROM_COMP": "cross_bar_3", "FROM_CONN": "RIGHT_CONNECTOR", "TO_COMP": "cross_bar_3_RIGHT", "TO_CONN": "FRONT_CONNECTOR"}, {"FROM_COMP": "cross_bar_3", "FROM_CONN": "FRONT_CONNECTOR", "TO_COMP": "cross_bar_2_BOTTOM", "TO_CONN": "RIGHT_CONNECTOR"}, {"FROM_COMP": "cross_bar_3", "FROM_CONN": "LEFT_CONNECTOR", "TO_COMP": "cross_bar_3_LEFT", "TO_CONN": "FRONT_CONNECTOR"}, {"FROM_COMP": "cross_bar_4_TOP", "FROM_CONN": "FRONT_CONNECTOR", "TO_COMP": "cross_bar_4", "TO_CONN": "TOP_CONNECTOR"}, {"FROM_COMP": "cross_bar_4_BOTTOM", "FROM_CONN": "FRONT_CONNECTOR", "TO_COMP": "motor_prop_2_motor", "TO_CONN": "Base_Connector"}, {"FROM_COMP": "cross_bar_4_BOTTOM", "FROM_CONN": "FRONT_CONNECTOR", "TO_COMP": "cross_bar_4", "TO_CONN": "BOTTOM_CONNECTOR"}, {"FROM_COMP": "cross_bar_4_RIGHT", "FROM_CONN": "FRONT_CONNECTOR", "TO_COMP": "cross_bar_4", "TO_CONN": "RIGHT_CONNECTOR"}, {"FROM_COMP": "wing_pair_3_r", "FROM_CONN": "Connector_1", "TO_COMP": "wing_pair_3", "TO_CONN": "RIGHT_CONNECTOR"}, {"FROM_COMP": "motor_prop_5_motor", "FROM_CONN": "MotorPower", "TO_COMP": "battery_controller", "TO_CONN": "MotorPower"}, {"FROM_COMP": "motor_prop_5_motor", "FROM_CONN": "Prop_Connector", "TO_COMP": "motor_prop_5_prop", "TO_CONN": "MOTOR_CONNECTOR_CS_IN"}, {"FROM_COMP": "motor_prop_5_motor", "FROM_CONN": "Base_Connector", "TO_COMP": "cross_bar_5_LEFT", "TO_CONN": "BOTTOM_CONNECTOR"}, {"FROM_COMP": "cross_bar_6_TOP", "FROM_CONN": "RIGHT_CONNECTOR", "TO_COMP": "motor_prop_6_motor", "TO_CONN": "Base_Connector"}, {"FROM_COMP": "cross_bar_6_TOP", "FROM_CONN": "RIGHT_CONNECTOR", "TO_COMP": "rail_4", "TO_CONN": "FRONT_CONNECTOR"}, {"FROM_COMP": "cross_bar_6_TOP", "FROM_CONN": "FRONT_CONNECTOR", "TO_COMP": "cross_bar_6", "TO_CONN": "TOP_CONNECTOR"}, {"FROM_COMP": "cross_bar_6_LEFT", "FROM_CONN": "FRONT_CONNECTOR", "TO_COMP": "cross_bar_6", "TO_CONN": "LEFT_CONNECTOR"}, {"FROM_COMP": "motor_prop_6_motor", "FROM_CONN": "Base_Connector", "TO_COMP": "cross_bar_6_TOP", "TO_CONN": "RIGHT_CONNECTOR"}, {"FROM_COMP": "motor_prop_6_motor", "FROM_CONN": "MotorPower", "TO_COMP": "battery_controller", "TO_CONN": "MotorPower"}, {"FROM_COMP": "motor_prop_6_motor", "FROM_CONN": "Prop_Connector", "TO_COMP": "motor_prop_6_prop", "TO_CONN": "MOTOR_CONNECTOR_CS_IN"}]