[{"COMP_NAME": "fuselage", "LIB_NAME": "FUSE_SPHERE_CYL_CONE", "PROP_NAME": "WALL_THICKNESS", "PROP_VALUE": "3"}, {"COMP_NAME": "cross_bar_1_LEFT", "LIB_NAME": "PORTED_CYL", "PROP_NAME": "WALL_THICKNESS", "PROP_VALUE": "3"}, {"COMP_NAME": "cross_bar_1_RIGHT", "LIB_NAME": "PORTED_CYL", "PROP_NAME": "WALL_THICKNESS", "PROP_VALUE": "3"}, {"COMP_NAME": "cross_bar_3_LEFT", "LIB_NAME": "PORTED_CYL", "PROP_NAME": "WALL_THICKNESS", "PROP_VALUE": "3"}, {"COMP_NAME": "cross_bar_2_BOTTOM", "LIB_NAME": "PORTED_CYL", "PROP_NAME": "WALL_THICKNESS", "PROP_VALUE": "3"}, {"COMP_NAME": "cross_bar_2_LEFT", "LIB_NAME": "PORTED_CYL", "PROP_NAME": "WALL_THICKNESS", "PROP_VALUE": "3"}, {"COMP_NAME": "left_battery", "LIB_NAME": "VitalyBeta", "PROP_NAME": "BASE_VOLTAGE", "PROP_VALUE": "11.1"}, {"COMP_NAME": "left_battery", "LIB_NAME": "VitalyBeta", "PROP_NAME": "CAPACITY", "PROP_VALUE": "1.0"}, {"COMP_NAME": "left_battery", "LIB_NAME": "VitalyBeta", "PROP_NAME": "MODULE_MASS", "PROP_VALUE": "0.004"}, {"COMP_NAME": "left_battery", "LIB_NAME": "VitalyBeta", "PROP_NAME": "BATTERY_TYPE", "PROP_VALUE": "Wing"}, {"COMP_NAME": "left_battery", "LIB_NAME": "VitalyBeta", "PROP_NAME": "MODULE_VOLUME", "PROP_VALUE": "87500.0"}, {"COMP_NAME": "left_battery", "LIB_NAME": "VitalyBeta", "PROP_NAME": "PEAK_DISCHARGE_RATE", "PROP_VALUE": "0.1"}, {"COMP_NAME": "left_battery", "LIB_NAME": "VitalyBeta", "PROP_NAME": "CONT_DISCHARGE_RATE", "PROP_VALUE": "0.01"}, {"COMP_NAME": "cross_bar_2", "LIB_NAME": "PORTED_CYL", "PROP_NAME": "WALL_THICKNESS", "PROP_VALUE": "3"}, {"COMP_NAME": "passenger1", "LIB_NAME": "Passenger", "PROP_NAME": "WEIGHT", "PROP_VALUE": "90"}, {"COMP_NAME": "passenger2", "LIB_NAME": "Passenger", "PROP_NAME": "WEIGHT", "PROP_VALUE": "90"}, {"COMP_NAME": "wing_pair_2", "LIB_NAME": "PORTED_CYL", "PROP_NAME": "WALL_THICKNESS", "PROP_VALUE": "3"}, {"COMP_NAME": "motor_prop_2_prop", "LIB_NAME": "62x5_2_3200_46_1150", "PROP_NAME": "Weight", "PROP_VALUE": "0.831"}, {"COMP_NAME": "motor_prop_2_prop", "LIB_NAME": "62x5_2_3200_46_1150", "PROP_NAME": "HUB_THICKNESS", "PROP_VALUE": "118.10999999999999"}, {"COMP_NAME": "motor_prop_2_prop", "LIB_NAME": "62x5_2_3200_46_1150", "PROP_NAME": "PITCH", "PROP_VALUE": "127.0"}, {"COMP_NAME": "motor_prop_2_prop", "LIB_NAME": "62x5_2_3200_46_1150", "PROP_NAME": "MODEL", "PROP_VALUE": "62x5_2_3200_46_1150"}, {"COMP_NAME": "motor_prop_2_prop", "LIB_NAME": "62x5_2_3200_46_1150", "PROP_NAME": "DIAMETER", "PROP_VALUE": "1574.8"}, {"COMP_NAME": "motor_prop_2_prop", "LIB_NAME": "62x5_2_3200_46_1150", "PROP_NAME": "Performance_File", "PROP_VALUE": "62x5_2_3200_46_1150.dat"}, {"COMP_NAME": "motor_prop_2_prop", "LIB_NAME": "62x5_2_3200_46_1150", "PROP_NAME": "SHAFT_DIAMETER", "PROP_VALUE": "47"}, {"COMP_NAME": "rail_1", "LIB_NAME": "PORTED_CYL", "PROP_NAME": "WALL_THICKNESS", "PROP_VALUE": "3"}, {"COMP_NAME": "cross_bar_2_RIGHT", "LIB_NAME": "PORTED_CYL", "PROP_NAME": "WALL_THICKNESS", "PROP_VALUE": "3"}, {"COMP_NAME": "motor_prop_3_prop", "LIB_NAME": "62x5_2_3200_46_1150", "PROP_NAME": "Weight", "PROP_VALUE": "0.831"}, {"COMP_NAME": "motor_prop_3_prop", "LIB_NAME": "62x5_2_3200_46_1150", "PROP_NAME": "HUB_THICKNESS", "PROP_VALUE": "118.10999999999999"}, {"COMP_NAME": "motor_prop_3_prop", "LIB_NAME": "62x5_2_3200_46_1150", "PROP_NAME": "PITCH", "PROP_VALUE": "127.0"}, {"COMP_NAME": "motor_prop_3_prop", "LIB_NAME": "62x5_2_3200_46_1150", "PROP_NAME": "MODEL", "PROP_VALUE": "62x5_2_3200_46_1150"}, {"COMP_NAME": "motor_prop_3_prop", "LIB_NAME": "62x5_2_3200_46_1150", "PROP_NAME": "DIAMETER", "PROP_VALUE": "1574.8"}, {"COMP_NAME": "motor_prop_3_prop", "LIB_NAME": "62x5_2_3200_46_1150", "PROP_NAME": "Performance_File", "PROP_VALUE": "62x5_2_3200_46_1150.dat"}, {"COMP_NAME": "motor_prop_3_prop", "LIB_NAME": "62x5_2_3200_46_1150", "PROP_NAME": "SHAFT_DIAMETER", "PROP_VALUE": "47"}, {"COMP_NAME": "cross_bar_3_TOP", "LIB_NAME": "PORTED_CYL", "PROP_NAME": "WALL_THICKNESS", "PROP_VALUE": "3"}, {"COMP_NAME": "cross_bar_3_BOTTOM", "LIB_NAME": "PORTED_CYL", "PROP_NAME": "WALL_THICKNESS", "PROP_VALUE": "3"}, {"COMP_NAME": "wing_pair_3", "LIB_NAME": "PORTED_CYL", "PROP_NAME": "WALL_THICKNESS", "PROP_VALUE": "3"}, {"COMP_NAME": "wing_pair_1", "LIB_NAME": "PORTED_CYL", "PROP_NAME": "WALL_THICKNESS", "PROP_VALUE": "3"}, {"COMP_NAME": "wing_pair_4", "LIB_NAME": "PORTED_CYL", "PROP_NAME": "WALL_THICKNESS", "PROP_VALUE": "3"}, {"COMP_NAME": "rail_2", "LIB_NAME": "PORTED_CYL", "PROP_NAME": "WALL_THICKNESS", "PROP_VALUE": "3"}, {"COMP_NAME": "motor_prop_3_motor", "LIB_NAME": "MAGiDRIVE150", "PROP_NAME": "LENGTH", "PROP_VALUE": "140.0"}, {"COMP_NAME": "motor_prop_3_motor", "LIB_NAME": "MAGiDRIVE150", "PROP_NAME": "ESC_BEC_Class", "PROP_VALUE": "nan"}, {"COMP_NAME": "motor_prop_3_motor", "LIB_NAME": "MAGiDRIVE150", "PROP_NAME": "WEIGHT", "PROP_VALUE": "35.0"}, {"COMP_NAME": "motor_prop_3_motor", "LIB_NAME": "MAGiDRIVE150", "PROP_NAME": "COST", "PROP_VALUE": "0"}, {"COMP_NAME": "motor_prop_3_motor", "LIB_NAME": "MAGiDRIVE150", "PROP_NAME": "KV", "PROP_VALUE": "5.25"}, {"COMP_NAME": "motor_prop_3_motor", "LIB_NAME": "MAGiDRIVE150", "PROP_NAME": "Poles", "PROP_VALUE": "nan"}, {"COMP_NAME": "motor_prop_3_motor", "LIB_NAME": "MAGiDRIVE150", "PROP_NAME": "Max_Cells", "PROP_VALUE": "217"}, {"COMP_NAME": "motor_prop_3_motor", "LIB_NAME": "MAGiDRIVE150", "PROP_NAME": "CAN_DIAMETER", "PROP_VALUE": "381.0"}, {"COMP_NAME": "motor_prop_3_motor", "LIB_NAME": "MAGiDRIVE150", "PROP_NAME": "KM", "PROP_VALUE": "1.5752254154908345"}, {"COMP_NAME": "motor_prop_3_motor", "LIB_NAME": "MAGiDRIVE150", "PROP_NAME": "MODEL", "PROP_VALUE": "MAGiDRIVE150"}, {"COMP_NAME": "motor_prop_3_motor", "LIB_NAME": "MAGiDRIVE150", "PROP_NAME": "ADAPTER_LENGTH", "PROP_VALUE": "nan"}, {"COMP_NAME": "motor_prop_3_motor", "LIB_NAME": "MAGiDRIVE150", "PROP_NAME": "KT", "PROP_VALUE": "1.8189136353359467"}, {"COMP_NAME": "motor_prop_3_motor", "LIB_NAME": "MAGiDRIVE150", "PROP_NAME": "ADAPTER_DIAMETER", "PROP_VALUE": "nan"}, {"COMP_NAME": "motor_prop_3_motor", "LIB_NAME": "MAGiDRIVE150", "PROP_NAME": "Min_Cells", "PROP_VALUE": "108"}, {"COMP_NAME": "motor_prop_3_motor", "LIB_NAME": "MAGiDRIVE150", "PROP_NAME": "PROP_SIZE_REC", "PROP_VALUE": "nan"}, {"COMP_NAME": "motor_prop_3_motor", "LIB_NAME": "MAGiDRIVE150", "PROP_NAME": "INTERNAL_RESISTANCE", "PROP_VALUE": "1333.3333333333333"}, {"COMP_NAME": "motor_prop_3_motor", "LIB_NAME": "MAGiDRIVE150", "PROP_NAME": "MAX_CURRENT", "PROP_VALUE": "300.0"}, {"COMP_NAME": "motor_prop_3_motor", "LIB_NAME": "MAGiDRIVE150", "PROP_NAME": "MAX_POWER", "PROP_VALUE": "120000.0"}, {"COMP_NAME": "motor_prop_3_motor", "LIB_NAME": "MAGiDRIVE150", "PROP_NAME": "SHAFT_DIAMETER", "PROP_VALUE": "47.0"}, {"COMP_NAME": "motor_prop_3_motor", "LIB_NAME": "MAGiDRIVE150", "PROP_NAME": "CAN_LENGTH", "PROP_VALUE": "130.0"}, {"COMP_NAME": "motor_prop_3_motor", "LIB_NAME": "MAGiDRIVE150", "PROP_NAME": "IO_IDLE_CURRENT_10V", "PROP_VALUE": "8.16"}, {"COMP_NAME": "motor_prop_3_motor", "LIB_NAME": "MAGiDRIVE150", "PROP_NAME": "PROP_PITCH_REC", "PROP_VALUE": "nan"}, {"COMP_NAME": "motor_prop_3_motor", "LIB_NAME": "MAGiDRIVE150", "PROP_NAME": "TOTAL_LENGTH", "PROP_VALUE": "203.0"}, {"COMP_NAME": "motor_prop_1_motor", "LIB_NAME": "MAGiDRIVE150", "PROP_NAME": "LENGTH", "PROP_VALUE": "140.0"}, {"COMP_NAME": "motor_prop_1_motor", "LIB_NAME": "MAGiDRIVE150", "PROP_NAME": "ESC_BEC_Class", "PROP_VALUE": "nan"}, {"COMP_NAME": "motor_prop_1_motor", "LIB_NAME": "MAGiDRIVE150", "PROP_NAME": "WEIGHT", "PROP_VALUE": "35.0"}, {"COMP_NAME": "motor_prop_1_motor", "LIB_NAME": "MAGiDRIVE150", "PROP_NAME": "COST", "PROP_VALUE": "0"}, {"COMP_NAME": "motor_prop_1_motor", "LIB_NAME": "MAGiDRIVE150", "PROP_NAME": "KV", "PROP_VALUE": "5.25"}, {"COMP_NAME": "motor_prop_1_motor", "LIB_NAME": "MAGiDRIVE150", "PROP_NAME": "Poles", "PROP_VALUE": "nan"}, {"COMP_NAME": "motor_prop_1_motor", "LIB_NAME": "MAGiDRIVE150", "PROP_NAME": "Max_Cells", "PROP_VALUE": "217"}, {"COMP_NAME": "motor_prop_1_motor", "LIB_NAME": "MAGiDRIVE150", "PROP_NAME": "CAN_DIAMETER", "PROP_VALUE": "381.0"}, {"COMP_NAME": "motor_prop_1_motor", "LIB_NAME": "MAGiDRIVE150", "PROP_NAME": "KM", "PROP_VALUE": "1.5752254154908345"}, {"COMP_NAME": "motor_prop_1_motor", "LIB_NAME": "MAGiDRIVE150", "PROP_NAME": "MODEL", "PROP_VALUE": "MAGiDRIVE150"}, {"COMP_NAME": "motor_prop_1_motor", "LIB_NAME": "MAGiDRIVE150", "PROP_NAME": "ADAPTER_LENGTH", "PROP_VALUE": "nan"}, {"COMP_NAME": "motor_prop_1_motor", "LIB_NAME": "MAGiDRIVE150", "PROP_NAME": "KT", "PROP_VALUE": "1.8189136353359467"}, {"COMP_NAME": "motor_prop_1_motor", "LIB_NAME": "MAGiDRIVE150", "PROP_NAME": "ADAPTER_DIAMETER", "PROP_VALUE": "nan"}, {"COMP_NAME": "motor_prop_1_motor", "LIB_NAME": "MAGiDRIVE150", "PROP_NAME": "Min_Cells", "PROP_VALUE": "108"}, {"COMP_NAME": "motor_prop_1_motor", "LIB_NAME": "MAGiDRIVE150", "PROP_NAME": "PROP_SIZE_REC", "PROP_VALUE": "nan"}, {"COMP_NAME": "motor_prop_1_motor", "LIB_NAME": "MAGiDRIVE150", "PROP_NAME": "INTERNAL_RESISTANCE", "PROP_VALUE": "1333.3333333333333"}, {"COMP_NAME": "motor_prop_1_motor", "LIB_NAME": "MAGiDRIVE150", "PROP_NAME": "MAX_CURRENT", "PROP_VALUE": "300.0"}, {"COMP_NAME": "motor_prop_1_motor", "LIB_NAME": "MAGiDRIVE150", "PROP_NAME": "MAX_POWER", "PROP_VALUE": "120000.0"}, {"COMP_NAME": "motor_prop_1_motor", "LIB_NAME": "MAGiDRIVE150", "PROP_NAME": "SHAFT_DIAMETER", "PROP_VALUE": "47.0"}, {"COMP_NAME": "motor_prop_1_motor", "LIB_NAME": "MAGiDRIVE150", "PROP_NAME": "CAN_LENGTH", "PROP_VALUE": "130.0"}, {"COMP_NAME": "motor_prop_1_motor", "LIB_NAME": "MAGiDRIVE150", "PROP_NAME": "IO_IDLE_CURRENT_10V", "PROP_VALUE": "8.16"}, {"COMP_NAME": "motor_prop_1_motor", "LIB_NAME": "MAGiDRIVE150", "PROP_NAME": "PROP_PITCH_REC", "PROP_VALUE": "nan"}, {"COMP_NAME": "motor_prop_1_motor", "LIB_NAME": "MAGiDRIVE150", "PROP_NAME": "TOTAL_LENGTH", "PROP_VALUE": "203.0"}, {"COMP_NAME": "cross_bar_4", "LIB_NAME": "PORTED_CYL", "PROP_NAME": "WALL_THICKNESS", "PROP_VALUE": "3"}, {"COMP_NAME": "motor_prop_4_prop", "LIB_NAME": "62x5_2_3200_46_1150", "PROP_NAME": "Weight", "PROP_VALUE": "0.831"}, {"COMP_NAME": "motor_prop_4_prop", "LIB_NAME": "62x5_2_3200_46_1150", "PROP_NAME": "HUB_THICKNESS", "PROP_VALUE": "118.10999999999999"}, {"COMP_NAME": "motor_prop_4_prop", "LIB_NAME": "62x5_2_3200_46_1150", "PROP_NAME": "PITCH", "PROP_VALUE": "127.0"}, {"COMP_NAME": "motor_prop_4_prop", "LIB_NAME": "62x5_2_3200_46_1150", "PROP_NAME": "MODEL", "PROP_VALUE": "62x5_2_3200_46_1150"}, {"COMP_NAME": "motor_prop_4_prop", "LIB_NAME": "62x5_2_3200_46_1150", "PROP_NAME": "DIAMETER", "PROP_VALUE": "1574.8"}, {"COMP_NAME": "motor_prop_4_prop", "LIB_NAME": "62x5_2_3200_46_1150", "PROP_NAME": "Performance_File", "PROP_VALUE": "62x5_2_3200_46_1150.dat"}, {"COMP_NAME": "motor_prop_4_prop", "LIB_NAME": "62x5_2_3200_46_1150", "PROP_NAME": "SHAFT_DIAMETER", "PROP_VALUE": "47"}, {"COMP_NAME": "motor_prop_2_motor", "LIB_NAME": "MAGiDRIVE150", "PROP_NAME": "LENGTH", "PROP_VALUE": "140.0"}, {"COMP_NAME": "motor_prop_2_motor", "LIB_NAME": "MAGiDRIVE150", "PROP_NAME": "ESC_BEC_Class", "PROP_VALUE": "nan"}, {"COMP_NAME": "motor_prop_2_motor", "LIB_NAME": "MAGiDRIVE150", "PROP_NAME": "WEIGHT", "PROP_VALUE": "35.0"}, {"COMP_NAME": "motor_prop_2_motor", "LIB_NAME": "MAGiDRIVE150", "PROP_NAME": "COST", "PROP_VALUE": "0"}, {"COMP_NAME": "motor_prop_2_motor", "LIB_NAME": "MAGiDRIVE150", "PROP_NAME": "KV", "PROP_VALUE": "5.25"}, {"COMP_NAME": "motor_prop_2_motor", "LIB_NAME": "MAGiDRIVE150", "PROP_NAME": "Poles", "PROP_VALUE": "nan"}, {"COMP_NAME": "motor_prop_2_motor", "LIB_NAME": "MAGiDRIVE150", "PROP_NAME": "Max_Cells", "PROP_VALUE": "217"}, {"COMP_NAME": "motor_prop_2_motor", "LIB_NAME": "MAGiDRIVE150", "PROP_NAME": "CAN_DIAMETER", "PROP_VALUE": "381.0"}, {"COMP_NAME": "motor_prop_2_motor", "LIB_NAME": "MAGiDRIVE150", "PROP_NAME": "KM", "PROP_VALUE": "1.5752254154908345"}, {"COMP_NAME": "motor_prop_2_motor", "LIB_NAME": "MAGiDRIVE150", "PROP_NAME": "MODEL", "PROP_VALUE": "MAGiDRIVE150"}, {"COMP_NAME": "motor_prop_2_motor", "LIB_NAME": "MAGiDRIVE150", "PROP_NAME": "ADAPTER_LENGTH", "PROP_VALUE": "nan"}, {"COMP_NAME": "motor_prop_2_motor", "LIB_NAME": "MAGiDRIVE150", "PROP_NAME": "KT", "PROP_VALUE": "1.8189136353359467"}, {"COMP_NAME": "motor_prop_2_motor", "LIB_NAME": "MAGiDRIVE150", "PROP_NAME": "ADAPTER_DIAMETER", "PROP_VALUE": "nan"}, {"COMP_NAME": "motor_prop_2_motor", "LIB_NAME": "MAGiDRIVE150", "PROP_NAME": "Min_Cells", "PROP_VALUE": "108"}, {"COMP_NAME": "motor_prop_2_motor", "LIB_NAME": "MAGiDRIVE150", "PROP_NAME": "PROP_SIZE_REC", "PROP_VALUE": "nan"}, {"COMP_NAME": "motor_prop_2_motor", "LIB_NAME": "MAGiDRIVE150", "PROP_NAME": "INTERNAL_RESISTANCE", "PROP_VALUE": "1333.3333333333333"}, {"COMP_NAME": "motor_prop_2_motor", "LIB_NAME": "MAGiDRIVE150", "PROP_NAME": "MAX_CURRENT", "PROP_VALUE": "300.0"}, {"COMP_NAME": "motor_prop_2_motor", "LIB_NAME": "MAGiDRIVE150", "PROP_NAME": "MAX_POWER", "PROP_VALUE": "120000.0"}, {"COMP_NAME": "motor_prop_2_motor", "LIB_NAME": "MAGiDRIVE150", "PROP_NAME": "SHAFT_DIAMETER", "PROP_VALUE": "47.0"}, {"COMP_NAME": "motor_prop_2_motor", "LIB_NAME": "MAGiDRIVE150", "PROP_NAME": "CAN_LENGTH", "PROP_VALUE": "130.0"}, {"COMP_NAME": "motor_prop_2_motor", "LIB_NAME": "MAGiDRIVE150", "PROP_NAME": "IO_IDLE_CURRENT_10V", "PROP_VALUE": "8.16"}, {"COMP_NAME": "motor_prop_2_motor", "LIB_NAME": "MAGiDRIVE150", "PROP_NAME": "PROP_PITCH_REC", "PROP_VALUE": "nan"}, {"COMP_NAME": "motor_prop_2_motor", "LIB_NAME": "MAGiDRIVE150", "PROP_NAME": "TOTAL_LENGTH", "PROP_VALUE": "203.0"}, {"COMP_NAME": "cross_bar_6", "LIB_NAME": "PORTED_CYL", "PROP_NAME": "WALL_THICKNESS", "PROP_VALUE": "3"}, {"COMP_NAME": "cross_bar_6_BOTTOM", "LIB_NAME": "PORTED_CYL", "PROP_NAME": "WALL_THICKNESS", "PROP_VALUE": "3"}, {"COMP_NAME": "rail_3", "LIB_NAME": "PORTED_CYL", "PROP_NAME": "WALL_THICKNESS", "PROP_VALUE": "3"}, {"COMP_NAME": "cross_bar_5_LEFT", "LIB_NAME": "PORTED_CYL", "PROP_NAME": "WALL_THICKNESS", "PROP_VALUE": "3"}, {"COMP_NAME": "cross_bar_5", "LIB_NAME": "PORTED_CYL", "PROP_NAME": "WALL_THICKNESS", "PROP_VALUE": "3"}, {"COMP_NAME": "cross_bar_5_TOP", "LIB_NAME": "PORTED_CYL", "PROP_NAME": "WALL_THICKNESS", "PROP_VALUE": "3"}, {"COMP_NAME": "motor_prop_5_prop", "LIB_NAME": "62x5_2_3200_46_1150", "PROP_NAME": "Weight", "PROP_VALUE": "0.831"}, {"COMP_NAME": "motor_prop_5_prop", "LIB_NAME": "62x5_2_3200_46_1150", "PROP_NAME": "HUB_THICKNESS", "PROP_VALUE": "118.10999999999999"}, {"COMP_NAME": "motor_prop_5_prop", "LIB_NAME": "62x5_2_3200_46_1150", "PROP_NAME": "PITCH", "PROP_VALUE": "127.0"}, {"COMP_NAME": "motor_prop_5_prop", "LIB_NAME": "62x5_2_3200_46_1150", "PROP_NAME": "MODEL", "PROP_VALUE": "62x5_2_3200_46_1150"}, {"COMP_NAME": "motor_prop_5_prop", "LIB_NAME": "62x5_2_3200_46_1150", "PROP_NAME": "DIAMETER", "PROP_VALUE": "1574.8"}, {"COMP_NAME": "motor_prop_5_prop", "LIB_NAME": "62x5_2_3200_46_1150", "PROP_NAME": "Performance_File", "PROP_VALUE": "62x5_2_3200_46_1150.dat"}, {"COMP_NAME": "motor_prop_5_prop", "LIB_NAME": "62x5_2_3200_46_1150", "PROP_NAME": "SHAFT_DIAMETER", "PROP_VALUE": "47"}, {"COMP_NAME": "cross_bar_1", "LIB_NAME": "PORTED_CYL", "PROP_NAME": "WALL_THICKNESS", "PROP_VALUE": "3"}, {"COMP_NAME": "cross_bar_1_TOP", "LIB_NAME": "PORTED_CYL", "PROP_NAME": "WALL_THICKNESS", "PROP_VALUE": "3"}, {"COMP_NAME": "cross_bar_6_RIGHT", "LIB_NAME": "PORTED_CYL", "PROP_NAME": "WALL_THICKNESS", "PROP_VALUE": "3"}, {"COMP_NAME": "rail_4", "LIB_NAME": "PORTED_CYL", "PROP_NAME": "WALL_THICKNESS", "PROP_VALUE": "3"}, {"COMP_NAME": "cross_bar_3_RIGHT", "LIB_NAME": "PORTED_CYL", "PROP_NAME": "WALL_THICKNESS", "PROP_VALUE": "3"}, {"COMP_NAME": "motor_prop_1_prop", "LIB_NAME": "62x5_2_3200_46_1150", "PROP_NAME": "Weight", "PROP_VALUE": "0.831"}, {"COMP_NAME": "motor_prop_1_prop", "LIB_NAME": "62x5_2_3200_46_1150", "PROP_NAME": "HUB_THICKNESS", "PROP_VALUE": "118.10999999999999"}, {"COMP_NAME": "motor_prop_1_prop", "LIB_NAME": "62x5_2_3200_46_1150", "PROP_NAME": "PITCH", "PROP_VALUE": "127.0"}, {"COMP_NAME": "motor_prop_1_prop", "LIB_NAME": "62x5_2_3200_46_1150", "PROP_NAME": "MODEL", "PROP_VALUE": "62x5_2_3200_46_1150"}, {"COMP_NAME": "motor_prop_1_prop", "LIB_NAME": "62x5_2_3200_46_1150", "PROP_NAME": "DIAMETER", "PROP_VALUE": "1574.8"}, {"COMP_NAME": "motor_prop_1_prop", "LIB_NAME": "62x5_2_3200_46_1150", "PROP_NAME": "Performance_File", "PROP_VALUE": "62x5_2_3200_46_1150.dat"}, {"COMP_NAME": "motor_prop_1_prop", "LIB_NAME": "62x5_2_3200_46_1150", "PROP_NAME": "SHAFT_DIAMETER", "PROP_VALUE": "47"}, {"COMP_NAME": "cross_bar_4_LEFT", "LIB_NAME": "PORTED_CYL", "PROP_NAME": "WALL_THICKNESS", "PROP_VALUE": "3"}, {"COMP_NAME": "motor_prop_4_motor", "LIB_NAME": "MAGiDRIVE150", "PROP_NAME": "LENGTH", "PROP_VALUE": "140.0"}, {"COMP_NAME": "motor_prop_4_motor", "LIB_NAME": "MAGiDRIVE150", "PROP_NAME": "ESC_BEC_Class", "PROP_VALUE": "nan"}, {"COMP_NAME": "motor_prop_4_motor", "LIB_NAME": "MAGiDRIVE150", "PROP_NAME": "WEIGHT", "PROP_VALUE": "35.0"}, {"COMP_NAME": "motor_prop_4_motor", "LIB_NAME": "MAGiDRIVE150", "PROP_NAME": "COST", "PROP_VALUE": "0"}, {"COMP_NAME": "motor_prop_4_motor", "LIB_NAME": "MAGiDRIVE150", "PROP_NAME": "KV", "PROP_VALUE": "5.25"}, {"COMP_NAME": "motor_prop_4_motor", "LIB_NAME": "MAGiDRIVE150", "PROP_NAME": "Poles", "PROP_VALUE": "nan"}, {"COMP_NAME": "motor_prop_4_motor", "LIB_NAME": "MAGiDRIVE150", "PROP_NAME": "Max_Cells", "PROP_VALUE": "217"}, {"COMP_NAME": "motor_prop_4_motor", "LIB_NAME": "MAGiDRIVE150", "PROP_NAME": "CAN_DIAMETER", "PROP_VALUE": "381.0"}, {"COMP_NAME": "motor_prop_4_motor", "LIB_NAME": "MAGiDRIVE150", "PROP_NAME": "KM", "PROP_VALUE": "1.5752254154908345"}, {"COMP_NAME": "motor_prop_4_motor", "LIB_NAME": "MAGiDRIVE150", "PROP_NAME": "MODEL", "PROP_VALUE": "MAGiDRIVE150"}, {"COMP_NAME": "motor_prop_4_motor", "LIB_NAME": "MAGiDRIVE150", "PROP_NAME": "ADAPTER_LENGTH", "PROP_VALUE": "nan"}, {"COMP_NAME": "motor_prop_4_motor", "LIB_NAME": "MAGiDRIVE150", "PROP_NAME": "KT", "PROP_VALUE": "1.8189136353359467"}, {"COMP_NAME": "motor_prop_4_motor", "LIB_NAME": "MAGiDRIVE150", "PROP_NAME": "ADAPTER_DIAMETER", "PROP_VALUE": "nan"}, {"COMP_NAME": "motor_prop_4_motor", "LIB_NAME": "MAGiDRIVE150", "PROP_NAME": "Min_Cells", "PROP_VALUE": "108"}, {"COMP_NAME": "motor_prop_4_motor", "LIB_NAME": "MAGiDRIVE150", "PROP_NAME": "PROP_SIZE_REC", "PROP_VALUE": "nan"}, {"COMP_NAME": "motor_prop_4_motor", "LIB_NAME": "MAGiDRIVE150", "PROP_NAME": "INTERNAL_RESISTANCE", "PROP_VALUE": "1333.3333333333333"}, {"COMP_NAME": "motor_prop_4_motor", "LIB_NAME": "MAGiDRIVE150", "PROP_NAME": "MAX_CURRENT", "PROP_VALUE": "300.0"}, {"COMP_NAME": "motor_prop_4_motor", "LIB_NAME": "MAGiDRIVE150", "PROP_NAME": "MAX_POWER", "PROP_VALUE": "120000.0"}, {"COMP_NAME": "motor_prop_4_motor", "LIB_NAME": "MAGiDRIVE150", "PROP_NAME": "SHAFT_DIAMETER", "PROP_VALUE": "47.0"}, {"COMP_NAME": "motor_prop_4_motor", "LIB_NAME": "MAGiDRIVE150", "PROP_NAME": "CAN_LENGTH", "PROP_VALUE": "130.0"}, {"COMP_NAME": "motor_prop_4_motor", "LIB_NAME": "MAGiDRIVE150", "PROP_NAME": "IO_IDLE_CURRENT_10V", "PROP_VALUE": "8.16"}, {"COMP_NAME": "motor_prop_4_motor", "LIB_NAME": "MAGiDRIVE150", "PROP_NAME": "PROP_PITCH_REC", "PROP_VALUE": "nan"}, {"COMP_NAME": "motor_prop_4_motor", "LIB_NAME": "MAGiDRIVE150", "PROP_NAME": "TOTAL_LENGTH", "PROP_VALUE": "203.0"}, {"COMP_NAME": "cross_bar_5_BOTTOM", "LIB_NAME": "PORTED_CYL", "PROP_NAME": "WALL_THICKNESS", "PROP_VALUE": "3"}, {"COMP_NAME": "cross_bar_5_RIGHT", "LIB_NAME": "PORTED_CYL", "PROP_NAME": "WALL_THICKNESS", "PROP_VALUE": "3"}, {"COMP_NAME": "motor_prop_6_prop", "LIB_NAME": "62x5_2_3200_46_1150", "PROP_NAME": "Weight", "PROP_VALUE": "0.831"}, {"COMP_NAME": "motor_prop_6_prop", "LIB_NAME": "62x5_2_3200_46_1150", "PROP_NAME": "HUB_THICKNESS", "PROP_VALUE": "118.10999999999999"}, {"COMP_NAME": "motor_prop_6_prop", "LIB_NAME": "62x5_2_3200_46_1150", "PROP_NAME": "PITCH", "PROP_VALUE": "127.0"}, {"COMP_NAME": "motor_prop_6_prop", "LIB_NAME": "62x5_2_3200_46_1150", "PROP_NAME": "MODEL", "PROP_VALUE": "62x5_2_3200_46_1150"}, {"COMP_NAME": "motor_prop_6_prop", "LIB_NAME": "62x5_2_3200_46_1150", "PROP_NAME": "DIAMETER", "PROP_VALUE": "1574.8"}, {"COMP_NAME": "motor_prop_6_prop", "LIB_NAME": "62x5_2_3200_46_1150", "PROP_NAME": "Performance_File", "PROP_VALUE": "62x5_2_3200_46_1150.dat"}, {"COMP_NAME": "motor_prop_6_prop", "LIB_NAME": "62x5_2_3200_46_1150", "PROP_NAME": "SHAFT_DIAMETER", "PROP_VALUE": "47"}, {"COMP_NAME": "right_battery", "LIB_NAME": "VitalyBeta", "PROP_NAME": "BASE_VOLTAGE", "PROP_VALUE": "11.1"}, {"COMP_NAME": "right_battery", "LIB_NAME": "VitalyBeta", "PROP_NAME": "CAPACITY", "PROP_VALUE": "1.0"}, {"COMP_NAME": "right_battery", "LIB_NAME": "VitalyBeta", "PROP_NAME": "MODULE_MASS", "PROP_VALUE": "0.004"}, {"COMP_NAME": "right_battery", "LIB_NAME": "VitalyBeta", "PROP_NAME": "BATTERY_TYPE", "PROP_VALUE": "Wing"}, {"COMP_NAME": "right_battery", "LIB_NAME": "VitalyBeta", "PROP_NAME": "MODULE_VOLUME", "PROP_VALUE": "87500.0"}, {"COMP_NAME": "right_battery", "LIB_NAME": "VitalyBeta", "PROP_NAME": "PEAK_DISCHARGE_RATE", "PROP_VALUE": "0.1"}, {"COMP_NAME": "right_battery", "LIB_NAME": "VitalyBeta", "PROP_NAME": "CONT_DISCHARGE_RATE", "PROP_VALUE": "0.01"}, {"COMP_NAME": "cross_bar_1_BOTTOM", "LIB_NAME": "PORTED_CYL", "PROP_NAME": "WALL_THICKNESS", "PROP_VALUE": "3"}, {"COMP_NAME": "cross_bar_2_TOP", "LIB_NAME": "PORTED_CYL", "PROP_NAME": "WALL_THICKNESS", "PROP_VALUE": "3"}, {"COMP_NAME": "cross_bar_3", "LIB_NAME": "PORTED_CYL", "PROP_NAME": "WALL_THICKNESS", "PROP_VALUE": "3"}, {"COMP_NAME": "cross_bar_4_TOP", "LIB_NAME": "PORTED_CYL", "PROP_NAME": "WALL_THICKNESS", "PROP_VALUE": "3"}, {"COMP_NAME": "cross_bar_4_BOTTOM", "LIB_NAME": "PORTED_CYL", "PROP_NAME": "WALL_THICKNESS", "PROP_VALUE": "3"}, {"COMP_NAME": "cross_bar_4_RIGHT", "LIB_NAME": "PORTED_CYL", "PROP_NAME": "WALL_THICKNESS", "PROP_VALUE": "3"}, {"COMP_NAME": "motor_prop_5_motor", "LIB_NAME": "MAGiDRIVE150", "PROP_NAME": "LENGTH", "PROP_VALUE": "140.0"}, {"COMP_NAME": "motor_prop_5_motor", "LIB_NAME": "MAGiDRIVE150", "PROP_NAME": "ESC_BEC_Class", "PROP_VALUE": "nan"}, {"COMP_NAME": "motor_prop_5_motor", "LIB_NAME": "MAGiDRIVE150", "PROP_NAME": "WEIGHT", "PROP_VALUE": "35.0"}, {"COMP_NAME": "motor_prop_5_motor", "LIB_NAME": "MAGiDRIVE150", "PROP_NAME": "COST", "PROP_VALUE": "0"}, {"COMP_NAME": "motor_prop_5_motor", "LIB_NAME": "MAGiDRIVE150", "PROP_NAME": "KV", "PROP_VALUE": "5.25"}, {"COMP_NAME": "motor_prop_5_motor", "LIB_NAME": "MAGiDRIVE150", "PROP_NAME": "Poles", "PROP_VALUE": "nan"}, {"COMP_NAME": "motor_prop_5_motor", "LIB_NAME": "MAGiDRIVE150", "PROP_NAME": "Max_Cells", "PROP_VALUE": "217"}, {"COMP_NAME": "motor_prop_5_motor", "LIB_NAME": "MAGiDRIVE150", "PROP_NAME": "CAN_DIAMETER", "PROP_VALUE": "381.0"}, {"COMP_NAME": "motor_prop_5_motor", "LIB_NAME": "MAGiDRIVE150", "PROP_NAME": "KM", "PROP_VALUE": "1.5752254154908345"}, {"COMP_NAME": "motor_prop_5_motor", "LIB_NAME": "MAGiDRIVE150", "PROP_NAME": "MODEL", "PROP_VALUE": "MAGiDRIVE150"}, {"COMP_NAME": "motor_prop_5_motor", "LIB_NAME": "MAGiDRIVE150", "PROP_NAME": "ADAPTER_LENGTH", "PROP_VALUE": "nan"}, {"COMP_NAME": "motor_prop_5_motor", "LIB_NAME": "MAGiDRIVE150", "PROP_NAME": "KT", "PROP_VALUE": "1.8189136353359467"}, {"COMP_NAME": "motor_prop_5_motor", "LIB_NAME": "MAGiDRIVE150", "PROP_NAME": "ADAPTER_DIAMETER", "PROP_VALUE": "nan"}, {"COMP_NAME": "motor_prop_5_motor", "LIB_NAME": "MAGiDRIVE150", "PROP_NAME": "Min_Cells", "PROP_VALUE": "108"}, {"COMP_NAME": "motor_prop_5_motor", "LIB_NAME": "MAGiDRIVE150", "PROP_NAME": "PROP_SIZE_REC", "PROP_VALUE": "nan"}, {"COMP_NAME": "motor_prop_5_motor", "LIB_NAME": "MAGiDRIVE150", "PROP_NAME": "INTERNAL_RESISTANCE", "PROP_VALUE": "1333.3333333333333"}, {"COMP_NAME": "motor_prop_5_motor", "LIB_NAME": "MAGiDRIVE150", "PROP_NAME": "MAX_CURRENT", "PROP_VALUE": "300.0"}, {"COMP_NAME": "motor_prop_5_motor", "LIB_NAME": "MAGiDRIVE150", "PROP_NAME": "MAX_POWER", "PROP_VALUE": "120000.0"}, {"COMP_NAME": "motor_prop_5_motor", "LIB_NAME": "MAGiDRIVE150", "PROP_NAME": "SHAFT_DIAMETER", "PROP_VALUE": "47.0"}, {"COMP_NAME": "motor_prop_5_motor", "LIB_NAME": "MAGiDRIVE150", "PROP_NAME": "CAN_LENGTH", "PROP_VALUE": "130.0"}, {"COMP_NAME": "motor_prop_5_motor", "LIB_NAME": "MAGiDRIVE150", "PROP_NAME": "IO_IDLE_CURRENT_10V", "PROP_VALUE": "8.16"}, {"COMP_NAME": "motor_prop_5_motor", "LIB_NAME": "MAGiDRIVE150", "PROP_NAME": "PROP_PITCH_REC", "PROP_VALUE": "nan"}, {"COMP_NAME": "motor_prop_5_motor", "LIB_NAME": "MAGiDRIVE150", "PROP_NAME": "TOTAL_LENGTH", "PROP_VALUE": "203.0"}, {"COMP_NAME": "cross_bar_6_TOP", "LIB_NAME": "PORTED_CYL", "PROP_NAME": "WALL_THICKNESS", "PROP_VALUE": "3"}, {"COMP_NAME": "cross_bar_6_LEFT", "LIB_NAME": "PORTED_CYL", "PROP_NAME": "WALL_THICKNESS", "PROP_VALUE": "3"}, {"COMP_NAME": "motor_prop_6_motor", "LIB_NAME": "MAGiDRIVE150", "PROP_NAME": "LENGTH", "PROP_VALUE": "140.0"}, {"COMP_NAME": "motor_prop_6_motor", "LIB_NAME": "MAGiDRIVE150", "PROP_NAME": "ESC_BEC_Class", "PROP_VALUE": "nan"}, {"COMP_NAME": "motor_prop_6_motor", "LIB_NAME": "MAGiDRIVE150", "PROP_NAME": "WEIGHT", "PROP_VALUE": "35.0"}, {"COMP_NAME": "motor_prop_6_motor", "LIB_NAME": "MAGiDRIVE150", "PROP_NAME": "COST", "PROP_VALUE": "0"}, {"COMP_NAME": "motor_prop_6_motor", "LIB_NAME": "MAGiDRIVE150", "PROP_NAME": "KV", "PROP_VALUE": "5.25"}, {"COMP_NAME": "motor_prop_6_motor", "LIB_NAME": "MAGiDRIVE150", "PROP_NAME": "Poles", "PROP_VALUE": "nan"}, {"COMP_NAME": "motor_prop_6_motor", "LIB_NAME": "MAGiDRIVE150", "PROP_NAME": "Max_Cells", "PROP_VALUE": "217"}, {"COMP_NAME": "motor_prop_6_motor", "LIB_NAME": "MAGiDRIVE150", "PROP_NAME": "CAN_DIAMETER", "PROP_VALUE": "381.0"}, {"COMP_NAME": "motor_prop_6_motor", "LIB_NAME": "MAGiDRIVE150", "PROP_NAME": "KM", "PROP_VALUE": "1.5752254154908345"}, {"COMP_NAME": "motor_prop_6_motor", "LIB_NAME": "MAGiDRIVE150", "PROP_NAME": "MODEL", "PROP_VALUE": "MAGiDRIVE150"}, {"COMP_NAME": "motor_prop_6_motor", "LIB_NAME": "MAGiDRIVE150", "PROP_NAME": "ADAPTER_LENGTH", "PROP_VALUE": "nan"}, {"COMP_NAME": "motor_prop_6_motor", "LIB_NAME": "MAGiDRIVE150", "PROP_NAME": "KT", "PROP_VALUE": "1.8189136353359467"}, {"COMP_NAME": "motor_prop_6_motor", "LIB_NAME": "MAGiDRIVE150", "PROP_NAME": "ADAPTER_DIAMETER", "PROP_VALUE": "nan"}, {"COMP_NAME": "motor_prop_6_motor", "LIB_NAME": "MAGiDRIVE150", "PROP_NAME": "Min_Cells", "PROP_VALUE": "108"}, {"COMP_NAME": "motor_prop_6_motor", "LIB_NAME": "MAGiDRIVE150", "PROP_NAME": "PROP_SIZE_REC", "PROP_VALUE": "nan"}, {"COMP_NAME": "motor_prop_6_motor", "LIB_NAME": "MAGiDRIVE150", "PROP_NAME": "INTERNAL_RESISTANCE", "PROP_VALUE": "1333.3333333333333"}, {"COMP_NAME": "motor_prop_6_motor", "LIB_NAME": "MAGiDRIVE150", "PROP_NAME": "MAX_CURRENT", "PROP_VALUE": "300.0"}, {"COMP_NAME": "motor_prop_6_motor", "LIB_NAME": "MAGiDRIVE150", "PROP_NAME": "MAX_POWER", "PROP_VALUE": "120000.0"}, {"COMP_NAME": "motor_prop_6_motor", "LIB_NAME": "MAGiDRIVE150", "PROP_NAME": "SHAFT_DIAMETER", "PROP_VALUE": "47.0"}, {"COMP_NAME": "motor_prop_6_motor", "LIB_NAME": "MAGiDRIVE150", "PROP_NAME": "CAN_LENGTH", "PROP_VALUE": "130.0"}, {"COMP_NAME": "motor_prop_6_motor", "LIB_NAME": "MAGiDRIVE150", "PROP_NAME": "IO_IDLE_CURRENT_10V", "PROP_VALUE": "8.16"}, {"COMP_NAME": "motor_prop_6_motor", "LIB_NAME": "MAGiDRIVE150", "PROP_NAME": "PROP_PITCH_REC", "PROP_VALUE": "nan"}, {"COMP_NAME": "motor_prop_6_motor", "LIB_NAME": "MAGiDRIVE150", "PROP_NAME": "TOTAL_LENGTH", "PROP_VALUE": "203.0"}]