[{"FROM_COMP": "fuselage", "LIB_COMPONENT": "FUSE_SPHERE_CYL_CONE", "CAD_PRT": "fuse_sphere_cone.prt"}, {"FROM_COMP": "cross_bar_1_LEFT", "LIB_COMPONENT": "PORTED_CYL", "CAD_PRT": "fuse_cyl_ported.prt"}, {"FROM_COMP": "cross_bar_1_RIGHT", "LIB_COMPONENT": "PORTED_CYL", "CAD_PRT": "fuse_cyl_ported.prt"}, {"FROM_COMP": "cross_bar_3_LEFT", "LIB_COMPONENT": "PORTED_CYL", "CAD_PRT": "fuse_cyl_ported.prt"}, {"FROM_COMP": "cross_bar_2_BOTTOM", "LIB_COMPONENT": "PORTED_CYL", "CAD_PRT": "fuse_cyl_ported.prt"}, {"FROM_COMP": "cross_bar_2_LEFT", "LIB_COMPONENT": "PORTED_CYL", "CAD_PRT": "fuse_cyl_ported.prt"}, {"FROM_COMP": "left_battery", "LIB_COMPONENT": "VitalyBeta", "CAD_PRT": "mega_battery.prt"}, {"FROM_COMP": "cross_bar_2", "LIB_COMPONENT": "PORTED_CYL", "CAD_PRT": "fuse_cyl_ported.prt"}, {"FROM_COMP": "passenger1", "LIB_COMPONENT": "Passenger", "CAD_PRT": "disc_passenger.prt"}, {"FROM_COMP": "passenger2", "LIB_COMPONENT": "Passenger", "CAD_PRT": "disc_passenger.prt"}, {"FROM_COMP": "right_wing", "LIB_COMPONENT": "naca_wing", "CAD_PRT": "naca_sym_wing_taper.prt"}, {"FROM_COMP": "wing_pair_2", "LIB_COMPONENT": "PORTED_CYL", "CAD_PRT": "fuse_cyl_ported.prt"}, {"FROM_COMP": "motor_prop_2_prop", "LIB_COMPONENT": "62x5_2_3200_46_1150", "CAD_PRT": "para_prop.prt"}, {"FROM_COMP": "rail_1", "LIB_COMPONENT": "PORTED_CYL", "CAD_PRT": "fuse_cyl_ported.prt"}, {"FROM_COMP": "cross_bar_2_RIGHT", "LIB_COMPONENT": "PORTED_CYL", "CAD_PRT": "fuse_cyl_ported.prt"}, {"FROM_COMP": "motor_prop_3_prop", "LIB_COMPONENT": "62x5_2_3200_46_1150", "CAD_PRT": "para_prop.prt"}, {"FROM_COMP": "cross_bar_3_TOP", "LIB_COMPONENT": "PORTED_CYL", "CAD_PRT": "fuse_cyl_ported.prt"}, {"FROM_COMP": "cross_bar_3_BOTTOM", "LIB_COMPONENT": "PORTED_CYL", "CAD_PRT": "fuse_cyl_ported.prt"}, {"FROM_COMP": "wing_pair_3", "LIB_COMPONENT": "PORTED_CYL", "CAD_PRT": "fuse_cyl_ported.prt"}, {"FROM_COMP": "wing_pair_1", "LIB_COMPONENT": "PORTED_CYL", "CAD_PRT": "fuse_cyl_ported.prt"}, {"FROM_COMP": "wing_pair_3_l", "LIB_COMPONENT": "naca_wing", "CAD_PRT": "naca_sym_wing_taper.prt"}, {"FROM_COMP": "wing_pair_1_r", "LIB_COMPONENT": "naca_wing", "CAD_PRT": "naca_sym_wing_taper.prt"}, {"FROM_COMP": "wing_pair_2_r", "LIB_COMPONENT": "naca_wing", "CAD_PRT": "naca_sym_wing_taper.prt"}, {"FROM_COMP": "wing_pair_4", "LIB_COMPONENT": "PORTED_CYL", "CAD_PRT": "fuse_cyl_ported.prt"}, {"FROM_COMP": "rail_2", "LIB_COMPONENT": "PORTED_CYL", "CAD_PRT": "fuse_cyl_ported.prt"}, {"FROM_COMP": "wing_pair_4_r", "LIB_COMPONENT": "naca_wing", "CAD_PRT": "naca_sym_wing_taper.prt"}, {"FROM_COMP": "motor_prop_3_motor", "LIB_COMPONENT": "MAGiDRIVE150", "CAD_PRT": "para_motor.prt"}, {"FROM_COMP": "motor_prop_1_motor", "LIB_COMPONENT": "MAGiDRIVE150", "CAD_PRT": "para_motor.prt"}, {"FROM_COMP": "cross_bar_4", "LIB_COMPONENT": "PORTED_CYL", "CAD_PRT": "fuse_cyl_ported.prt"}, {"FROM_COMP": "motor_prop_4_prop", "LIB_COMPONENT": "62x5_2_3200_46_1150", "CAD_PRT": "para_prop.prt"}, {"FROM_COMP": "motor_prop_2_motor", "LIB_COMPONENT": "MAGiDRIVE150", "CAD_PRT": "para_motor.prt"}, {"FROM_COMP": "cross_bar_6", "LIB_COMPONENT": "PORTED_CYL", "CAD_PRT": "fuse_cyl_ported.prt"}, {"FROM_COMP": "cross_bar_6_BOTTOM", "LIB_COMPONENT": "PORTED_CYL", "CAD_PRT": "fuse_cyl_ported.prt"}, {"FROM_COMP": "wing_pair_2_l", "LIB_COMPONENT": "naca_wing", "CAD_PRT": "naca_sym_wing_taper.prt"}, {"FROM_COMP": "rail_3", "LIB_COMPONENT": "PORTED_CYL", "CAD_PRT": "fuse_cyl_ported.prt"}, {"FROM_COMP": "cross_bar_5_LEFT", "LIB_COMPONENT": "PORTED_CYL", "CAD_PRT": "fuse_cyl_ported.prt"}, {"FROM_COMP": "cross_bar_5", "LIB_COMPONENT": "PORTED_CYL", "CAD_PRT": "fuse_cyl_ported.prt"}, {"FROM_COMP": "cross_bar_5_TOP", "LIB_COMPONENT": "PORTED_CYL", "CAD_PRT": "fuse_cyl_ported.prt"}, {"FROM_COMP": "motor_prop_5_prop", "LIB_COMPONENT": "62x5_2_3200_46_1150", "CAD_PRT": "para_prop.prt"}, {"FROM_COMP": "cross_bar_1", "LIB_COMPONENT": "PORTED_CYL", "CAD_PRT": "fuse_cyl_ported.prt"}, {"FROM_COMP": "cross_bar_1_TOP", "LIB_COMPONENT": "PORTED_CYL", "CAD_PRT": "fuse_cyl_ported.prt"}, {"FROM_COMP": "cross_bar_6_RIGHT", "LIB_COMPONENT": "PORTED_CYL", "CAD_PRT": "fuse_cyl_ported.prt"}, {"FROM_COMP": "rail_4", "LIB_COMPONENT": "PORTED_CYL", "CAD_PRT": "fuse_cyl_ported.prt"}, {"FROM_COMP": "cross_bar_3_RIGHT", "LIB_COMPONENT": "PORTED_CYL", "CAD_PRT": "fuse_cyl_ported.prt"}, {"FROM_COMP": "wing_pair_1_l", "LIB_COMPONENT": "naca_wing", "CAD_PRT": "naca_sym_wing_taper.prt"}, {"FROM_COMP": "motor_prop_1_prop", "LIB_COMPONENT": "62x5_2_3200_46_1150", "CAD_PRT": "para_prop.prt"}, {"FROM_COMP": "cross_bar_4_LEFT", "LIB_COMPONENT": "PORTED_CYL", "CAD_PRT": "fuse_cyl_ported.prt"}, {"FROM_COMP": "motor_prop_4_motor", "LIB_COMPONENT": "MAGiDRIVE150", "CAD_PRT": "para_motor.prt"}, {"FROM_COMP": "wing_pair_4_l", "LIB_COMPONENT": "naca_wing", "CAD_PRT": "naca_sym_wing_taper.prt"}, {"FROM_COMP": "cross_bar_5_BOTTOM", "LIB_COMPONENT": "PORTED_CYL", "CAD_PRT": "fuse_cyl_ported.prt"}, {"FROM_COMP": "cross_bar_5_RIGHT", "LIB_COMPONENT": "PORTED_CYL", "CAD_PRT": "fuse_cyl_ported.prt"}, {"FROM_COMP": "motor_prop_6_prop", "LIB_COMPONENT": "62x5_2_3200_46_1150", "CAD_PRT": "para_prop.prt"}, {"FROM_COMP": "Orient", "LIB_COMPONENT": "Orient", "CAD_PRT": "orientuav.prt"}, {"FROM_COMP": "left_wing", "LIB_COMPONENT": "naca_wing", "CAD_PRT": "naca_sym_wing_taper.prt"}, {"FROM_COMP": "right_battery", "LIB_COMPONENT": "VitalyBeta", "CAD_PRT": "mega_battery.prt"}, {"FROM_COMP": "cross_bar_1_BOTTOM", "LIB_COMPONENT": "PORTED_CYL", "CAD_PRT": "fuse_cyl_ported.prt"}, {"FROM_COMP": "cross_bar_2_TOP", "LIB_COMPONENT": "PORTED_CYL", "CAD_PRT": "fuse_cyl_ported.prt"}, {"FROM_COMP": "cross_bar_3", "LIB_COMPONENT": "PORTED_CYL", "CAD_PRT": "fuse_cyl_ported.prt"}, {"FROM_COMP": "cross_bar_4_TOP", "LIB_COMPONENT": "PORTED_CYL", "CAD_PRT": "fuse_cyl_ported.prt"}, {"FROM_COMP": "cross_bar_4_BOTTOM", "LIB_COMPONENT": "PORTED_CYL", "CAD_PRT": "fuse_cyl_ported.prt"}, {"FROM_COMP": "cross_bar_4_RIGHT", "LIB_COMPONENT": "PORTED_CYL", "CAD_PRT": "fuse_cyl_ported.prt"}, {"FROM_COMP": "wing_pair_3_r", "LIB_COMPONENT": "naca_wing", "CAD_PRT": "naca_sym_wing_taper.prt"}, {"FROM_COMP": "motor_prop_5_motor", "LIB_COMPONENT": "MAGiDRIVE150", "CAD_PRT": "para_motor.prt"}, {"FROM_COMP": "cross_bar_6_TOP", "LIB_COMPONENT": "PORTED_CYL", "CAD_PRT": "fuse_cyl_ported.prt"}, {"FROM_COMP": "cross_bar_6_LEFT", "LIB_COMPONENT": "PORTED_CYL", "CAD_PRT": "fuse_cyl_ported.prt"}, {"FROM_COMP": "motor_prop_6_motor", "LIB_COMPONENT": "MAGiDRIVE150", "CAD_PRT": "para_motor.prt"}]