[{"FROM_COMP": "motor_4", "LIB_COMPONENT": "kde_direct_KDE2315XF885", "CAD_PRT": "para_motor.prt"}, {"FROM_COMP": "leg_3", "LIB_COMPONENT": "0394OD_para_tube", "CAD_PRT": "para_tube.prt"}, {"FROM_COMP": "capsule_fuselage", "LIB_COMPONENT": "capsule_fuselage", "CAD_PRT": "fuse_capsule_new.prt"}, {"FROM_COMP": "central_hub", "LIB_COMPONENT": "0394od_para_hub_4", "CAD_PRT": "0394od_para_hub_4_3d.prt"}, {"FROM_COMP": "flange_3", "LIB_COMPONENT": "0394_para_flange", "CAD_PRT": "para_flange.prt"}, {"FROM_COMP": "motor_2", "LIB_COMPONENT": "kde_direct_KDE2315XF885", "CAD_PRT": "para_motor.prt"}, {"FROM_COMP": "leg_2", "LIB_COMPONENT": "0394OD_para_tube", "CAD_PRT": "para_tube.prt"}, {"FROM_COMP": "arm_1", "LIB_COMPONENT": "0394OD_para_tube", "CAD_PRT": "para_tube.prt"}, {"FROM_COMP": "prop_3", "LIB_COMPONENT": "apc_propellers_7x5E", "CAD_PRT": "para_prop.prt"}, {"FROM_COMP": "prop_4", "LIB_COMPONENT": "apc_propellers_7x5E", "CAD_PRT": "para_prop.prt"}, {"FROM_COMP": "Battery_1", "LIB_COMPONENT": "TurnigyGraphene3000mAh6S75C", "CAD_PRT": "para_battery.prt"}, {"FROM_COMP": "arm_4", "LIB_COMPONENT": "0394OD_para_tube", "CAD_PRT": "para_tube.prt"}, {"FROM_COMP": "flange_4", "LIB_COMPONENT": "0394_para_flange", "CAD_PRT": "para_flange.prt"}, {"FROM_COMP": "Orient", "LIB_COMPONENT": "Orient", "CAD_PRT": "orientuav.prt"}, {"FROM_COMP": "motor_1", "LIB_COMPONENT": "kde_direct_KDE2315XF885", "CAD_PRT": "para_motor.prt"}, {"FROM_COMP": "leg_4", "LIB_COMPONENT": "0394OD_para_tube", "CAD_PRT": "para_tube.prt"}, {"FROM_COMP": "motor_3", "LIB_COMPONENT": "kde_direct_KDE2315XF885", "CAD_PRT": "para_motor.prt"}, {"FROM_COMP": "flange_1", "LIB_COMPONENT": "0394_para_flange", "CAD_PRT": "para_flange.prt"}, {"FROM_COMP": "arm_2", "LIB_COMPONENT": "0394OD_para_tube", "CAD_PRT": "para_tube.prt"}, {"FROM_COMP": "prop_2", "LIB_COMPONENT": "apc_propellers_7x5E", "CAD_PRT": "para_prop.prt"}, {"FROM_COMP": "leg_1", "LIB_COMPONENT": "0394OD_para_tube", "CAD_PRT": "para_tube.prt"}, {"FROM_COMP": "arm_3", "LIB_COMPONENT": "0394OD_para_tube", "CAD_PRT": "para_tube.prt"}, {"FROM_COMP": "Battery_2", "LIB_COMPONENT": "TurnigyGraphene3000mAh6S75C", "CAD_PRT": "para_battery.prt"}, {"FROM_COMP": "flange_2", "LIB_COMPONENT": "0394_para_flange", "CAD_PRT": "para_flange.prt"}, {"FROM_COMP": "prop_1", "LIB_COMPONENT": "apc_propellers_7x5E", "CAD_PRT": "para_prop.prt"}]