[{"COMP_NAME": "motor_4", "LIB_NAME": "kde_direct_KDE2315XF885", "PROP_NAME": "CONTROL_CHANNEL", "PROP_VALUE": "1"}, {"COMP_NAME": "leg_3", "LIB_NAME": "0394OD_para_tube", "PROP_NAME": "END_ROT", "PROP_VALUE": "0"}, {"COMP_NAME": "leg_3", "LIB_NAME": "0394OD_para_tube", "PROP_NAME": "BASE_ROT", "PROP_VALUE": "0"}, {"COMP_NAME": "leg_3", "LIB_NAME": "0394OD_para_tube", "PROP_NAME": "Offset2", "PROP_VALUE": "0"}, {"COMP_NAME": "leg_3", "LIB_NAME": "0394OD_para_tube", "PROP_NAME": "Offset1", "PROP_VALUE": "0"}, {"COMP_NAME": "leg_3", "LIB_NAME": "0394OD_para_tube", "PROP_NAME": "Length", "PROP_VALUE": "100"}, {"COMP_NAME": "capsule_fuselage", "LIB_NAME": "capsule_fuselage", "PROP_NAME": "FLOOR_CONNECTOR_1_DISP_LENGTH", "PROP_VALUE": "0"}, {"COMP_NAME": "capsule_fuselage", "LIB_NAME": "capsule_fuselage", "PROP_NAME": "BOTTOM_CONNECTOR_ROTATION", "PROP_VALUE": "0"}, {"COMP_NAME": "capsule_fuselage", "LIB_NAME": "capsule_fuselage", "PROP_NAME": "FLOOR_CONNECTOR_3_DISP_LENGTH", "PROP_VALUE": "0"}, {"COMP_NAME": "capsule_fuselage", "LIB_NAME": "capsule_fuselage", "PROP_NAME": "FLOOR_CONNECTOR_2_DISP_WIDTH", "PROP_VALUE": "0"}, {"COMP_NAME": "capsule_fuselage", "LIB_NAME": "capsule_fuselage", "PROP_NAME": "FLOOR_CONNECTOR_3_DISP_WIDTH", "PROP_VALUE": "0"}, {"COMP_NAME": "capsule_fuselage", "LIB_NAME": "capsule_fuselage", "PROP_NAME": "FLOOR_CONNECTOR_1_DISP_WIDTH", "PROP_VALUE": "0"}, {"COMP_NAME": "capsule_fuselage", "LIB_NAME": "capsule_fuselage", "PROP_NAME": "FLOOR_HEIGHT", "PROP_VALUE": "50"}, {"COMP_NAME": "capsule_fuselage", "LIB_NAME": "capsule_fuselage", "PROP_NAME": "HORZ_DIAMETER", "PROP_VALUE": "500"}, {"COMP_NAME": "capsule_fuselage", "LIB_NAME": "capsule_fuselage", "PROP_NAME": "FLOOR_CONNECTOR_4_DISP_WIDTH", "PROP_VALUE": "0"}, {"COMP_NAME": "capsule_fuselage", "LIB_NAME": "capsule_fuselage", "PROP_NAME": "VERT_DIAMETER", "PROP_VALUE": "100"}, {"COMP_NAME": "capsule_fuselage", "LIB_NAME": "capsule_fuselage", "PROP_NAME": "TUBE_LENGTH", "PROP_VALUE": "500"}, {"COMP_NAME": "capsule_fuselage", "LIB_NAME": "capsule_fuselage", "PROP_NAME": "FLOOR_CONNECTOR_2_DISP_LENGTH", "PROP_VALUE": "0"}, {"COMP_NAME": "capsule_fuselage", "LIB_NAME": "capsule_fuselage", "PROP_NAME": "FLOOR_CONNECTOR_4_DISP_LENGTH", "PROP_VALUE": "0"}, {"COMP_NAME": "capsule_fuselage", "LIB_NAME": "capsule_fuselage", "PROP_NAME": "BOTTOM_CONNECTOR_OFFSET_WIDTH", "PROP_VALUE": "0"}, {"COMP_NAME": "capsule_fuselage", "LIB_NAME": "capsule_fuselage", "PROP_NAME": "BOTTOM_CONNECTOR_OFFSET_LENGTH", "PROP_VALUE": "0"}, {"COMP_NAME": "central_hub", "LIB_NAME": "0394od_para_hub_4", "PROP_NAME": "ANGVERTCONN:", "PROP_VALUE": "0"}, {"COMP_NAME": "central_hub", "LIB_NAME": "0394od_para_hub_4", "PROP_NAME": "ANGHORZCONN:", "PROP_VALUE": "90"}, {"COMP_NAME": "flange_3", "LIB_NAME": "0394_para_flange", "PROP_NAME": "BOTTOM_ANGLE", "PROP_VALUE": "0"}, {"COMP_NAME": "flange_3", "LIB_NAME": "0394_para_flange", "PROP_NAME": "SIDE_ANGLE", "PROP_VALUE": "0"}, {"COMP_NAME": "motor_2", "LIB_NAME": "kde_direct_KDE2315XF885", "PROP_NAME": "CONTROL_CHANNEL", "PROP_VALUE": "1"}, {"COMP_NAME": "BatteryController", "LIB_NAME": "BatteryController", "PROP_NAME": "Output_Voltage", "PROP_VALUE": "1"}, {"COMP_NAME": "BatteryController", "LIB_NAME": "BatteryController", "PROP_NAME": "Input_Voltage", "PROP_VALUE": "1"}, {"COMP_NAME": "leg_2", "LIB_NAME": "0394OD_para_tube", "PROP_NAME": "END_ROT", "PROP_VALUE": "0"}, {"COMP_NAME": "leg_2", "LIB_NAME": "0394OD_para_tube", "PROP_NAME": "BASE_ROT", "PROP_VALUE": "0"}, {"COMP_NAME": "leg_2", "LIB_NAME": "0394OD_para_tube", "PROP_NAME": "Offset2", "PROP_VALUE": "0"}, {"COMP_NAME": "leg_2", "LIB_NAME": "0394OD_para_tube", "PROP_NAME": "Offset1", "PROP_VALUE": "0"}, {"COMP_NAME": "leg_2", "LIB_NAME": "0394OD_para_tube", "PROP_NAME": "Length", "PROP_VALUE": "100"}, {"COMP_NAME": "arm_1", "LIB_NAME": "0394OD_para_tube", "PROP_NAME": "END_ROT", "PROP_VALUE": "0"}, {"COMP_NAME": "arm_1", "LIB_NAME": "0394OD_para_tube", "PROP_NAME": "BASE_ROT", "PROP_VALUE": "0"}, {"COMP_NAME": "arm_1", "LIB_NAME": "0394OD_para_tube", "PROP_NAME": "Offset2", "PROP_VALUE": "0"}, {"COMP_NAME": "arm_1", "LIB_NAME": "0394OD_para_tube", "PROP_NAME": "Offset1", "PROP_VALUE": "0"}, {"COMP_NAME": "arm_1", "LIB_NAME": "0394OD_para_tube", "PROP_NAME": "Length", "PROP_VALUE": "100"}, {"COMP_NAME": "prop_3", "LIB_NAME": "apc_propellers_7x5E", "PROP_NAME": "Direction", "PROP_VALUE": "1"}, {"COMP_NAME": "prop_3", "LIB_NAME": "apc_propellers_7x5E", "PROP_NAME": "Prop_type", "PROP_VALUE": "1"}, {"COMP_NAME": "prop_4", "LIB_NAME": "apc_propellers_7x5E", "PROP_NAME": "Direction", "PROP_VALUE": "1"}, {"COMP_NAME": "prop_4", "LIB_NAME": "apc_propellers_7x5E", "PROP_NAME": "Prop_type", "PROP_VALUE": "1"}, {"COMP_NAME": "Battery_1", "LIB_NAME": "TurnigyGraphene3000mAh6S75C", "PROP_NAME": "ROTATION", "PROP_VALUE": "0"}, {"COMP_NAME": "arm_4", "LIB_NAME": "0394OD_para_tube", "PROP_NAME": "END_ROT", "PROP_VALUE": "0"}, {"COMP_NAME": "arm_4", "LIB_NAME": "0394OD_para_tube", "PROP_NAME": "BASE_ROT", "PROP_VALUE": "0"}, {"COMP_NAME": "arm_4", "LIB_NAME": "0394OD_para_tube", "PROP_NAME": "Offset2", "PROP_VALUE": "0"}, {"COMP_NAME": "arm_4", "LIB_NAME": "0394OD_para_tube", "PROP_NAME": "Offset1", "PROP_VALUE": "0"}, {"COMP_NAME": "arm_4", "LIB_NAME": "0394OD_para_tube", "PROP_NAME": "Length", "PROP_VALUE": "100"}, {"COMP_NAME": "flange_4", "LIB_NAME": "0394_para_flange", "PROP_NAME": "BOTTOM_ANGLE", "PROP_VALUE": "0"}, {"COMP_NAME": "flange_4", "LIB_NAME": "0394_para_flange", "PROP_NAME": "SIDE_ANGLE", "PROP_VALUE": "0"}, {"COMP_NAME": "Orient", "LIB_NAME": "Orient", "PROP_NAME": "Z_ANGLE", "PROP_VALUE": "0"}, {"COMP_NAME": "motor_1", "LIB_NAME": "kde_direct_KDE2315XF885", "PROP_NAME": "CONTROL_CHANNEL", "PROP_VALUE": "1"}, {"COMP_NAME": "leg_4", "LIB_NAME": "0394OD_para_tube", "PROP_NAME": "END_ROT", "PROP_VALUE": "0"}, {"COMP_NAME": "leg_4", "LIB_NAME": "0394OD_para_tube", "PROP_NAME": "BASE_ROT", "PROP_VALUE": "0"}, {"COMP_NAME": "leg_4", "LIB_NAME": "0394OD_para_tube", "PROP_NAME": "Offset2", "PROP_VALUE": "0"}, {"COMP_NAME": "leg_4", "LIB_NAME": "0394OD_para_tube", "PROP_NAME": "Offset1", "PROP_VALUE": "0"}, {"COMP_NAME": "leg_4", "LIB_NAME": "0394OD_para_tube", "PROP_NAME": "Length", "PROP_VALUE": "100"}, {"COMP_NAME": "motor_3", "LIB_NAME": "kde_direct_KDE2315XF885", "PROP_NAME": "CONTROL_CHANNEL", "PROP_VALUE": "1"}, {"COMP_NAME": "flange_1", "LIB_NAME": "0394_para_flange", "PROP_NAME": "BOTTOM_ANGLE", "PROP_VALUE": "0"}, {"COMP_NAME": "flange_1", "LIB_NAME": "0394_para_flange", "PROP_NAME": "SIDE_ANGLE", "PROP_VALUE": "0"}, {"COMP_NAME": "arm_2", "LIB_NAME": "0394OD_para_tube", "PROP_NAME": "END_ROT", "PROP_VALUE": "0"}, {"COMP_NAME": "arm_2", "LIB_NAME": "0394OD_para_tube", "PROP_NAME": "BASE_ROT", "PROP_VALUE": "0"}, {"COMP_NAME": "arm_2", "LIB_NAME": "0394OD_para_tube", "PROP_NAME": "Offset2", "PROP_VALUE": "0"}, {"COMP_NAME": "arm_2", "LIB_NAME": "0394OD_para_tube", "PROP_NAME": "Offset1", "PROP_VALUE": "0"}, {"COMP_NAME": "arm_2", "LIB_NAME": "0394OD_para_tube", "PROP_NAME": "Length", "PROP_VALUE": "100"}, {"COMP_NAME": "prop_2", "LIB_NAME": "apc_propellers_7x5E", "PROP_NAME": "Direction", "PROP_VALUE": "1"}, {"COMP_NAME": "prop_2", "LIB_NAME": "apc_propellers_7x5E", "PROP_NAME": "Prop_type", "PROP_VALUE": "1"}, {"COMP_NAME": "leg_1", "LIB_NAME": "0394OD_para_tube", "PROP_NAME": "END_ROT", "PROP_VALUE": "0"}, {"COMP_NAME": "leg_1", "LIB_NAME": "0394OD_para_tube", "PROP_NAME": "BASE_ROT", "PROP_VALUE": "0"}, {"COMP_NAME": "leg_1", "LIB_NAME": "0394OD_para_tube", "PROP_NAME": "Offset2", "PROP_VALUE": "0"}, {"COMP_NAME": "leg_1", "LIB_NAME": "0394OD_para_tube", "PROP_NAME": "Offset1", "PROP_VALUE": "0"}, {"COMP_NAME": "leg_1", "LIB_NAME": "0394OD_para_tube", "PROP_NAME": "Length", "PROP_VALUE": "100"}, {"COMP_NAME": "arm_3", "LIB_NAME": "0394OD_para_tube", "PROP_NAME": "END_ROT", "PROP_VALUE": "0"}, {"COMP_NAME": "arm_3", "LIB_NAME": "0394OD_para_tube", "PROP_NAME": "BASE_ROT", "PROP_VALUE": "0"}, {"COMP_NAME": "arm_3", "LIB_NAME": "0394OD_para_tube", "PROP_NAME": "Offset2", "PROP_VALUE": "0"}, {"COMP_NAME": "arm_3", "LIB_NAME": "0394OD_para_tube", "PROP_NAME": "Offset1", "PROP_VALUE": "0"}, {"COMP_NAME": "arm_3", "LIB_NAME": "0394OD_para_tube", "PROP_NAME": "Length", "PROP_VALUE": "100"}, {"COMP_NAME": "Battery_2", "LIB_NAME": "TurnigyGraphene3000mAh6S75C", "PROP_NAME": "ROTATION", "PROP_VALUE": "0"}, {"COMP_NAME": "flange_2", "LIB_NAME": "0394_para_flange", "PROP_NAME": "BOTTOM_ANGLE", "PROP_VALUE": "0"}, {"COMP_NAME": "flange_2", "LIB_NAME": "0394_para_flange", "PROP_NAME": "SIDE_ANGLE", "PROP_VALUE": "0"}, {"COMP_NAME": "prop_1", "LIB_NAME": "apc_propellers_7x5E", "PROP_NAME": "Direction", "PROP_VALUE": "1"}, {"COMP_NAME": "prop_1", "LIB_NAME": "apc_propellers_7x5E", "PROP_NAME": "Prop_type", "PROP_VALUE": "1"}]