[{"COMP_NAME": "motor_4", "LIB_NAME": "kde_direct_KDE2315XF885", "PROP_NAME": "KT", "PROP_VALUE": "0.0108"}, {"COMP_NAME": "motor_4", "LIB_NAME": "kde_direct_KDE2315XF885", "PROP_NAME": "COST", "PROP_VALUE": "60.95"}, {"COMP_NAME": "motor_4", "LIB_NAME": "kde_direct_KDE2315XF885", "PROP_NAME": "SHAFT_DIAMETER", "PROP_VALUE": "4.0"}, {"COMP_NAME": "motor_4", "LIB_NAME": "kde_direct_KDE2315XF885", "PROP_NAME": "MAX_CURRENT", "PROP_VALUE": "24.0"}, {"COMP_NAME": "motor_4", "LIB_NAME": "kde_direct_KDE2315XF885", "PROP_NAME": "KV", "PROP_VALUE": "885.0"}, {"COMP_NAME": "motor_4", "LIB_NAME": "kde_direct_KDE2315XF885", "PROP_NAME": "LENGTH", "PROP_VALUE": "28.5"}, {"COMP_NAME": "motor_4", "LIB_NAME": "kde_direct_KDE2315XF885", "PROP_NAME": "CAN_LENGTH", "PROP_VALUE": "15.0"}, {"COMP_NAME": "motor_4", "LIB_NAME": "kde_direct_KDE2315XF885", "PROP_NAME": "Min_Cells", "PROP_VALUE": "3.0"}, {"COMP_NAME": "motor_4", "LIB_NAME": "kde_direct_KDE2315XF885", "PROP_NAME": "INTERNAL_RESISTANCE", "PROP_VALUE": "127.0"}, {"COMP_NAME": "motor_4", "LIB_NAME": "kde_direct_KDE2315XF885", "PROP_NAME": "ESC_BEC_Class", "PROP_VALUE": "1.0"}, {"COMP_NAME": "motor_4", "LIB_NAME": "kde_direct_KDE2315XF885", "PROP_NAME": "KM", "PROP_VALUE": "0.0303"}, {"COMP_NAME": "motor_4", "LIB_NAME": "kde_direct_KDE2315XF885", "PROP_NAME": "MAX_POWER", "PROP_VALUE": "532.0"}, {"COMP_NAME": "motor_4", "LIB_NAME": "kde_direct_KDE2315XF885", "PROP_NAME": "Poles", "PROP_VALUE": "12S14P"}, {"COMP_NAME": "motor_4", "LIB_NAME": "kde_direct_KDE2315XF885", "PROP_NAME": "MODEL", "PROP_VALUE": "KDE2315XF885"}, {"COMP_NAME": "motor_4", "LIB_NAME": "kde_direct_KDE2315XF885", "PROP_NAME": "Max_Cells", "PROP_VALUE": "6.0"}, {"COMP_NAME": "motor_4", "LIB_NAME": "kde_direct_KDE2315XF885", "PROP_NAME": "CAN_DIAMETER", "PROP_VALUE": "28.3"}, {"COMP_NAME": "motor_4", "LIB_NAME": "kde_direct_KDE2315XF885", "PROP_NAME": "PROP_SIZE_REC", "PROP_VALUE": "9,12"}, {"COMP_NAME": "motor_4", "LIB_NAME": "kde_direct_KDE2315XF885", "PROP_NAME": "ADAPTER_DIAMETER", "PROP_VALUE": "6"}, {"COMP_NAME": "motor_4", "LIB_NAME": "kde_direct_KDE2315XF885", "PROP_NAME": "IO_IDLE_CURRENT_10V", "PROP_VALUE": "0.5"}, {"COMP_NAME": "motor_4", "LIB_NAME": "kde_direct_KDE2315XF885", "PROP_NAME": "TOTAL_LENGTH", "PROP_VALUE": "35.25"}, {"COMP_NAME": "motor_4", "LIB_NAME": "kde_direct_KDE2315XF885", "PROP_NAME": "ADAPTER_LENGTH", "PROP_VALUE": "12"}, {"COMP_NAME": "motor_4", "LIB_NAME": "kde_direct_KDE2315XF885", "PROP_NAME": "WEIGHT", "PROP_VALUE": "0.075"}, {"COMP_NAME": "motor_4", "LIB_NAME": "kde_direct_KDE2315XF885", "PROP_NAME": "PROP_PITCH_REC.", "PROP_VALUE": "3,5"}, {"COMP_NAME": "leg_3", "LIB_NAME": "0394OD_para_tube", "PROP_NAME": "OD", "PROP_VALUE": "10.0076"}, {"COMP_NAME": "leg_3", "LIB_NAME": "0394OD_para_tube", "PROP_NAME": "ID", "PROP_VALUE": "7.3152"}, {"COMP_NAME": "capsule_fuselage", "LIB_NAME": "capsule_fuselage", "PROP_NAME": "WALL_THICKNESS", "PROP_VALUE": "3"}, {"COMP_NAME": "central_hub", "LIB_NAME": "0394od_para_hub_4", "PROP_NAME": "NUMHORZCONN", "PROP_VALUE": "4"}, {"COMP_NAME": "flange_3", "LIB_NAME": "0394_para_flange", "PROP_NAME": "OD", "PROP_VALUE": "10.16"}, {"COMP_NAME": "flange_3", "LIB_NAME": "0394_para_flange", "PROP_NAME": "BOX", "PROP_VALUE": "40.64"}, {"COMP_NAME": "motor_2", "LIB_NAME": "kde_direct_KDE2315XF885", "PROP_NAME": "KT", "PROP_VALUE": "0.0108"}, {"COMP_NAME": "motor_2", "LIB_NAME": "kde_direct_KDE2315XF885", "PROP_NAME": "COST", "PROP_VALUE": "60.95"}, {"COMP_NAME": "motor_2", "LIB_NAME": "kde_direct_KDE2315XF885", "PROP_NAME": "SHAFT_DIAMETER", "PROP_VALUE": "4.0"}, {"COMP_NAME": "motor_2", "LIB_NAME": "kde_direct_KDE2315XF885", "PROP_NAME": "MAX_CURRENT", "PROP_VALUE": "24.0"}, {"COMP_NAME": "motor_2", "LIB_NAME": "kde_direct_KDE2315XF885", "PROP_NAME": "KV", "PROP_VALUE": "885.0"}, {"COMP_NAME": "motor_2", "LIB_NAME": "kde_direct_KDE2315XF885", "PROP_NAME": "LENGTH", "PROP_VALUE": "28.5"}, {"COMP_NAME": "motor_2", "LIB_NAME": "kde_direct_KDE2315XF885", "PROP_NAME": "CAN_LENGTH", "PROP_VALUE": "15.0"}, {"COMP_NAME": "motor_2", "LIB_NAME": "kde_direct_KDE2315XF885", "PROP_NAME": "Min_Cells", "PROP_VALUE": "3.0"}, {"COMP_NAME": "motor_2", "LIB_NAME": "kde_direct_KDE2315XF885", "PROP_NAME": "INTERNAL_RESISTANCE", "PROP_VALUE": "127.0"}, {"COMP_NAME": "motor_2", "LIB_NAME": "kde_direct_KDE2315XF885", "PROP_NAME": "ESC_BEC_Class", "PROP_VALUE": "1.0"}, {"COMP_NAME": "motor_2", "LIB_NAME": "kde_direct_KDE2315XF885", "PROP_NAME": "KM", "PROP_VALUE": "0.0303"}, {"COMP_NAME": "motor_2", "LIB_NAME": "kde_direct_KDE2315XF885", "PROP_NAME": "MAX_POWER", "PROP_VALUE": "532.0"}, {"COMP_NAME": "motor_2", "LIB_NAME": "kde_direct_KDE2315XF885", "PROP_NAME": "Poles", "PROP_VALUE": "12S14P"}, {"COMP_NAME": "motor_2", "LIB_NAME": "kde_direct_KDE2315XF885", "PROP_NAME": "MODEL", "PROP_VALUE": "KDE2315XF885"}, {"COMP_NAME": "motor_2", "LIB_NAME": "kde_direct_KDE2315XF885", "PROP_NAME": "Max_Cells", "PROP_VALUE": "6.0"}, {"COMP_NAME": "motor_2", "LIB_NAME": "kde_direct_KDE2315XF885", "PROP_NAME": "CAN_DIAMETER", "PROP_VALUE": "28.3"}, {"COMP_NAME": "motor_2", "LIB_NAME": "kde_direct_KDE2315XF885", "PROP_NAME": "PROP_SIZE_REC", "PROP_VALUE": "9,12"}, {"COMP_NAME": "motor_2", "LIB_NAME": "kde_direct_KDE2315XF885", "PROP_NAME": "ADAPTER_DIAMETER", "PROP_VALUE": "6"}, {"COMP_NAME": "motor_2", "LIB_NAME": "kde_direct_KDE2315XF885", "PROP_NAME": "IO_IDLE_CURRENT_10V", "PROP_VALUE": "0.5"}, {"COMP_NAME": "motor_2", "LIB_NAME": "kde_direct_KDE2315XF885", "PROP_NAME": "TOTAL_LENGTH", "PROP_VALUE": "35.25"}, {"COMP_NAME": "motor_2", "LIB_NAME": "kde_direct_KDE2315XF885", "PROP_NAME": "ADAPTER_LENGTH", "PROP_VALUE": "12"}, {"COMP_NAME": "motor_2", "LIB_NAME": "kde_direct_KDE2315XF885", "PROP_NAME": "WEIGHT", "PROP_VALUE": "0.075"}, {"COMP_NAME": "motor_2", "LIB_NAME": "kde_direct_KDE2315XF885", "PROP_NAME": "PROP_PITCH_REC.", "PROP_VALUE": "3,5"}, {"COMP_NAME": "leg_2", "LIB_NAME": "0394OD_para_tube", "PROP_NAME": "OD", "PROP_VALUE": "10.0076"}, {"COMP_NAME": "leg_2", "LIB_NAME": "0394OD_para_tube", "PROP_NAME": "ID", "PROP_VALUE": "7.3152"}, {"COMP_NAME": "arm_1", "LIB_NAME": "0394OD_para_tube", "PROP_NAME": "OD", "PROP_VALUE": "10.0076"}, {"COMP_NAME": "arm_1", "LIB_NAME": "0394OD_para_tube", "PROP_NAME": "ID", "PROP_VALUE": "7.3152"}, {"COMP_NAME": "prop_3", "LIB_NAME": "apc_propellers_7x5E", "PROP_NAME": "MODEL", "PROP_VALUE": "apc_propellers_7x5E"}, {"COMP_NAME": "prop_3", "LIB_NAME": "apc_propellers_7x5E", "PROP_NAME": "SHAFT_DIAMETER", "PROP_VALUE": "6.35"}, {"COMP_NAME": "prop_3", "LIB_NAME": "apc_propellers_7x5E", "PROP_NAME": "Weight", "PROP_VALUE": "0.007980000000000001"}, {"COMP_NAME": "prop_3", "LIB_NAME": "apc_propellers_7x5E", "PROP_NAME": "Performance_File", "PROP_VALUE": "PER3_7x5E.dat"}, {"COMP_NAME": "prop_3", "LIB_NAME": "apc_propellers_7x5E", "PROP_NAME": "DIAMETER", "PROP_VALUE": "177.8"}, {"COMP_NAME": "prop_3", "LIB_NAME": "apc_propellers_7x5E", "PROP_NAME": "HUB_THICKNESS", "PROP_VALUE": "8.38"}, {"COMP_NAME": "prop_3", "LIB_NAME": "apc_propellers_7x5E", "PROP_NAME": "PITCH", "PROP_VALUE": "127.0"}, {"COMP_NAME": "prop_4", "LIB_NAME": "apc_propellers_7x5E", "PROP_NAME": "MODEL", "PROP_VALUE": "apc_propellers_7x5E"}, {"COMP_NAME": "prop_4", "LIB_NAME": "apc_propellers_7x5E", "PROP_NAME": "SHAFT_DIAMETER", "PROP_VALUE": "6.35"}, {"COMP_NAME": "prop_4", "LIB_NAME": "apc_propellers_7x5E", "PROP_NAME": "Weight", "PROP_VALUE": "0.007980000000000001"}, {"COMP_NAME": "prop_4", "LIB_NAME": "apc_propellers_7x5E", "PROP_NAME": "Performance_File", "PROP_VALUE": "PER3_7x5E.dat"}, {"COMP_NAME": "prop_4", "LIB_NAME": "apc_propellers_7x5E", "PROP_NAME": "DIAMETER", "PROP_VALUE": "177.8"}, {"COMP_NAME": "prop_4", "LIB_NAME": "apc_propellers_7x5E", "PROP_NAME": "HUB_THICKNESS", "PROP_VALUE": "8.38"}, {"COMP_NAME": "prop_4", "LIB_NAME": "apc_propellers_7x5E", "PROP_NAME": "PITCH", "PROP_VALUE": "127.0"}, {"COMP_NAME": "Battery_1", "LIB_NAME": "TurnigyGraphene3000mAh6S75C", "PROP_NAME": "VOLTAGE", "PROP_VALUE": "22.2"}, {"COMP_NAME": "Battery_1", "LIB_NAME": "TurnigyGraphene3000mAh6S75C", "PROP_NAME": "THICKNESS", "PROP_VALUE": "47"}, {"COMP_NAME": "Battery_1", "LIB_NAME": "TurnigyGraphene3000mAh6S75C", "PROP_NAME": "MODEL", "PROP_VALUE": "TurnigyGraphene3000mAh6S75C"}, {"COMP_NAME": "Battery_1", "LIB_NAME": "TurnigyGraphene3000mAh6S75C", "PROP_NAME": "PEAK_DISCHARGE_RATE", "PROP_VALUE": "150"}, {"COMP_NAME": "Battery_1", "LIB_NAME": "TurnigyGraphene3000mAh6S75C", "PROP_NAME": "PACK_RESISTANCE", "PROP_VALUE": "18.0"}, {"COMP_NAME": "Battery_1", "LIB_NAME": "TurnigyGraphene3000mAh6S75C", "PROP_NAME": "WIDTH", "PROP_VALUE": "45"}, {"COMP_NAME": "Battery_1", "LIB_NAME": "TurnigyGraphene3000mAh6S75C", "PROP_NAME": "WEIGHT", "PROP_VALUE": "0.598"}, {"COMP_NAME": "Battery_1", "LIB_NAME": "TurnigyGraphene3000mAh6S75C", "PROP_NAME": "DISCHARGE_PLUG", "PROP_VALUE": "XT90"}, {"COMP_NAME": "Battery_1", "LIB_NAME": "TurnigyGraphene3000mAh6S75C", "PROP_NAME": "BATTERY_TYPE", "PROP_VALUE": "UAV"}, {"COMP_NAME": "Battery_1", "LIB_NAME": "TurnigyGraphene3000mAh6S75C", "PROP_NAME": "LENGTH", "PROP_VALUE": "137.0"}, {"COMP_NAME": "Battery_1", "LIB_NAME": "TurnigyGraphene3000mAh6S75C", "PROP_NAME": "CHEMISTRY_TYPE", "PROP_VALUE": "LiPo"}, {"COMP_NAME": "Battery_1", "LIB_NAME": "TurnigyGraphene3000mAh6S75C", "PROP_NAME": "CONT_DISCHARGE_RATE", "PROP_VALUE": "75"}, {"COMP_NAME": "Battery_1", "LIB_NAME": "TurnigyGraphene3000mAh6S75C", "PROP_NAME": "NUMBER_OF_CELLS", "PROP_VALUE": "6S1P"}, {"COMP_NAME": "Battery_1", "LIB_NAME": "TurnigyGraphene3000mAh6S75C", "PROP_NAME": "COST", "PROP_VALUE": "82.57"}, {"COMP_NAME": "Battery_1", "LIB_NAME": "TurnigyGraphene3000mAh6S75C", "PROP_NAME": "CAPACITY", "PROP_VALUE": "3000"}, {"COMP_NAME": "arm_4", "LIB_NAME": "0394OD_para_tube", "PROP_NAME": "OD", "PROP_VALUE": "10.0076"}, {"COMP_NAME": "arm_4", "LIB_NAME": "0394OD_para_tube", "PROP_NAME": "ID", "PROP_VALUE": "7.3152"}, {"COMP_NAME": "flange_4", "LIB_NAME": "0394_para_flange", "PROP_NAME": "OD", "PROP_VALUE": "10.16"}, {"COMP_NAME": "flange_4", "LIB_NAME": "0394_para_flange", "PROP_NAME": "BOX", "PROP_VALUE": "40.64"}, {"COMP_NAME": "motor_1", "LIB_NAME": "kde_direct_KDE2315XF885", "PROP_NAME": "KT", "PROP_VALUE": "0.0108"}, {"COMP_NAME": "motor_1", "LIB_NAME": "kde_direct_KDE2315XF885", "PROP_NAME": "COST", "PROP_VALUE": "60.95"}, {"COMP_NAME": "motor_1", "LIB_NAME": "kde_direct_KDE2315XF885", "PROP_NAME": "SHAFT_DIAMETER", "PROP_VALUE": "4.0"}, {"COMP_NAME": "motor_1", "LIB_NAME": "kde_direct_KDE2315XF885", "PROP_NAME": "MAX_CURRENT", "PROP_VALUE": "24.0"}, {"COMP_NAME": "motor_1", "LIB_NAME": "kde_direct_KDE2315XF885", "PROP_NAME": "KV", "PROP_VALUE": "885.0"}, {"COMP_NAME": "motor_1", "LIB_NAME": "kde_direct_KDE2315XF885", "PROP_NAME": "LENGTH", "PROP_VALUE": "28.5"}, {"COMP_NAME": "motor_1", "LIB_NAME": "kde_direct_KDE2315XF885", "PROP_NAME": "CAN_LENGTH", "PROP_VALUE": "15.0"}, {"COMP_NAME": "motor_1", "LIB_NAME": "kde_direct_KDE2315XF885", "PROP_NAME": "Min_Cells", "PROP_VALUE": "3.0"}, {"COMP_NAME": "motor_1", "LIB_NAME": "kde_direct_KDE2315XF885", "PROP_NAME": "INTERNAL_RESISTANCE", "PROP_VALUE": "127.0"}, {"COMP_NAME": "motor_1", "LIB_NAME": "kde_direct_KDE2315XF885", "PROP_NAME": "ESC_BEC_Class", "PROP_VALUE": "1.0"}, {"COMP_NAME": "motor_1", "LIB_NAME": "kde_direct_KDE2315XF885", "PROP_NAME": "KM", "PROP_VALUE": "0.0303"}, {"COMP_NAME": "motor_1", "LIB_NAME": "kde_direct_KDE2315XF885", "PROP_NAME": "MAX_POWER", "PROP_VALUE": "532.0"}, {"COMP_NAME": "motor_1", "LIB_NAME": "kde_direct_KDE2315XF885", "PROP_NAME": "Poles", "PROP_VALUE": "12S14P"}, {"COMP_NAME": "motor_1", "LIB_NAME": "kde_direct_KDE2315XF885", "PROP_NAME": "MODEL", "PROP_VALUE": "KDE2315XF885"}, {"COMP_NAME": "motor_1", "LIB_NAME": "kde_direct_KDE2315XF885", "PROP_NAME": "Max_Cells", "PROP_VALUE": "6.0"}, {"COMP_NAME": "motor_1", "LIB_NAME": "kde_direct_KDE2315XF885", "PROP_NAME": "CAN_DIAMETER", "PROP_VALUE": "28.3"}, {"COMP_NAME": "motor_1", "LIB_NAME": "kde_direct_KDE2315XF885", "PROP_NAME": "PROP_SIZE_REC", "PROP_VALUE": "9,12"}, {"COMP_NAME": "motor_1", "LIB_NAME": "kde_direct_KDE2315XF885", "PROP_NAME": "ADAPTER_DIAMETER", "PROP_VALUE": "6"}, {"COMP_NAME": "motor_1", "LIB_NAME": "kde_direct_KDE2315XF885", "PROP_NAME": "IO_IDLE_CURRENT_10V", "PROP_VALUE": "0.5"}, {"COMP_NAME": "motor_1", "LIB_NAME": "kde_direct_KDE2315XF885", "PROP_NAME": "TOTAL_LENGTH", "PROP_VALUE": "35.25"}, {"COMP_NAME": "motor_1", "LIB_NAME": "kde_direct_KDE2315XF885", "PROP_NAME": "ADAPTER_LENGTH", "PROP_VALUE": "12"}, {"COMP_NAME": "motor_1", "LIB_NAME": "kde_direct_KDE2315XF885", "PROP_NAME": "WEIGHT", "PROP_VALUE": "0.075"}, {"COMP_NAME": "motor_1", "LIB_NAME": "kde_direct_KDE2315XF885", "PROP_NAME": "PROP_PITCH_REC.", "PROP_VALUE": "3,5"}, {"COMP_NAME": "leg_4", "LIB_NAME": "0394OD_para_tube", "PROP_NAME": "OD", "PROP_VALUE": "10.0076"}, {"COMP_NAME": "leg_4", "LIB_NAME": "0394OD_para_tube", "PROP_NAME": "ID", "PROP_VALUE": "7.3152"}, {"COMP_NAME": "motor_3", "LIB_NAME": "kde_direct_KDE2315XF885", "PROP_NAME": "KT", "PROP_VALUE": "0.0108"}, {"COMP_NAME": "motor_3", "LIB_NAME": "kde_direct_KDE2315XF885", "PROP_NAME": "COST", "PROP_VALUE": "60.95"}, {"COMP_NAME": "motor_3", "LIB_NAME": "kde_direct_KDE2315XF885", "PROP_NAME": "SHAFT_DIAMETER", "PROP_VALUE": "4.0"}, {"COMP_NAME": "motor_3", "LIB_NAME": "kde_direct_KDE2315XF885", "PROP_NAME": "MAX_CURRENT", "PROP_VALUE": "24.0"}, {"COMP_NAME": "motor_3", "LIB_NAME": "kde_direct_KDE2315XF885", "PROP_NAME": "KV", "PROP_VALUE": "885.0"}, {"COMP_NAME": "motor_3", "LIB_NAME": "kde_direct_KDE2315XF885", "PROP_NAME": "LENGTH", "PROP_VALUE": "28.5"}, {"COMP_NAME": "motor_3", "LIB_NAME": "kde_direct_KDE2315XF885", "PROP_NAME": "CAN_LENGTH", "PROP_VALUE": "15.0"}, {"COMP_NAME": "motor_3", "LIB_NAME": "kde_direct_KDE2315XF885", "PROP_NAME": "Min_Cells", "PROP_VALUE": "3.0"}, {"COMP_NAME": "motor_3", "LIB_NAME": "kde_direct_KDE2315XF885", "PROP_NAME": "INTERNAL_RESISTANCE", "PROP_VALUE": "127.0"}, {"COMP_NAME": "motor_3", "LIB_NAME": "kde_direct_KDE2315XF885", "PROP_NAME": "ESC_BEC_Class", "PROP_VALUE": "1.0"}, {"COMP_NAME": "motor_3", "LIB_NAME": "kde_direct_KDE2315XF885", "PROP_NAME": "KM", "PROP_VALUE": "0.0303"}, {"COMP_NAME": "motor_3", "LIB_NAME": "kde_direct_KDE2315XF885", "PROP_NAME": "MAX_POWER", "PROP_VALUE": "532.0"}, {"COMP_NAME": "motor_3", "LIB_NAME": "kde_direct_KDE2315XF885", "PROP_NAME": "Poles", "PROP_VALUE": "12S14P"}, {"COMP_NAME": "motor_3", "LIB_NAME": "kde_direct_KDE2315XF885", "PROP_NAME": "MODEL", "PROP_VALUE": "KDE2315XF885"}, {"COMP_NAME": "motor_3", "LIB_NAME": "kde_direct_KDE2315XF885", "PROP_NAME": "Max_Cells", "PROP_VALUE": "6.0"}, {"COMP_NAME": "motor_3", "LIB_NAME": "kde_direct_KDE2315XF885", "PROP_NAME": "CAN_DIAMETER", "PROP_VALUE": "28.3"}, {"COMP_NAME": "motor_3", "LIB_NAME": "kde_direct_KDE2315XF885", "PROP_NAME": "PROP_SIZE_REC", "PROP_VALUE": "9,12"}, {"COMP_NAME": "motor_3", "LIB_NAME": "kde_direct_KDE2315XF885", "PROP_NAME": "ADAPTER_DIAMETER", "PROP_VALUE": "6"}, {"COMP_NAME": "motor_3", "LIB_NAME": "kde_direct_KDE2315XF885", "PROP_NAME": "IO_IDLE_CURRENT_10V", "PROP_VALUE": "0.5"}, {"COMP_NAME": "motor_3", "LIB_NAME": "kde_direct_KDE2315XF885", "PROP_NAME": "TOTAL_LENGTH", "PROP_VALUE": "35.25"}, {"COMP_NAME": "motor_3", "LIB_NAME": "kde_direct_KDE2315XF885", "PROP_NAME": "ADAPTER_LENGTH", "PROP_VALUE": "12"}, {"COMP_NAME": "motor_3", "LIB_NAME": "kde_direct_KDE2315XF885", "PROP_NAME": "WEIGHT", "PROP_VALUE": "0.075"}, {"COMP_NAME": "motor_3", "LIB_NAME": "kde_direct_KDE2315XF885", "PROP_NAME": "PROP_PITCH_REC.", "PROP_VALUE": "3,5"}, {"COMP_NAME": "flange_1", "LIB_NAME": "0394_para_flange", "PROP_NAME": "OD", "PROP_VALUE": "10.16"}, {"COMP_NAME": "flange_1", "LIB_NAME": "0394_para_flange", "PROP_NAME": "BOX", "PROP_VALUE": "40.64"}, {"COMP_NAME": "arm_2", "LIB_NAME": "0394OD_para_tube", "PROP_NAME": "OD", "PROP_VALUE": "10.0076"}, {"COMP_NAME": "arm_2", "LIB_NAME": "0394OD_para_tube", "PROP_NAME": "ID", "PROP_VALUE": "7.3152"}, {"COMP_NAME": "prop_2", "LIB_NAME": "apc_propellers_7x5E", "PROP_NAME": "MODEL", "PROP_VALUE": "apc_propellers_7x5E"}, {"COMP_NAME": "prop_2", "LIB_NAME": "apc_propellers_7x5E", "PROP_NAME": "SHAFT_DIAMETER", "PROP_VALUE": "6.35"}, {"COMP_NAME": "prop_2", "LIB_NAME": "apc_propellers_7x5E", "PROP_NAME": "Weight", "PROP_VALUE": "0.007980000000000001"}, {"COMP_NAME": "prop_2", "LIB_NAME": "apc_propellers_7x5E", "PROP_NAME": "Performance_File", "PROP_VALUE": "PER3_7x5E.dat"}, {"COMP_NAME": "prop_2", "LIB_NAME": "apc_propellers_7x5E", "PROP_NAME": "DIAMETER", "PROP_VALUE": "177.8"}, {"COMP_NAME": "prop_2", "LIB_NAME": "apc_propellers_7x5E", "PROP_NAME": "HUB_THICKNESS", "PROP_VALUE": "8.38"}, {"COMP_NAME": "prop_2", "LIB_NAME": "apc_propellers_7x5E", "PROP_NAME": "PITCH", "PROP_VALUE": "127.0"}, {"COMP_NAME": "leg_1", "LIB_NAME": "0394OD_para_tube", "PROP_NAME": "OD", "PROP_VALUE": "10.0076"}, {"COMP_NAME": "leg_1", "LIB_NAME": "0394OD_para_tube", "PROP_NAME": "ID", "PROP_VALUE": "7.3152"}, {"COMP_NAME": "ControlBox", "LIB_NAME": "ControlBox", "PROP_NAME": "CC_39", "PROP_VALUE": "39"}, {"COMP_NAME": "ControlBox", "LIB_NAME": "ControlBox", "PROP_NAME": "CC_29", "PROP_VALUE": "29"}, {"COMP_NAME": "ControlBox", "LIB_NAME": "ControlBox", "PROP_NAME": "CC_19", "PROP_VALUE": "19"}, {"COMP_NAME": "ControlBox", "LIB_NAME": "ControlBox", "PROP_NAME": "CC_36", "PROP_VALUE": "36"}, {"COMP_NAME": "ControlBox", "LIB_NAME": "ControlBox", "PROP_NAME": "CC_28", "PROP_VALUE": "28"}, {"COMP_NAME": "ControlBox", "LIB_NAME": "ControlBox", "PROP_NAME": "CC_31", "PROP_VALUE": "31"}, {"COMP_NAME": "ControlBox", "LIB_NAME": "ControlBox", "PROP_NAME": "CC_22", "PROP_VALUE": "22"}, {"COMP_NAME": "ControlBox", "LIB_NAME": "ControlBox", "PROP_NAME": "CC_43", "PROP_VALUE": "43"}, {"COMP_NAME": "ControlBox", "LIB_NAME": "ControlBox", "PROP_NAME": "CC_50", "PROP_VALUE": "50"}, {"COMP_NAME": "ControlBox", "LIB_NAME": "ControlBox", "PROP_NAME": "CC_46", "PROP_VALUE": "46"}, {"COMP_NAME": "ControlBox", "LIB_NAME": "ControlBox", "PROP_NAME": "CC_17", "PROP_VALUE": "17"}, {"COMP_NAME": "ControlBox", "LIB_NAME": "ControlBox", "PROP_NAME": "CC_5", "PROP_VALUE": "5"}, {"COMP_NAME": "ControlBox", "LIB_NAME": "ControlBox", "PROP_NAME": "CC_11", "PROP_VALUE": "11"}, {"COMP_NAME": "ControlBox", "LIB_NAME": "ControlBox", "PROP_NAME": "CC_12", "PROP_VALUE": "12"}, {"COMP_NAME": "ControlBox", "LIB_NAME": "ControlBox", "PROP_NAME": "CC_21", "PROP_VALUE": "21"}, {"COMP_NAME": "ControlBox", "LIB_NAME": "ControlBox", "PROP_NAME": "CC_40", "PROP_VALUE": "40"}, {"COMP_NAME": "ControlBox", "LIB_NAME": "ControlBox", "PROP_NAME": "CC_20", "PROP_VALUE": "20"}, {"COMP_NAME": "ControlBox", "LIB_NAME": "ControlBox", "PROP_NAME": "CC_30", "PROP_VALUE": "30"}, {"COMP_NAME": "ControlBox", "LIB_NAME": "ControlBox", "PROP_NAME": "CC_13", "PROP_VALUE": "13"}, {"COMP_NAME": "ControlBox", "LIB_NAME": "ControlBox", "PROP_NAME": "CC_25", "PROP_VALUE": "25"}, {"COMP_NAME": "ControlBox", "LIB_NAME": "ControlBox", "PROP_NAME": "CC_44", "PROP_VALUE": "44"}, {"COMP_NAME": "ControlBox", "LIB_NAME": "ControlBox", "PROP_NAME": "CC_33", "PROP_VALUE": "33"}, {"COMP_NAME": "ControlBox", "LIB_NAME": "ControlBox", "PROP_NAME": "CC_34", "PROP_VALUE": "34"}, {"COMP_NAME": "ControlBox", "LIB_NAME": "ControlBox", "PROP_NAME": "CC_18", "PROP_VALUE": "18"}, {"COMP_NAME": "ControlBox", "LIB_NAME": "ControlBox", "PROP_NAME": "CC_27", "PROP_VALUE": "27"}, {"COMP_NAME": "ControlBox", "LIB_NAME": "ControlBox", "PROP_NAME": "CC_47", "PROP_VALUE": "47"}, {"COMP_NAME": "ControlBox", "LIB_NAME": "ControlBox", "PROP_NAME": "CC_8", "PROP_VALUE": "8"}, {"COMP_NAME": "ControlBox", "LIB_NAME": "ControlBox", "PROP_NAME": "CC_48", "PROP_VALUE": "48"}, {"COMP_NAME": "ControlBox", "LIB_NAME": "ControlBox", "PROP_NAME": "CC_1", "PROP_VALUE": "1"}, {"COMP_NAME": "ControlBox", "LIB_NAME": "ControlBox", "PROP_NAME": "CC_3", "PROP_VALUE": "3"}, {"COMP_NAME": "ControlBox", "LIB_NAME": "ControlBox", "PROP_NAME": "CC_32", "PROP_VALUE": "32"}, {"COMP_NAME": "ControlBox", "LIB_NAME": "ControlBox", "PROP_NAME": "CC_26", "PROP_VALUE": "26"}, {"COMP_NAME": "ControlBox", "LIB_NAME": "ControlBox", "PROP_NAME": "CC_24", "PROP_VALUE": "24"}, {"COMP_NAME": "ControlBox", "LIB_NAME": "ControlBox", "PROP_NAME": "CC_49", "PROP_VALUE": "49"}, {"COMP_NAME": "ControlBox", "LIB_NAME": "ControlBox", "PROP_NAME": "CC_15", "PROP_VALUE": "15"}, {"COMP_NAME": "ControlBox", "LIB_NAME": "ControlBox", "PROP_NAME": "CC_35", "PROP_VALUE": "35"}, {"COMP_NAME": "ControlBox", "LIB_NAME": "ControlBox", "PROP_NAME": "CC_38", "PROP_VALUE": "38"}, {"COMP_NAME": "ControlBox", "LIB_NAME": "ControlBox", "PROP_NAME": "CC_2", "PROP_VALUE": "2"}, {"COMP_NAME": "ControlBox", "LIB_NAME": "ControlBox", "PROP_NAME": "CC_42", "PROP_VALUE": "42"}, {"COMP_NAME": "ControlBox", "LIB_NAME": "ControlBox", "PROP_NAME": "CC_10", "PROP_VALUE": "10"}, {"COMP_NAME": "ControlBox", "LIB_NAME": "ControlBox", "PROP_NAME": "CC_6", "PROP_VALUE": "6"}, {"COMP_NAME": "ControlBox", "LIB_NAME": "ControlBox", "PROP_NAME": "CC_9", "PROP_VALUE": "9"}, {"COMP_NAME": "ControlBox", "LIB_NAME": "ControlBox", "PROP_NAME": "CC_45", "PROP_VALUE": "45"}, {"COMP_NAME": "ControlBox", "LIB_NAME": "ControlBox", "PROP_NAME": "CC_14", "PROP_VALUE": "14"}, {"COMP_NAME": "ControlBox", "LIB_NAME": "ControlBox", "PROP_NAME": "CC_4", "PROP_VALUE": "4"}, {"COMP_NAME": "ControlBox", "LIB_NAME": "ControlBox", "PROP_NAME": "CC_16", "PROP_VALUE": "16"}, {"COMP_NAME": "ControlBox", "LIB_NAME": "ControlBox", "PROP_NAME": "CC_41", "PROP_VALUE": "41"}, {"COMP_NAME": "ControlBox", "LIB_NAME": "ControlBox", "PROP_NAME": "CC_23", "PROP_VALUE": "23"}, {"COMP_NAME": "ControlBox", "LIB_NAME": "ControlBox", "PROP_NAME": "CC_7", "PROP_VALUE": "7"}, {"COMP_NAME": "ControlBox", "LIB_NAME": "ControlBox", "PROP_NAME": "CC_37", "PROP_VALUE": "37"}, {"COMP_NAME": "arm_3", "LIB_NAME": "0394OD_para_tube", "PROP_NAME": "OD", "PROP_VALUE": "10.0076"}, {"COMP_NAME": "arm_3", "LIB_NAME": "0394OD_para_tube", "PROP_NAME": "ID", "PROP_VALUE": "7.3152"}, {"COMP_NAME": "Battery_2", "LIB_NAME": "TurnigyGraphene3000mAh6S75C", "PROP_NAME": "VOLTAGE", "PROP_VALUE": "22.2"}, {"COMP_NAME": "Battery_2", "LIB_NAME": "TurnigyGraphene3000mAh6S75C", "PROP_NAME": "THICKNESS", "PROP_VALUE": "47"}, {"COMP_NAME": "Battery_2", "LIB_NAME": "TurnigyGraphene3000mAh6S75C", "PROP_NAME": "MODEL", "PROP_VALUE": "TurnigyGraphene3000mAh6S75C"}, {"COMP_NAME": "Battery_2", "LIB_NAME": "TurnigyGraphene3000mAh6S75C", "PROP_NAME": "PEAK_DISCHARGE_RATE", "PROP_VALUE": "150"}, {"COMP_NAME": "Battery_2", "LIB_NAME": "TurnigyGraphene3000mAh6S75C", "PROP_NAME": "PACK_RESISTANCE", "PROP_VALUE": "18.0"}, {"COMP_NAME": "Battery_2", "LIB_NAME": "TurnigyGraphene3000mAh6S75C", "PROP_NAME": "WIDTH", "PROP_VALUE": "45"}, {"COMP_NAME": "Battery_2", "LIB_NAME": "TurnigyGraphene3000mAh6S75C", "PROP_NAME": "WEIGHT", "PROP_VALUE": "0.598"}, {"COMP_NAME": "Battery_2", "LIB_NAME": "TurnigyGraphene3000mAh6S75C", "PROP_NAME": "DISCHARGE_PLUG", "PROP_VALUE": "XT90"}, {"COMP_NAME": "Battery_2", "LIB_NAME": "TurnigyGraphene3000mAh6S75C", "PROP_NAME": "BATTERY_TYPE", "PROP_VALUE": "UAV"}, {"COMP_NAME": "Battery_2", "LIB_NAME": "TurnigyGraphene3000mAh6S75C", "PROP_NAME": "LENGTH", "PROP_VALUE": "137.0"}, {"COMP_NAME": "Battery_2", "LIB_NAME": "TurnigyGraphene3000mAh6S75C", "PROP_NAME": "CHEMISTRY_TYPE", "PROP_VALUE": "LiPo"}, {"COMP_NAME": "Battery_2", "LIB_NAME": "TurnigyGraphene3000mAh6S75C", "PROP_NAME": "CONT_DISCHARGE_RATE", "PROP_VALUE": "75"}, {"COMP_NAME": "Battery_2", "LIB_NAME": "TurnigyGraphene3000mAh6S75C", "PROP_NAME": "NUMBER_OF_CELLS", "PROP_VALUE": "6S1P"}, {"COMP_NAME": "Battery_2", "LIB_NAME": "TurnigyGraphene3000mAh6S75C", "PROP_NAME": "COST", "PROP_VALUE": "82.57"}, {"COMP_NAME": "Battery_2", "LIB_NAME": "TurnigyGraphene3000mAh6S75C", "PROP_NAME": "CAPACITY", "PROP_VALUE": "3000"}, {"COMP_NAME": "flange_2", "LIB_NAME": "0394_para_flange", "PROP_NAME": "OD", "PROP_VALUE": "10.16"}, {"COMP_NAME": "flange_2", "LIB_NAME": "0394_para_flange", "PROP_NAME": "BOX", "PROP_VALUE": "40.64"}, {"COMP_NAME": "prop_1", "LIB_NAME": "apc_propellers_7x5E", "PROP_NAME": "MODEL", "PROP_VALUE": "apc_propellers_7x5E"}, {"COMP_NAME": "prop_1", "LIB_NAME": "apc_propellers_7x5E", "PROP_NAME": "SHAFT_DIAMETER", "PROP_VALUE": "6.35"}, {"COMP_NAME": "prop_1", "LIB_NAME": "apc_propellers_7x5E", "PROP_NAME": "Weight", "PROP_VALUE": "0.007980000000000001"}, {"COMP_NAME": "prop_1", "LIB_NAME": "apc_propellers_7x5E", "PROP_NAME": "Performance_File", "PROP_VALUE": "PER3_7x5E.dat"}, {"COMP_NAME": "prop_1", "LIB_NAME": "apc_propellers_7x5E", "PROP_NAME": "DIAMETER", "PROP_VALUE": "177.8"}, {"COMP_NAME": "prop_1", "LIB_NAME": "apc_propellers_7x5E", "PROP_NAME": "HUB_THICKNESS", "PROP_VALUE": "8.38"}, {"COMP_NAME": "prop_1", "LIB_NAME": "apc_propellers_7x5E", "PROP_NAME": "PITCH", "PROP_VALUE": "127.0"}]