[{"DESIGN_PARAM": "UpFacingCCW_Spin", "DESIGN_PARAM_VAL": "-1", "COMPONENT_NAME": "prop_3", "COMPONENT_PARAM": "Direction"}, {"DESIGN_PARAM": "UpFacingCCW_Spin", "DESIGN_PARAM_VAL": "-1", "COMPONENT_NAME": "prop_1", "COMPONENT_PARAM": "Direction"}, {"DESIGN_PARAM": "Battery_2_Offset", "DESIGN_PARAM_VAL": "-24", "COMPONENT_NAME": "capsule_fuselage", "COMPONENT_PARAM": "FLOOR_CONNECTOR_2_DISP_WIDTH"}, {"DESIGN_PARAM": "Arm_Length", "DESIGN_PARAM_VAL": "220", "COMPONENT_NAME": "arm_4", "COMPONENT_PARAM": "Length"}, {"DESIGN_PARAM": "Arm_Length", "DESIGN_PARAM_VAL": "220", "COMPONENT_NAME": "arm_2", "COMPONENT_PARAM": "Length"}, {"DESIGN_PARAM": "Arm_Length", "DESIGN_PARAM_VAL": "220", "COMPONENT_NAME": "arm_3", "COMPONENT_PARAM": "Length"}, {"DESIGN_PARAM": "Arm_Length", "DESIGN_PARAM_VAL": "220", "COMPONENT_NAME": "arm_1", "COMPONENT_PARAM": "Length"}, {"DESIGN_PARAM": "flight_angle", "DESIGN_PARAM_VAL": "45", "COMPONENT_NAME": "Orient", "COMPONENT_PARAM": "Z_ANGLE"}, {"DESIGN_PARAM": "flight_angle", "DESIGN_PARAM_VAL": "45", "COMPONENT_NAME": "capsule_fuselage", "COMPONENT_PARAM": "BOTTOM_CONNECTOR_ROTATION"}, {"DESIGN_PARAM": "fuse_floor", "DESIGN_PARAM_VAL": "20", "COMPONENT_NAME": "capsule_fuselage", "COMPONENT_PARAM": "FLOOR_HEIGHT"}, {"DESIGN_PARAM": "fuse_height", "DESIGN_PARAM_VAL": "90", "COMPONENT_NAME": "capsule_fuselage", "COMPONENT_PARAM": "VERT_DIAMETER"}, {"DESIGN_PARAM": "UpFacingCW_PropType", "DESIGN_PARAM_VAL": "1", "COMPONENT_NAME": "prop_2", "COMPONENT_PARAM": "Prop_type"}, {"DESIGN_PARAM": "UpFacingCW_PropType", "DESIGN_PARAM_VAL": "1", "COMPONENT_NAME": "prop_4", "COMPONENT_PARAM": "Prop_type"}, {"DESIGN_PARAM": "Leg_Length", "DESIGN_PARAM_VAL": "95", "COMPONENT_NAME": "leg_2", "COMPONENT_PARAM": "Length"}, {"DESIGN_PARAM": "Leg_Length", "DESIGN_PARAM_VAL": "95", "COMPONENT_NAME": "leg_4", "COMPONENT_PARAM": "Length"}, {"DESIGN_PARAM": "Leg_Length", "DESIGN_PARAM_VAL": "95", "COMPONENT_NAME": "leg_1", "COMPONENT_PARAM": "Length"}, {"DESIGN_PARAM": "Leg_Length", "DESIGN_PARAM_VAL": "95", "COMPONENT_NAME": "leg_3", "COMPONENT_PARAM": "Length"}, {"DESIGN_PARAM": "UpFacingCCW_PropType", "DESIGN_PARAM_VAL": "-1", "COMPONENT_NAME": "prop_1", "COMPONENT_PARAM": "Prop_type"}, {"DESIGN_PARAM": "UpFacingCCW_PropType", "DESIGN_PARAM_VAL": "-1", "COMPONENT_NAME": "prop_3", "COMPONENT_PARAM": "Prop_type"}, {"DESIGN_PARAM": "UpFacingCW_Spin", "DESIGN_PARAM_VAL": "1", "COMPONENT_NAME": "prop_4", "COMPONENT_PARAM": "Direction"}, {"DESIGN_PARAM": "UpFacingCW_Spin", "DESIGN_PARAM_VAL": "1", "COMPONENT_NAME": "prop_2", "COMPONENT_PARAM": "Direction"}, {"DESIGN_PARAM": "fuse_length", "DESIGN_PARAM_VAL": "100", "COMPONENT_NAME": "capsule_fuselage", "COMPONENT_PARAM": "TUBE_LENGTH"}, {"DESIGN_PARAM": "Battery_1_Offset", "DESIGN_PARAM_VAL": "24", "COMPONENT_NAME": "capsule_fuselage", "COMPONENT_PARAM": "FLOOR_CONNECTOR_1_DISP_WIDTH"}, {"DESIGN_PARAM": "fuse_width", "DESIGN_PARAM_VAL": "145", "COMPONENT_NAME": "capsule_fuselage", "COMPONENT_PARAM": "HORZ_DIAMETER"}]