[{"FROM_COMP": "passenger2", "FROM_CONN": "Connector", "TO_COMP": "fuselage", "TO_CONN": "SEAT_2_CONNECTOR"}, {"FROM_COMP": "left_battery", "FROM_CONN": "PowerBus", "TO_COMP": "battery_controller", "TO_CONN": "BatteryPower"}, {"FROM_COMP": "left_battery", "FROM_CONN": "Battery_Connector_2_out", "TO_COMP": "left_wing", "TO_CONN": "Battery_Connector_2"}, {"FROM_COMP": "post_l_2", "FROM_CONN": "REAR_CONNECTOR", "TO_COMP": "fork_post_mp_3_motor", "TO_CONN": "Base_Connector"}, {"FROM_COMP": "post_l_2", "FROM_CONN": "FRONT_CONNECTOR", "TO_COMP": "fork_l_2", "TO_CONN": "TOP_CONNECTOR"}, {"FROM_COMP": "right_battery", "FROM_CONN": "PowerBus", "TO_COMP": "battery_controller", "TO_CONN": "BatteryPower"}, {"FROM_COMP": "right_battery", "FROM_CONN": "Battery_Connector_1_out", "TO_COMP": "right_wing", "TO_CONN": "Battery_Connector_1"}, {"FROM_COMP": "post_l_3", "FROM_CONN": "FRONT_CONNECTOR", "TO_COMP": "fork_l_3", "TO_CONN": "TOP_CONNECTOR"}, {"FROM_COMP": "post_l_3", "FROM_CONN": "REAR_CONNECTOR", "TO_COMP": "fork_post_mp_5_motor", "TO_CONN": "Base_Connector"}, {"FROM_COMP": "fuselage", "FROM_CONN": "TOP_CONNECTOR", "TO_COMP": "cross_tower_bottom", "TO_CONN": "FRONT_CONNECTOR"}, {"FROM_COMP": "fuselage", "FROM_CONN": "SEAT_1_CONNECTOR", "TO_COMP": "passenger1", "TO_CONN": "Connector"}, {"FROM_COMP": "fuselage", "FROM_CONN": "RIGHT_CONNECTOR", "TO_COMP": "right_wing", "TO_CONN": "Connector_1"}, {"FROM_COMP": "fuselage", "FROM_CONN": "SEAT_2_CONNECTOR", "TO_COMP": "passenger2", "TO_CONN": "Connector"}, {"FROM_COMP": "fuselage", "FROM_CONN": "LEFT_CONNECTOR", "TO_COMP": "left_wing", "TO_CONN": "Connector_2"}, {"FROM_COMP": "fuselage", "FROM_CONN": "REAR_CONNECTOR", "TO_COMP": "cylinder_0", "TO_CONN": "FRONT_CONNECTOR"}, {"FROM_COMP": "fuselage", "FROM_CONN": "BOTTOM_CONNECTOR", "TO_COMP": "tbar_post_1", "TO_CONN": "FRONT_CONNECTOR"}, {"FROM_COMP": "fuselage", "FROM_CONN": "ORIENT", "TO_COMP": "Orient", "TO_CONN": "ORIENTCONN"}, {"FROM_COMP": "battery_controller", "FROM_CONN": "MotorPower", "TO_COMP": "t_cross_mp_bottom_motor", "TO_CONN": "MotorPower"}, {"FROM_COMP": "battery_controller", "FROM_CONN": "MotorPower", "TO_COMP": "fork_post_mp_2_motor", "TO_CONN": "MotorPower"}, {"FROM_COMP": "battery_controller", "FROM_CONN": "MotorPower", "TO_COMP": "t_post_mp_bottom_motor", "TO_CONN": "MotorPower"}, {"FROM_COMP": "battery_controller", "FROM_CONN": "MotorPower", "TO_COMP": "fork_post_mp_1_motor", "TO_CONN": "MotorPower"}, {"FROM_COMP": "battery_controller", "FROM_CONN": "MotorPower", "TO_COMP": "fork_post_mp_6_motor", "TO_CONN": "MotorPower"}, {"FROM_COMP": "battery_controller", "FROM_CONN": "MotorPower", "TO_COMP": "fork_post_mp_8_motor", "TO_CONN": "MotorPower"}, {"FROM_COMP": "battery_controller", "FROM_CONN": "MotorPower", "TO_COMP": "tail_tbar_cross_mp_motor", "TO_CONN": "MotorPower"}, {"FROM_COMP": "battery_controller", "FROM_CONN": "MotorPower", "TO_COMP": "fork_post_mp_3_motor", "TO_CONN": "MotorPower"}, {"FROM_COMP": "battery_controller", "FROM_CONN": "MotorPower", "TO_COMP": "fork_post_mp_7_motor", "TO_CONN": "MotorPower"}, {"FROM_COMP": "battery_controller", "FROM_CONN": "MotorPower", "TO_COMP": "fork_post_mp_4_motor", "TO_CONN": "MotorPower"}, {"FROM_COMP": "battery_controller", "FROM_CONN": "MotorPower", "TO_COMP": "fork_post_mp_5_motor", "TO_CONN": "MotorPower"}, {"FROM_COMP": "battery_controller", "FROM_CONN": "MotorPower", "TO_COMP": "fork_post_mp_9_motor", "TO_CONN": "MotorPower"}, {"FROM_COMP": "battery_controller", "FROM_CONN": "MotorPower", "TO_COMP": "fork_post_mp_10_motor", "TO_CONN": "MotorPower"}, {"FROM_COMP": "battery_controller", "FROM_CONN": "MotorPower", "TO_COMP": "tail_tbar_post_mp_motor", "TO_CONN": "MotorPower"}, {"FROM_COMP": "battery_controller", "FROM_CONN": "BatteryPower", "TO_COMP": "right_battery", "TO_CONN": "PowerBus"}, {"FROM_COMP": "battery_controller", "FROM_CONN": "BatteryPower", "TO_COMP": "left_battery", "TO_CONN": "PowerBus"}, {"FROM_COMP": "fork_l_1", "FROM_CONN": "TOP_CONNECTOR", "TO_COMP": "post_l_1", "TO_CONN": "FRONT_CONNECTOR"}, {"FROM_COMP": "fork_l_1", "FROM_CONN": "FRONT_CONNECTOR", "TO_COMP": "cylinder_0", "TO_CONN": "LEFT_CONNECTOR"}, {"FROM_COMP": "post_r_1", "FROM_CONN": "FRONT_CONNECTOR", "TO_COMP": "fork_r_1", "TO_CONN": "BOTTOM_CONNECTOR"}, {"FROM_COMP": "post_r_1", "FROM_CONN": "REAR_CONNECTOR", "TO_COMP": "fork_post_mp_2_motor", "TO_CONN": "Base_Connector"}, {"FROM_COMP": "tbar_post_1", "FROM_CONN": "FRONT_CONNECTOR", "TO_COMP": "fuselage", "TO_CONN": "BOTTOM_CONNECTOR"}, {"FROM_COMP": "tbar_post_1", "FROM_CONN": "REAR_CONNECTOR", "TO_COMP": "t_post_mp_bottom_motor", "TO_CONN": "Base_Connector"}, {"FROM_COMP": "tbar_post_1", "FROM_CONN": "RIGHT_CONNECTOR", "TO_COMP": "tbar_cross_1", "TO_CONN": "FRONT_CONNECTOR"}, {"FROM_COMP": "cylinder_1", "FROM_CONN": "RIGHT_CONNECTOR", "TO_COMP": "fork_r_2", "TO_CONN": "FRONT_CONNECTOR"}, {"FROM_COMP": "cylinder_1", "FROM_CONN": "LEFT_CONNECTOR", "TO_COMP": "fork_l_2", "TO_CONN": "FRONT_CONNECTOR"}, {"FROM_COMP": "cylinder_1", "FROM_CONN": "FRONT_CONNECTOR", "TO_COMP": "cylinder_0", "TO_CONN": "REAR_CONNECTOR"}, {"FROM_COMP": "cylinder_1", "FROM_CONN": "REAR_CONNECTOR", "TO_COMP": "cylinder_2", "TO_CONN": "FRONT_CONNECTOR"}, {"FROM_COMP": "t_cross_mp_bottom_prop", "FROM_CONN": "MOTOR_CONNECTOR_CS_IN", "TO_COMP": "t_cross_mp_bottom_motor", "TO_CONN": "Prop_Connector"}, {"FROM_COMP": "post_l_1", "FROM_CONN": "FRONT_CONNECTOR", "TO_COMP": "fork_l_1", "TO_CONN": "TOP_CONNECTOR"}, {"FROM_COMP": "post_l_1", "FROM_CONN": "REAR_CONNECTOR", "TO_COMP": "fork_post_mp_1_motor", "TO_CONN": "Base_Connector"}, {"FROM_COMP": "fork_r_3", "FROM_CONN": "FRONT_CONNECTOR", "TO_COMP": "cylinder_2", "TO_CONN": "RIGHT_CONNECTOR"}, {"FROM_COMP": "fork_r_3", "FROM_CONN": "BOTTOM_CONNECTOR", "TO_COMP": "post_r_3", "TO_CONN": "FRONT_CONNECTOR"}, {"FROM_COMP": "cylinder_2", "FROM_CONN": "RIGHT_CONNECTOR", "TO_COMP": "fork_r_3", "TO_CONN": "FRONT_CONNECTOR"}, {"FROM_COMP": "cylinder_2", "FROM_CONN": "FRONT_CONNECTOR", "TO_COMP": "cylinder_1", "TO_CONN": "REAR_CONNECTOR"}, {"FROM_COMP": "cylinder_2", "FROM_CONN": "REAR_CONNECTOR", "TO_COMP": "cylinder_3", "TO_CONN": "FRONT_CONNECTOR"}, {"FROM_COMP": "cylinder_2", "FROM_CONN": "LEFT_CONNECTOR", "TO_COMP": "fork_l_3", "TO_CONN": "FRONT_CONNECTOR"}, {"FROM_COMP": "fork_post_mp_3_prop", "FROM_CONN": "MOTOR_CONNECTOR_CS_IN", "TO_COMP": "fork_post_mp_3_motor", "TO_CONN": "Prop_Connector"}, {"FROM_COMP": "fork_r_4", "FROM_CONN": "BOTTOM_CONNECTOR", "TO_COMP": "post_r_4", "TO_CONN": "FRONT_CONNECTOR"}, {"FROM_COMP": "fork_r_4", "FROM_CONN": "FRONT_CONNECTOR", "TO_COMP": "cylinder_3", "TO_CONN": "RIGHT_CONNECTOR"}, {"FROM_COMP": "post_r_4", "FROM_CONN": "REAR_CONNECTOR", "TO_COMP": "fork_post_mp_8_motor", "TO_CONN": "Base_Connector"}, {"FROM_COMP": "post_r_4", "FROM_CONN": "FRONT_CONNECTOR", "TO_COMP": "fork_r_4", "TO_CONN": "BOTTOM_CONNECTOR"}, {"FROM_COMP": "fork_l_5", "FROM_CONN": "TOP_CONNECTOR", "TO_COMP": "post_l_5", "TO_CONN": "FRONT_CONNECTOR"}, {"FROM_COMP": "fork_l_5", "FROM_CONN": "FRONT_CONNECTOR", "TO_COMP": "cylinder_3", "TO_CONN": "LEFT_CONNECTOR"}, {"FROM_COMP": "post_r_3", "FROM_CONN": "REAR_CONNECTOR", "TO_COMP": "fork_post_mp_6_motor", "TO_CONN": "Base_Connector"}, {"FROM_COMP": "post_r_3", "FROM_CONN": "FRONT_CONNECTOR", "TO_COMP": "fork_r_3", "TO_CONN": "BOTTOM_CONNECTOR"}, {"FROM_COMP": "post_r_5", "FROM_CONN": "FRONT_CONNECTOR", "TO_COMP": "fork_r_5", "TO_CONN": "BOTTOM_CONNECTOR"}, {"FROM_COMP": "post_r_5", "FROM_CONN": "REAR_CONNECTOR", "TO_COMP": "tbar_post_2", "TO_CONN": "FRONT_CONNECTOR"}, {"FROM_COMP": "post_r_5", "FROM_CONN": "REAR_CONNECTOR", "TO_COMP": "fork_post_mp_10_motor", "TO_CONN": "Base_Connector"}, {"FROM_COMP": "fork_l_4", "FROM_CONN": "TOP_CONNECTOR", "TO_COMP": "post_l_4", "TO_CONN": "FRONT_CONNECTOR"}, {"FROM_COMP": "fork_l_4", "FROM_CONN": "FRONT_CONNECTOR", "TO_COMP": "cylinder_3", "TO_CONN": "LEFT_CONNECTOR"}, {"FROM_COMP": "fork_post_mp_8_prop", "FROM_CONN": "MOTOR_CONNECTOR_CS_IN", "TO_COMP": "fork_post_mp_8_motor", "TO_CONN": "Prop_Connector"}, {"FROM_COMP": "fork_r_5", "FROM_CONN": "BOTTOM_CONNECTOR", "TO_COMP": "post_r_5", "TO_CONN": "FRONT_CONNECTOR"}, {"FROM_COMP": "fork_r_5", "FROM_CONN": "FRONT_CONNECTOR", "TO_COMP": "cylinder_3", "TO_CONN": "RIGHT_CONNECTOR"}, {"FROM_COMP": "fork_post_mp_10_motor", "FROM_CONN": "Base_Connector", "TO_COMP": "post_r_5", "TO_CONN": "REAR_CONNECTOR"}, {"FROM_COMP": "fork_post_mp_10_motor", "FROM_CONN": "MotorPower", "TO_COMP": "battery_controller", "TO_CONN": "MotorPower"}, {"FROM_COMP": "fork_post_mp_10_motor", "FROM_CONN": "Prop_Connector", "TO_COMP": "fork_post_mp_10_prop", "TO_CONN": "MOTOR_CONNECTOR_CS_IN"}, {"FROM_COMP": "t_post_mp_bottom_motor", "FROM_CONN": "Base_Connector", "TO_COMP": "tbar_post_1", "TO_CONN": "REAR_CONNECTOR"}, {"FROM_COMP": "t_post_mp_bottom_motor", "FROM_CONN": "Prop_Connector", "TO_COMP": "t_post_mp_bottom_prop", "TO_CONN": "MOTOR_CONNECTOR_CS_IN"}, {"FROM_COMP": "t_post_mp_bottom_motor", "FROM_CONN": "MotorPower", "TO_COMP": "battery_controller", "TO_CONN": "MotorPower"}, {"FROM_COMP": "t_post_mp_bottom_prop", "FROM_CONN": "MOTOR_CONNECTOR_CS_IN", "TO_COMP": "t_post_mp_bottom_motor", "TO_CONN": "Prop_Connector"}, {"FROM_COMP": "fork_post_mp_2_prop", "FROM_CONN": "MOTOR_CONNECTOR_CS_IN", "TO_COMP": "fork_post_mp_2_motor", "TO_CONN": "Prop_Connector"}, {"FROM_COMP": "wing_pair_1_r", "FROM_CONN": "Connector_1", "TO_COMP": "wing_pair_1", "TO_CONN": "RIGHT_CONNECTOR"}, {"FROM_COMP": "tail_tbar_cross_mp_motor", "FROM_CONN": "MotorPower", "TO_COMP": "battery_controller", "TO_CONN": "MotorPower"}, {"FROM_COMP": "tail_tbar_cross_mp_motor", "FROM_CONN": "Prop_Connector", "TO_COMP": "tail_tbar_cross_mp_prop", "TO_CONN": "MOTOR_CONNECTOR_CS_IN"}, {"FROM_COMP": "tail_tbar_cross_mp_motor", "FROM_CONN": "Base_Connector", "TO_COMP": "wing_pair_1", "TO_CONN": "REAR_CONNECTOR"}, {"FROM_COMP": "fork_post_mp_1_motor", "FROM_CONN": "Prop_Connector", "TO_COMP": "fork_post_mp_1_prop", "TO_CONN": "MOTOR_CONNECTOR_CS_IN"}, {"FROM_COMP": "fork_post_mp_1_motor", "FROM_CONN": "MotorPower", "TO_COMP": "battery_controller", "TO_CONN": "MotorPower"}, {"FROM_COMP": "fork_post_mp_1_motor", "FROM_CONN": "Base_Connector", "TO_COMP": "post_l_1", "TO_CONN": "REAR_CONNECTOR"}, {"FROM_COMP": "fork_post_mp_2_motor", "FROM_CONN": "Base_Connector", "TO_COMP": "post_r_1", "TO_CONN": "REAR_CONNECTOR"}, {"FROM_COMP": "fork_post_mp_2_motor", "FROM_CONN": "Prop_Connector", "TO_COMP": "fork_post_mp_2_prop", "TO_CONN": "MOTOR_CONNECTOR_CS_IN"}, {"FROM_COMP": "fork_post_mp_2_motor", "FROM_CONN": "MotorPower", "TO_COMP": "battery_controller", "TO_CONN": "MotorPower"}, {"FROM_COMP": "tail_tbar_cross_mp_prop", "FROM_CONN": "MOTOR_CONNECTOR_CS_IN", "TO_COMP": "tail_tbar_cross_mp_motor", "TO_CONN": "Prop_Connector"}, {"FROM_COMP": "fork_post_mp_6_motor", "FROM_CONN": "Prop_Connector", "TO_COMP": "fork_post_mp_6_prop", "TO_CONN": "MOTOR_CONNECTOR_CS_IN"}, {"FROM_COMP": "fork_post_mp_6_motor", "FROM_CONN": "MotorPower", "TO_COMP": "battery_controller", "TO_CONN": "MotorPower"}, {"FROM_COMP": "fork_post_mp_6_motor", "FROM_CONN": "Base_Connector", "TO_COMP": "post_r_3", "TO_CONN": "REAR_CONNECTOR"}, {"FROM_COMP": "fork_post_mp_4_motor", "FROM_CONN": "Base_Connector", "TO_COMP": "post_r_2", "TO_CONN": "REAR_CONNECTOR"}, {"FROM_COMP": "fork_post_mp_4_motor", "FROM_CONN": "Prop_Connector", "TO_COMP": "fork_post_mp_4_prop", "TO_CONN": "MOTOR_CONNECTOR_CS_IN"}, {"FROM_COMP": "fork_post_mp_4_motor", "FROM_CONN": "MotorPower", "TO_COMP": "battery_controller", "TO_CONN": "MotorPower"}, {"FROM_COMP": "fork_post_mp_7_motor", "FROM_CONN": "MotorPower", "TO_COMP": "battery_controller", "TO_CONN": "MotorPower"}, {"FROM_COMP": "fork_post_mp_7_motor", "FROM_CONN": "Base_Connector", "TO_COMP": "post_l_4", "TO_CONN": "REAR_CONNECTOR"}, {"FROM_COMP": "fork_post_mp_7_motor", "FROM_CONN": "Prop_Connector", "TO_COMP": "fork_post_mp_7_prop", "TO_CONN": "MOTOR_CONNECTOR_CS_IN"}, {"FROM_COMP": "fork_post_mp_9_prop", "FROM_CONN": "MOTOR_CONNECTOR_CS_IN", "TO_COMP": "fork_post_mp_9_motor", "TO_CONN": "Prop_Connector"}, {"FROM_COMP": "cross_tower_bottom_RIGHT", "FROM_CONN": "FRONT_CONNECTOR", "TO_COMP": "cross_tower_bottom", "TO_CONN": "RIGHT_CONNECTOR"}, {"FROM_COMP": "cross_tower_middle", "FROM_CONN": "BOTTOM_CONNECTOR", "TO_COMP": "cross_tower_middle_BOTTOM", "TO_CONN": "FRONT_CONNECTOR"}, {"FROM_COMP": "cross_tower_middle", "FROM_CONN": "REAR_CONNECTOR", "TO_COMP": "cross_tower_top", "TO_CONN": "FRONT_CONNECTOR"}, {"FROM_COMP": "cross_tower_middle", "FROM_CONN": "FRONT_CONNECTOR", "TO_COMP": "cross_tower_bottom", "TO_CONN": "REAR_CONNECTOR"}, {"FROM_COMP": "cross_tower_middle", "FROM_CONN": "RIGHT_CONNECTOR", "TO_COMP": "cross_tower_middle_RIGHT", "TO_CONN": "FRONT_CONNECTOR"}, {"FROM_COMP": "cross_tower_middle", "FROM_CONN": "TOP_CONNECTOR", "TO_COMP": "cross_tower_middle_TOP", "TO_CONN": "FRONT_CONNECTOR"}, {"FROM_COMP": "cross_tower_middle", "FROM_CONN": "LEFT_CONNECTOR", "TO_COMP": "cross_tower_middle_LEFT", "TO_CONN": "FRONT_CONNECTOR"}, {"FROM_COMP": "wing_pair_1", "FROM_CONN": "RIGHT_CONNECTOR", "TO_COMP": "wing_pair_1_r", "TO_CONN": "Connector_1"}, {"FROM_COMP": "wing_pair_1", "FROM_CONN": "FRONT_CONNECTOR", "TO_COMP": "cylinder_3", "TO_CONN": "REAR_CONNECTOR"}, {"FROM_COMP": "wing_pair_1", "FROM_CONN": "TOP_CONNECTOR", "TO_COMP": "wing_pair_1_l", "TO_CONN": "Connector_2"}, {"FROM_COMP": "wing_pair_1", "FROM_CONN": "REAR_CONNECTOR", "TO_COMP": "tail_tbar_cross_mp_motor", "TO_CONN": "Base_Connector"}, {"FROM_COMP": "tbar_cross_2", "FROM_CONN": "FRONT_CONNECTOR", "TO_COMP": "tbar_post_2", "TO_CONN": "RIGHT_CONNECTOR"}, {"FROM_COMP": "cross_tower_middle_LEFT", "FROM_CONN": "FRONT_CONNECTOR", "TO_COMP": "cross_tower_middle", "TO_CONN": "LEFT_CONNECTOR"}, {"FROM_COMP": "cross_tower_top_TOP", "FROM_CONN": "FRONT_CONNECTOR", "TO_COMP": "cross_tower_top", "TO_CONN": "TOP_CONNECTOR"}, {"FROM_COMP": "cross_tower_top_LEFT", "FROM_CONN": "FRONT_CONNECTOR", "TO_COMP": "cross_tower_top", "TO_CONN": "LEFT_CONNECTOR"}, {"FROM_COMP": "cross_tower_top_RIGHT", "FROM_CONN": "FRONT_CONNECTOR", "TO_COMP": "cross_tower_top", "TO_CONN": "RIGHT_CONNECTOR"}, {"FROM_COMP": "wing_pair_1_l", "FROM_CONN": "Connector_2", "TO_COMP": "wing_pair_1", "TO_CONN": "TOP_CONNECTOR"}, {"FROM_COMP": "cross_tower_bottom", "FROM_CONN": "TOP_CONNECTOR", "TO_COMP": "cross_tower_bottom_TOP", "TO_CONN": "FRONT_CONNECTOR"}, {"FROM_COMP": "cross_tower_bottom", "FROM_CONN": "RIGHT_CONNECTOR", "TO_COMP": "cross_tower_bottom_RIGHT", "TO_CONN": "FRONT_CONNECTOR"}, {"FROM_COMP": "cross_tower_bottom", "FROM_CONN": "REAR_CONNECTOR", "TO_COMP": "cross_tower_middle", "TO_CONN": "FRONT_CONNECTOR"}, {"FROM_COMP": "cross_tower_bottom", "FROM_CONN": "BOTTOM_CONNECTOR", "TO_COMP": "cross_tower_bottom_BOTTOM", "TO_CONN": "FRONT_CONNECTOR"}, {"FROM_COMP": "cross_tower_bottom", "FROM_CONN": "LEFT_CONNECTOR", "TO_COMP": "cross_tower_bottom_LEFT", "TO_CONN": "FRONT_CONNECTOR"}, {"FROM_COMP": "cross_tower_bottom", "FROM_CONN": "FRONT_CONNECTOR", "TO_COMP": "fuselage", "TO_CONN": "TOP_CONNECTOR"}, {"FROM_COMP": "cylinder_0", "FROM_CONN": "LEFT_CONNECTOR", "TO_COMP": "fork_l_1", "TO_CONN": "FRONT_CONNECTOR"}, {"FROM_COMP": "cylinder_0", "FROM_CONN": "RIGHT_CONNECTOR", "TO_COMP": "fork_r_1", "TO_CONN": "FRONT_CONNECTOR"}, {"FROM_COMP": "cylinder_0", "FROM_CONN": "REAR_CONNECTOR", "TO_COMP": "cylinder_1", "TO_CONN": "FRONT_CONNECTOR"}, {"FROM_COMP": "cylinder_0", "FROM_CONN": "FRONT_CONNECTOR", "TO_COMP": "fuselage", "TO_CONN": "REAR_CONNECTOR"}, {"FROM_COMP": "tbar_cross_1", "FROM_CONN": "REAR_CONNECTOR", "TO_COMP": "t_cross_mp_bottom_motor", "TO_CONN": "Base_Connector"}, {"FROM_COMP": "tbar_cross_1", "FROM_CONN": "FRONT_CONNECTOR", "TO_COMP": "tbar_post_1", "TO_CONN": "RIGHT_CONNECTOR"}, {"FROM_COMP": "cross_tower_middle_BOTTOM", "FROM_CONN": "FRONT_CONNECTOR", "TO_COMP": "cross_tower_middle", "TO_CONN": "BOTTOM_CONNECTOR"}, {"FROM_COMP": "fork_r_2", "FROM_CONN": "FRONT_CONNECTOR", "TO_COMP": "cylinder_1", "TO_CONN": "RIGHT_CONNECTOR"}, {"FROM_COMP": "fork_r_2", "FROM_CONN": "BOTTOM_CONNECTOR", "TO_COMP": "post_r_2", "TO_CONN": "FRONT_CONNECTOR"}, {"FROM_COMP": "cross_tower_top_BOTTOM", "FROM_CONN": "FRONT_CONNECTOR", "TO_COMP": "cross_tower_top", "TO_CONN": "BOTTOM_CONNECTOR"}, {"FROM_COMP": "fork_post_mp_5_motor", "FROM_CONN": "Base_Connector", "TO_COMP": "post_l_3", "TO_CONN": "REAR_CONNECTOR"}, {"FROM_COMP": "fork_post_mp_5_motor", "FROM_CONN": "Prop_Connector", "TO_COMP": "fork_post_mp_5_prop", "TO_CONN": "MOTOR_CONNECTOR_CS_IN"}, {"FROM_COMP": "fork_post_mp_5_motor", "FROM_CONN": "MotorPower", "TO_COMP": "battery_controller", "TO_CONN": "MotorPower"}, {"FROM_COMP": "cylinder_3", "FROM_CONN": "REAR_CONNECTOR", "TO_COMP": "wing_pair_1", "TO_CONN": "FRONT_CONNECTOR"}, {"FROM_COMP": "cylinder_3", "FROM_CONN": "LEFT_CONNECTOR", "TO_COMP": "fork_l_4", "TO_CONN": "FRONT_CONNECTOR"}, {"FROM_COMP": "cylinder_3", "FROM_CONN": "LEFT_CONNECTOR", "TO_COMP": "fork_l_5", "TO_CONN": "FRONT_CONNECTOR"}, {"FROM_COMP": "cylinder_3", "FROM_CONN": "RIGHT_CONNECTOR", "TO_COMP": "fork_r_4", "TO_CONN": "FRONT_CONNECTOR"}, {"FROM_COMP": "cylinder_3", "FROM_CONN": "RIGHT_CONNECTOR", "TO_COMP": "fork_r_5", "TO_CONN": "FRONT_CONNECTOR"}, {"FROM_COMP": "cylinder_3", "FROM_CONN": "FRONT_CONNECTOR", "TO_COMP": "cylinder_2", "TO_CONN": "REAR_CONNECTOR"}, {"FROM_COMP": "fork_post_mp_6_prop", "FROM_CONN": "MOTOR_CONNECTOR_CS_IN", "TO_COMP": "fork_post_mp_6_motor", "TO_CONN": "Prop_Connector"}, {"FROM_COMP": "fork_post_mp_8_motor", "FROM_CONN": "Base_Connector", "TO_COMP": "post_r_4", "TO_CONN": "REAR_CONNECTOR"}, {"FROM_COMP": "fork_post_mp_8_motor", "FROM_CONN": "MotorPower", "TO_COMP": "battery_controller", "TO_CONN": "MotorPower"}, {"FROM_COMP": "fork_post_mp_8_motor", "FROM_CONN": "Prop_Connector", "TO_COMP": "fork_post_mp_8_prop", "TO_CONN": "MOTOR_CONNECTOR_CS_IN"}, {"FROM_COMP": "fork_post_mp_9_motor", "FROM_CONN": "Base_Connector", "TO_COMP": "post_l_5", "TO_CONN": "REAR_CONNECTOR"}, {"FROM_COMP": "fork_post_mp_9_motor", "FROM_CONN": "MotorPower", "TO_COMP": "battery_controller", "TO_CONN": "MotorPower"}, {"FROM_COMP": "fork_post_mp_9_motor", "FROM_CONN": "Prop_Connector", "TO_COMP": "fork_post_mp_9_prop", "TO_CONN": "MOTOR_CONNECTOR_CS_IN"}, {"FROM_COMP": "t_cross_mp_bottom_motor", "FROM_CONN": "Base_Connector", "TO_COMP": "tbar_cross_1", "TO_CONN": "REAR_CONNECTOR"}, {"FROM_COMP": "t_cross_mp_bottom_motor", "FROM_CONN": "Prop_Connector", "TO_COMP": "t_cross_mp_bottom_prop", "TO_CONN": "MOTOR_CONNECTOR_CS_IN"}, {"FROM_COMP": "t_cross_mp_bottom_motor", "FROM_CONN": "MotorPower", "TO_COMP": "battery_controller", "TO_CONN": "MotorPower"}, {"FROM_COMP": "fork_post_mp_10_prop", "FROM_CONN": "MOTOR_CONNECTOR_CS_IN", "TO_COMP": "fork_post_mp_10_motor", "TO_CONN": "Prop_Connector"}, {"FROM_COMP": "cross_tower_bottom_LEFT", "FROM_CONN": "FRONT_CONNECTOR", "TO_COMP": "cross_tower_bottom", "TO_CONN": "LEFT_CONNECTOR"}, {"FROM_COMP": "cross_tower_top", "FROM_CONN": "RIGHT_CONNECTOR", "TO_COMP": "cross_tower_top_RIGHT", "TO_CONN": "FRONT_CONNECTOR"}, {"FROM_COMP": "cross_tower_top", "FROM_CONN": "FRONT_CONNECTOR", "TO_COMP": "cross_tower_middle", "TO_CONN": "REAR_CONNECTOR"}, {"FROM_COMP": "cross_tower_top", "FROM_CONN": "TOP_CONNECTOR", "TO_COMP": "cross_tower_top_TOP", "TO_CONN": "FRONT_CONNECTOR"}, {"FROM_COMP": "cross_tower_top", "FROM_CONN": "BOTTOM_CONNECTOR", "TO_COMP": "cross_tower_top_BOTTOM", "TO_CONN": "FRONT_CONNECTOR"}, {"FROM_COMP": "cross_tower_top", "FROM_CONN": "LEFT_CONNECTOR", "TO_COMP": "cross_tower_top_LEFT", "TO_CONN": "FRONT_CONNECTOR"}, {"FROM_COMP": "tbar_post_2", "FROM_CONN": "FRONT_CONNECTOR", "TO_COMP": "post_r_5", "TO_CONN": "REAR_CONNECTOR"}, {"FROM_COMP": "tbar_post_2", "FROM_CONN": "REAR_CONNECTOR", "TO_COMP": "tail_tbar_post_mp_motor", "TO_CONN": "Base_Connector"}, {"FROM_COMP": "tbar_post_2", "FROM_CONN": "RIGHT_CONNECTOR", "TO_COMP": "tbar_cross_2", "TO_CONN": "FRONT_CONNECTOR"}, {"FROM_COMP": "cross_tower_bottom_TOP", "FROM_CONN": "FRONT_CONNECTOR", "TO_COMP": "cross_tower_bottom", "TO_CONN": "TOP_CONNECTOR"}, {"FROM_COMP": "cross_tower_bottom_BOTTOM", "FROM_CONN": "FRONT_CONNECTOR", "TO_COMP": "cross_tower_bottom", "TO_CONN": "BOTTOM_CONNECTOR"}, {"FROM_COMP": "passenger1", "FROM_CONN": "Connector", "TO_COMP": "fuselage", "TO_CONN": "SEAT_1_CONNECTOR"}, {"FROM_COMP": "right_wing", "FROM_CONN": "Connector_1", "TO_COMP": "fuselage", "TO_CONN": "RIGHT_CONNECTOR"}, {"FROM_COMP": "right_wing", "FROM_CONN": "Battery_Connector_1", "TO_COMP": "right_battery", "TO_CONN": "Battery_Connector_1_out"}, {"FROM_COMP": "left_wing", "FROM_CONN": "Battery_Connector_2", "TO_COMP": "left_battery", "TO_CONN": "Battery_Connector_2_out"}, {"FROM_COMP": "left_wing", "FROM_CONN": "Connector_2", "TO_COMP": "fuselage", "TO_CONN": "LEFT_CONNECTOR"}, {"FROM_COMP": "fork_r_1", "FROM_CONN": "FRONT_CONNECTOR", "TO_COMP": "cylinder_0", "TO_CONN": "RIGHT_CONNECTOR"}, {"FROM_COMP": "fork_r_1", "FROM_CONN": "BOTTOM_CONNECTOR", "TO_COMP": "post_r_1", "TO_CONN": "FRONT_CONNECTOR"}, {"FROM_COMP": "fork_l_2", "FROM_CONN": "FRONT_CONNECTOR", "TO_COMP": "cylinder_1", "TO_CONN": "LEFT_CONNECTOR"}, {"FROM_COMP": "fork_l_2", "FROM_CONN": "TOP_CONNECTOR", "TO_COMP": "post_l_2", "TO_CONN": "FRONT_CONNECTOR"}, {"FROM_COMP": "post_r_2", "FROM_CONN": "REAR_CONNECTOR", "TO_COMP": "fork_post_mp_4_motor", "TO_CONN": "Base_Connector"}, {"FROM_COMP": "post_r_2", "FROM_CONN": "FRONT_CONNECTOR", "TO_COMP": "fork_r_2", "TO_CONN": "BOTTOM_CONNECTOR"}, {"FROM_COMP": "fork_l_3", "FROM_CONN": "TOP_CONNECTOR", "TO_COMP": "post_l_3", "TO_CONN": "FRONT_CONNECTOR"}, {"FROM_COMP": "fork_l_3", "FROM_CONN": "FRONT_CONNECTOR", "TO_COMP": "cylinder_2", "TO_CONN": "LEFT_CONNECTOR"}, {"FROM_COMP": "post_l_4", "FROM_CONN": "REAR_CONNECTOR", "TO_COMP": "fork_post_mp_7_motor", "TO_CONN": "Base_Connector"}, {"FROM_COMP": "post_l_4", "FROM_CONN": "FRONT_CONNECTOR", "TO_COMP": "fork_l_4", "TO_CONN": "TOP_CONNECTOR"}, {"FROM_COMP": "post_l_5", "FROM_CONN": "FRONT_CONNECTOR", "TO_COMP": "fork_l_5", "TO_CONN": "TOP_CONNECTOR"}, {"FROM_COMP": "post_l_5", "FROM_CONN": "REAR_CONNECTOR", "TO_COMP": "fork_post_mp_9_motor", "TO_CONN": "Base_Connector"}, {"FROM_COMP": "fork_post_mp_1_prop", "FROM_CONN": "MOTOR_CONNECTOR_CS_IN", "TO_COMP": "fork_post_mp_1_motor", "TO_CONN": "Prop_Connector"}, {"FROM_COMP": "fork_post_mp_3_motor", "FROM_CONN": "Prop_Connector", "TO_COMP": "fork_post_mp_3_prop", "TO_CONN": "MOTOR_CONNECTOR_CS_IN"}, {"FROM_COMP": "fork_post_mp_3_motor", "FROM_CONN": "MotorPower", "TO_COMP": "battery_controller", "TO_CONN": "MotorPower"}, {"FROM_COMP": "fork_post_mp_3_motor", "FROM_CONN": "Base_Connector", "TO_COMP": "post_l_2", "TO_CONN": "REAR_CONNECTOR"}, {"FROM_COMP": "fork_post_mp_4_prop", "FROM_CONN": "MOTOR_CONNECTOR_CS_IN", "TO_COMP": "fork_post_mp_4_motor", "TO_CONN": "Prop_Connector"}, {"FROM_COMP": "fork_post_mp_5_prop", "FROM_CONN": "MOTOR_CONNECTOR_CS_IN", "TO_COMP": "fork_post_mp_5_motor", "TO_CONN": "Prop_Connector"}, {"FROM_COMP": "fork_post_mp_7_prop", "FROM_CONN": "MOTOR_CONNECTOR_CS_IN", "TO_COMP": "fork_post_mp_7_motor", "TO_CONN": "Prop_Connector"}, {"FROM_COMP": "tail_tbar_post_mp_motor", "FROM_CONN": "Base_Connector", "TO_COMP": "tbar_post_2", "TO_CONN": "REAR_CONNECTOR"}, {"FROM_COMP": "tail_tbar_post_mp_motor", "FROM_CONN": "Prop_Connector", "TO_COMP": "tail_tbar_post_mp_prop", "TO_CONN": "MOTOR_CONNECTOR_CS_IN"}, {"FROM_COMP": "tail_tbar_post_mp_motor", "FROM_CONN": "MotorPower", "TO_COMP": "battery_controller", "TO_CONN": "MotorPower"}, {"FROM_COMP": "tail_tbar_post_mp_prop", "FROM_CONN": "MOTOR_CONNECTOR_CS_IN", "TO_COMP": "tail_tbar_post_mp_motor", "TO_CONN": "Prop_Connector"}, {"FROM_COMP": "cross_tower_middle_TOP", "FROM_CONN": "FRONT_CONNECTOR", "TO_COMP": "cross_tower_middle", "TO_CONN": "TOP_CONNECTOR"}, {"FROM_COMP": "cross_tower_middle_RIGHT", "FROM_CONN": "FRONT_CONNECTOR", "TO_COMP": "cross_tower_middle", "TO_CONN": "RIGHT_CONNECTOR"}, {"FROM_COMP": "Orient", "FROM_CONN": "ORIENTCONN", "TO_COMP": "fuselage", "TO_CONN": "ORIENT"}]