[{"FROM_COMP": "passenger2", "LIB_COMPONENT": "Passenger", "CAD_PRT": "disc_passenger.prt"}, {"FROM_COMP": "left_battery", "LIB_COMPONENT": "VitalyBeta", "CAD_PRT": "mega_battery.prt"}, {"FROM_COMP": "post_l_2", "LIB_COMPONENT": "PORTED_CYL", "CAD_PRT": "fuse_cyl_ported.prt"}, {"FROM_COMP": "right_battery", "LIB_COMPONENT": "VitalyBeta", "CAD_PRT": "mega_battery.prt"}, {"FROM_COMP": "post_l_3", "LIB_COMPONENT": "PORTED_CYL", "CAD_PRT": "fuse_cyl_ported.prt"}, {"FROM_COMP": "fuselage", "LIB_COMPONENT": "FUSE_SPHERE_CYL_CONE", "CAD_PRT": "fuse_sphere_cone.prt"}, {"FROM_COMP": "fork_l_1", "LIB_COMPONENT": "PORTED_CYL", "CAD_PRT": "fuse_cyl_ported.prt"}, {"FROM_COMP": "post_r_1", "LIB_COMPONENT": "PORTED_CYL", "CAD_PRT": "fuse_cyl_ported.prt"}, {"FROM_COMP": "tbar_post_1", "LIB_COMPONENT": "PORTED_CYL", "CAD_PRT": "fuse_cyl_ported.prt"}, {"FROM_COMP": "cylinder_1", "LIB_COMPONENT": "PORTED_CYL", "CAD_PRT": "fuse_cyl_ported.prt"}, {"FROM_COMP": "t_cross_mp_bottom_prop", "LIB_COMPONENT": "62x5_2_3200_46_1150", "CAD_PRT": "para_prop.prt"}, {"FROM_COMP": "post_l_1", "LIB_COMPONENT": "PORTED_CYL", "CAD_PRT": "fuse_cyl_ported.prt"}, {"FROM_COMP": "fork_r_3", "LIB_COMPONENT": "PORTED_CYL", "CAD_PRT": "fuse_cyl_ported.prt"}, {"FROM_COMP": "cylinder_2", "LIB_COMPONENT": "PORTED_CYL", "CAD_PRT": "fuse_cyl_ported.prt"}, {"FROM_COMP": "fork_post_mp_3_prop", "LIB_COMPONENT": "62x5_2_3200_46_1150", "CAD_PRT": "para_prop.prt"}, {"FROM_COMP": "fork_r_4", "LIB_COMPONENT": "PORTED_CYL", "CAD_PRT": "fuse_cyl_ported.prt"}, {"FROM_COMP": "post_r_4", "LIB_COMPONENT": "PORTED_CYL", "CAD_PRT": "fuse_cyl_ported.prt"}, {"FROM_COMP": "fork_l_5", "LIB_COMPONENT": "PORTED_CYL", "CAD_PRT": "fuse_cyl_ported.prt"}, {"FROM_COMP": "post_r_3", "LIB_COMPONENT": "PORTED_CYL", "CAD_PRT": "fuse_cyl_ported.prt"}, {"FROM_COMP": "post_r_5", "LIB_COMPONENT": "PORTED_CYL", "CAD_PRT": "fuse_cyl_ported.prt"}, {"FROM_COMP": "fork_l_4", "LIB_COMPONENT": "PORTED_CYL", "CAD_PRT": "fuse_cyl_ported.prt"}, {"FROM_COMP": "fork_post_mp_8_prop", "LIB_COMPONENT": "62x5_2_3200_46_1150", "CAD_PRT": "para_prop.prt"}, {"FROM_COMP": "fork_r_5", "LIB_COMPONENT": "PORTED_CYL", "CAD_PRT": "fuse_cyl_ported.prt"}, {"FROM_COMP": "fork_post_mp_10_motor", "LIB_COMPONENT": "MAGiDRIVE150", "CAD_PRT": "para_motor.prt"}, {"FROM_COMP": "t_post_mp_bottom_motor", "LIB_COMPONENT": "MAGiDRIVE150", "CAD_PRT": "para_motor.prt"}, {"FROM_COMP": "t_post_mp_bottom_prop", "LIB_COMPONENT": "62x5_2_3200_46_1150", "CAD_PRT": "para_prop.prt"}, {"FROM_COMP": "fork_post_mp_2_prop", "LIB_COMPONENT": "62x5_2_3200_46_1150", "CAD_PRT": "para_prop.prt"}, {"FROM_COMP": "wing_pair_1_r", "LIB_COMPONENT": "naca_wing", "CAD_PRT": "naca_sym_wing_taper.prt"}, {"FROM_COMP": "tail_tbar_cross_mp_motor", "LIB_COMPONENT": "MAGiDRIVE150", "CAD_PRT": "para_motor.prt"}, {"FROM_COMP": "fork_post_mp_1_motor", "LIB_COMPONENT": "MAGiDRIVE150", "CAD_PRT": "para_motor.prt"}, {"FROM_COMP": "fork_post_mp_2_motor", "LIB_COMPONENT": "MAGiDRIVE150", "CAD_PRT": "para_motor.prt"}, {"FROM_COMP": "tail_tbar_cross_mp_prop", "LIB_COMPONENT": "62x5_2_3200_46_1150", "CAD_PRT": "para_prop.prt"}, {"FROM_COMP": "fork_post_mp_6_motor", "LIB_COMPONENT": "MAGiDRIVE150", "CAD_PRT": "para_motor.prt"}, {"FROM_COMP": "fork_post_mp_4_motor", "LIB_COMPONENT": "MAGiDRIVE150", "CAD_PRT": "para_motor.prt"}, {"FROM_COMP": "fork_post_mp_7_motor", "LIB_COMPONENT": "MAGiDRIVE150", "CAD_PRT": "para_motor.prt"}, {"FROM_COMP": "fork_post_mp_9_prop", "LIB_COMPONENT": "62x5_2_3200_46_1150", "CAD_PRT": "para_prop.prt"}, {"FROM_COMP": "cross_tower_bottom_RIGHT", "LIB_COMPONENT": "PORTED_CYL", "CAD_PRT": "fuse_cyl_ported.prt"}, {"FROM_COMP": "cross_tower_middle", "LIB_COMPONENT": "PORTED_CYL", "CAD_PRT": "fuse_cyl_ported.prt"}, {"FROM_COMP": "wing_pair_1", "LIB_COMPONENT": "PORTED_CYL", "CAD_PRT": "fuse_cyl_ported.prt"}, {"FROM_COMP": "tbar_cross_2", "LIB_COMPONENT": "PORTED_CYL", "CAD_PRT": "fuse_cyl_ported.prt"}, {"FROM_COMP": "cross_tower_middle_LEFT", "LIB_COMPONENT": "PORTED_CYL", "CAD_PRT": "fuse_cyl_ported.prt"}, {"FROM_COMP": "cross_tower_top_TOP", "LIB_COMPONENT": "PORTED_CYL", "CAD_PRT": "fuse_cyl_ported.prt"}, {"FROM_COMP": "cross_tower_top_LEFT", "LIB_COMPONENT": "PORTED_CYL", "CAD_PRT": "fuse_cyl_ported.prt"}, {"FROM_COMP": "cross_tower_top_RIGHT", "LIB_COMPONENT": "PORTED_CYL", "CAD_PRT": "fuse_cyl_ported.prt"}, {"FROM_COMP": "wing_pair_1_l", "LIB_COMPONENT": "naca_wing", "CAD_PRT": "naca_sym_wing_taper.prt"}, {"FROM_COMP": "cross_tower_bottom", "LIB_COMPONENT": "PORTED_CYL", "CAD_PRT": "fuse_cyl_ported.prt"}, {"FROM_COMP": "cylinder_0", "LIB_COMPONENT": "PORTED_CYL", "CAD_PRT": "fuse_cyl_ported.prt"}, {"FROM_COMP": "tbar_cross_1", "LIB_COMPONENT": "PORTED_CYL", "CAD_PRT": "fuse_cyl_ported.prt"}, {"FROM_COMP": "cross_tower_middle_BOTTOM", "LIB_COMPONENT": "PORTED_CYL", "CAD_PRT": "fuse_cyl_ported.prt"}, {"FROM_COMP": "fork_r_2", "LIB_COMPONENT": "PORTED_CYL", "CAD_PRT": "fuse_cyl_ported.prt"}, {"FROM_COMP": "cross_tower_top_BOTTOM", "LIB_COMPONENT": "PORTED_CYL", "CAD_PRT": "fuse_cyl_ported.prt"}, {"FROM_COMP": "fork_post_mp_5_motor", "LIB_COMPONENT": "MAGiDRIVE150", "CAD_PRT": "para_motor.prt"}, {"FROM_COMP": "cylinder_3", "LIB_COMPONENT": "PORTED_CYL", "CAD_PRT": "fuse_cyl_ported.prt"}, {"FROM_COMP": "fork_post_mp_6_prop", "LIB_COMPONENT": "62x5_2_3200_46_1150", "CAD_PRT": "para_prop.prt"}, {"FROM_COMP": "fork_post_mp_8_motor", "LIB_COMPONENT": "MAGiDRIVE150", "CAD_PRT": "para_motor.prt"}, {"FROM_COMP": "fork_post_mp_9_motor", "LIB_COMPONENT": "MAGiDRIVE150", "CAD_PRT": "para_motor.prt"}, {"FROM_COMP": "t_cross_mp_bottom_motor", "LIB_COMPONENT": "MAGiDRIVE150", "CAD_PRT": "para_motor.prt"}, {"FROM_COMP": "fork_post_mp_10_prop", "LIB_COMPONENT": "62x5_2_3200_46_1150", "CAD_PRT": "para_prop.prt"}, {"FROM_COMP": "cross_tower_bottom_LEFT", "LIB_COMPONENT": "PORTED_CYL", "CAD_PRT": "fuse_cyl_ported.prt"}, {"FROM_COMP": "cross_tower_top", "LIB_COMPONENT": "PORTED_CYL", "CAD_PRT": "fuse_cyl_ported.prt"}, {"FROM_COMP": "tbar_post_2", "LIB_COMPONENT": "PORTED_CYL", "CAD_PRT": "fuse_cyl_ported.prt"}, {"FROM_COMP": "cross_tower_bottom_TOP", "LIB_COMPONENT": "PORTED_CYL", "CAD_PRT": "fuse_cyl_ported.prt"}, {"FROM_COMP": "cross_tower_bottom_BOTTOM", "LIB_COMPONENT": "PORTED_CYL", "CAD_PRT": "fuse_cyl_ported.prt"}, {"FROM_COMP": "passenger1", "LIB_COMPONENT": "Passenger", "CAD_PRT": "disc_passenger.prt"}, {"FROM_COMP": "right_wing", "LIB_COMPONENT": "naca_wing", "CAD_PRT": "naca_sym_wing_taper.prt"}, {"FROM_COMP": "left_wing", "LIB_COMPONENT": "naca_wing", "CAD_PRT": "naca_sym_wing_taper.prt"}, {"FROM_COMP": "fork_r_1", "LIB_COMPONENT": "PORTED_CYL", "CAD_PRT": "fuse_cyl_ported.prt"}, {"FROM_COMP": "fork_l_2", "LIB_COMPONENT": "PORTED_CYL", "CAD_PRT": "fuse_cyl_ported.prt"}, {"FROM_COMP": "post_r_2", "LIB_COMPONENT": "PORTED_CYL", "CAD_PRT": "fuse_cyl_ported.prt"}, {"FROM_COMP": "fork_l_3", "LIB_COMPONENT": "PORTED_CYL", "CAD_PRT": "fuse_cyl_ported.prt"}, {"FROM_COMP": "post_l_4", "LIB_COMPONENT": "PORTED_CYL", "CAD_PRT": "fuse_cyl_ported.prt"}, {"FROM_COMP": "post_l_5", "LIB_COMPONENT": "PORTED_CYL", "CAD_PRT": "fuse_cyl_ported.prt"}, {"FROM_COMP": "fork_post_mp_1_prop", "LIB_COMPONENT": "62x5_2_3200_46_1150", "CAD_PRT": "para_prop.prt"}, {"FROM_COMP": "fork_post_mp_3_motor", "LIB_COMPONENT": "MAGiDRIVE150", "CAD_PRT": "para_motor.prt"}, {"FROM_COMP": "fork_post_mp_4_prop", "LIB_COMPONENT": "62x5_2_3200_46_1150", "CAD_PRT": "para_prop.prt"}, {"FROM_COMP": "fork_post_mp_5_prop", "LIB_COMPONENT": "62x5_2_3200_46_1150", "CAD_PRT": "para_prop.prt"}, {"FROM_COMP": "fork_post_mp_7_prop", "LIB_COMPONENT": "62x5_2_3200_46_1150", "CAD_PRT": "para_prop.prt"}, {"FROM_COMP": "tail_tbar_post_mp_motor", "LIB_COMPONENT": "MAGiDRIVE150", "CAD_PRT": "para_motor.prt"}, {"FROM_COMP": "tail_tbar_post_mp_prop", "LIB_COMPONENT": "62x5_2_3200_46_1150", "CAD_PRT": "para_prop.prt"}, {"FROM_COMP": "cross_tower_middle_TOP", "LIB_COMPONENT": "PORTED_CYL", "CAD_PRT": "fuse_cyl_ported.prt"}, {"FROM_COMP": "cross_tower_middle_RIGHT", "LIB_COMPONENT": "PORTED_CYL", "CAD_PRT": "fuse_cyl_ported.prt"}, {"FROM_COMP": "Orient", "LIB_COMPONENT": "Orient", "CAD_PRT": "orientuav.prt"}]