[{"COMP_NAME": "passenger2", "LIB_NAME": "Passenger", "PROP_NAME": "WEIGHT", "PROP_VALUE": "90"}, {"COMP_NAME": "left_battery", "LIB_NAME": "VitalyBeta", "PROP_NAME": "BASE_VOLTAGE", "PROP_VALUE": "11.1"}, {"COMP_NAME": "left_battery", "LIB_NAME": "VitalyBeta", "PROP_NAME": "CAPACITY", "PROP_VALUE": "1.0"}, {"COMP_NAME": "left_battery", "LIB_NAME": "VitalyBeta", "PROP_NAME": "MODULE_MASS", "PROP_VALUE": "0.004"}, {"COMP_NAME": "left_battery", "LIB_NAME": "VitalyBeta", "PROP_NAME": "BATTERY_TYPE", "PROP_VALUE": "Wing"}, {"COMP_NAME": "left_battery", "LIB_NAME": "VitalyBeta", "PROP_NAME": "MODULE_VOLUME", "PROP_VALUE": "87500.0"}, {"COMP_NAME": "left_battery", "LIB_NAME": "VitalyBeta", "PROP_NAME": "PEAK_DISCHARGE_RATE", "PROP_VALUE": "0.1"}, {"COMP_NAME": "left_battery", "LIB_NAME": "VitalyBeta", "PROP_NAME": "CONT_DISCHARGE_RATE", "PROP_VALUE": "0.01"}, {"COMP_NAME": "post_l_2", "LIB_NAME": "PORTED_CYL", "PROP_NAME": "WALL_THICKNESS", "PROP_VALUE": "3"}, {"COMP_NAME": "right_battery", "LIB_NAME": "VitalyBeta", "PROP_NAME": "BASE_VOLTAGE", "PROP_VALUE": "11.1"}, {"COMP_NAME": "right_battery", "LIB_NAME": "VitalyBeta", "PROP_NAME": "CAPACITY", "PROP_VALUE": "1.0"}, {"COMP_NAME": "right_battery", "LIB_NAME": "VitalyBeta", "PROP_NAME": "MODULE_MASS", "PROP_VALUE": "0.004"}, {"COMP_NAME": "right_battery", "LIB_NAME": "VitalyBeta", "PROP_NAME": "BATTERY_TYPE", "PROP_VALUE": "Wing"}, {"COMP_NAME": "right_battery", "LIB_NAME": "VitalyBeta", "PROP_NAME": "MODULE_VOLUME", "PROP_VALUE": "87500.0"}, {"COMP_NAME": "right_battery", "LIB_NAME": "VitalyBeta", "PROP_NAME": "PEAK_DISCHARGE_RATE", "PROP_VALUE": "0.1"}, {"COMP_NAME": "right_battery", "LIB_NAME": "VitalyBeta", "PROP_NAME": "CONT_DISCHARGE_RATE", "PROP_VALUE": "0.01"}, {"COMP_NAME": "post_l_3", "LIB_NAME": "PORTED_CYL", "PROP_NAME": "WALL_THICKNESS", "PROP_VALUE": "3"}, {"COMP_NAME": "fuselage", "LIB_NAME": "FUSE_SPHERE_CYL_CONE", "PROP_NAME": "WALL_THICKNESS", "PROP_VALUE": "3"}, {"COMP_NAME": "fork_l_1", "LIB_NAME": "PORTED_CYL", "PROP_NAME": "WALL_THICKNESS", "PROP_VALUE": "3"}, {"COMP_NAME": "post_r_1", "LIB_NAME": "PORTED_CYL", "PROP_NAME": "WALL_THICKNESS", "PROP_VALUE": "3"}, {"COMP_NAME": "tbar_post_1", "LIB_NAME": "PORTED_CYL", "PROP_NAME": "WALL_THICKNESS", "PROP_VALUE": "3"}, {"COMP_NAME": "cylinder_1", "LIB_NAME": "PORTED_CYL", "PROP_NAME": "WALL_THICKNESS", "PROP_VALUE": "3"}, {"COMP_NAME": "t_cross_mp_bottom_prop", "LIB_NAME": "62x5_2_3200_46_1150", "PROP_NAME": "Weight", "PROP_VALUE": "0.831"}, {"COMP_NAME": "t_cross_mp_bottom_prop", "LIB_NAME": "62x5_2_3200_46_1150", "PROP_NAME": "HUB_THICKNESS", "PROP_VALUE": "118.10999999999999"}, {"COMP_NAME": "t_cross_mp_bottom_prop", "LIB_NAME": "62x5_2_3200_46_1150", "PROP_NAME": "PITCH", "PROP_VALUE": "127.0"}, {"COMP_NAME": "t_cross_mp_bottom_prop", "LIB_NAME": "62x5_2_3200_46_1150", "PROP_NAME": "MODEL", "PROP_VALUE": "62x5_2_3200_46_1150"}, {"COMP_NAME": "t_cross_mp_bottom_prop", "LIB_NAME": "62x5_2_3200_46_1150", "PROP_NAME": "DIAMETER", "PROP_VALUE": "1574.8"}, {"COMP_NAME": "t_cross_mp_bottom_prop", "LIB_NAME": "62x5_2_3200_46_1150", "PROP_NAME": "Performance_File", "PROP_VALUE": "62x5_2_3200_46_1150.dat"}, {"COMP_NAME": "t_cross_mp_bottom_prop", "LIB_NAME": "62x5_2_3200_46_1150", "PROP_NAME": "SHAFT_DIAMETER", "PROP_VALUE": "47"}, {"COMP_NAME": "post_l_1", "LIB_NAME": "PORTED_CYL", "PROP_NAME": "WALL_THICKNESS", "PROP_VALUE": "3"}, {"COMP_NAME": "fork_r_3", "LIB_NAME": "PORTED_CYL", "PROP_NAME": "WALL_THICKNESS", "PROP_VALUE": "3"}, {"COMP_NAME": "cylinder_2", "LIB_NAME": "PORTED_CYL", "PROP_NAME": "WALL_THICKNESS", "PROP_VALUE": "3"}, {"COMP_NAME": "fork_post_mp_3_prop", "LIB_NAME": "62x5_2_3200_46_1150", "PROP_NAME": "Weight", "PROP_VALUE": "0.831"}, {"COMP_NAME": "fork_post_mp_3_prop", "LIB_NAME": "62x5_2_3200_46_1150", "PROP_NAME": "HUB_THICKNESS", "PROP_VALUE": "118.10999999999999"}, {"COMP_NAME": "fork_post_mp_3_prop", "LIB_NAME": "62x5_2_3200_46_1150", "PROP_NAME": "PITCH", "PROP_VALUE": "127.0"}, {"COMP_NAME": "fork_post_mp_3_prop", "LIB_NAME": "62x5_2_3200_46_1150", "PROP_NAME": "MODEL", "PROP_VALUE": "62x5_2_3200_46_1150"}, {"COMP_NAME": "fork_post_mp_3_prop", "LIB_NAME": "62x5_2_3200_46_1150", "PROP_NAME": "DIAMETER", "PROP_VALUE": "1574.8"}, {"COMP_NAME": "fork_post_mp_3_prop", "LIB_NAME": "62x5_2_3200_46_1150", "PROP_NAME": "Performance_File", "PROP_VALUE": "62x5_2_3200_46_1150.dat"}, {"COMP_NAME": "fork_post_mp_3_prop", "LIB_NAME": "62x5_2_3200_46_1150", "PROP_NAME": "SHAFT_DIAMETER", "PROP_VALUE": "47"}, {"COMP_NAME": "fork_r_4", "LIB_NAME": "PORTED_CYL", "PROP_NAME": "WALL_THICKNESS", "PROP_VALUE": "3"}, {"COMP_NAME": "post_r_4", "LIB_NAME": "PORTED_CYL", "PROP_NAME": "WALL_THICKNESS", "PROP_VALUE": "3"}, {"COMP_NAME": "fork_l_5", "LIB_NAME": "PORTED_CYL", "PROP_NAME": "WALL_THICKNESS", "PROP_VALUE": "3"}, {"COMP_NAME": "post_r_3", "LIB_NAME": "PORTED_CYL", "PROP_NAME": "WALL_THICKNESS", "PROP_VALUE": "3"}, {"COMP_NAME": "post_r_5", "LIB_NAME": "PORTED_CYL", "PROP_NAME": "WALL_THICKNESS", "PROP_VALUE": "3"}, {"COMP_NAME": "fork_l_4", "LIB_NAME": "PORTED_CYL", "PROP_NAME": "WALL_THICKNESS", "PROP_VALUE": "3"}, {"COMP_NAME": "fork_post_mp_8_prop", "LIB_NAME": "62x5_2_3200_46_1150", "PROP_NAME": "Weight", "PROP_VALUE": "0.831"}, {"COMP_NAME": "fork_post_mp_8_prop", "LIB_NAME": "62x5_2_3200_46_1150", "PROP_NAME": "HUB_THICKNESS", "PROP_VALUE": "118.10999999999999"}, {"COMP_NAME": "fork_post_mp_8_prop", "LIB_NAME": "62x5_2_3200_46_1150", "PROP_NAME": "PITCH", "PROP_VALUE": "127.0"}, {"COMP_NAME": "fork_post_mp_8_prop", "LIB_NAME": "62x5_2_3200_46_1150", "PROP_NAME": "MODEL", "PROP_VALUE": "62x5_2_3200_46_1150"}, {"COMP_NAME": "fork_post_mp_8_prop", "LIB_NAME": "62x5_2_3200_46_1150", "PROP_NAME": "DIAMETER", "PROP_VALUE": "1574.8"}, {"COMP_NAME": "fork_post_mp_8_prop", "LIB_NAME": "62x5_2_3200_46_1150", "PROP_NAME": "Performance_File", "PROP_VALUE": "62x5_2_3200_46_1150.dat"}, {"COMP_NAME": "fork_post_mp_8_prop", "LIB_NAME": "62x5_2_3200_46_1150", "PROP_NAME": "SHAFT_DIAMETER", "PROP_VALUE": "47"}, {"COMP_NAME": "fork_r_5", "LIB_NAME": "PORTED_CYL", "PROP_NAME": "WALL_THICKNESS", "PROP_VALUE": "3"}, {"COMP_NAME": "fork_post_mp_10_motor", "LIB_NAME": "MAGiDRIVE150", "PROP_NAME": "LENGTH", "PROP_VALUE": "140.0"}, {"COMP_NAME": "fork_post_mp_10_motor", "LIB_NAME": "MAGiDRIVE150", "PROP_NAME": "ESC_BEC_Class", "PROP_VALUE": "nan"}, {"COMP_NAME": "fork_post_mp_10_motor", "LIB_NAME": "MAGiDRIVE150", "PROP_NAME": "WEIGHT", "PROP_VALUE": "35.0"}, {"COMP_NAME": "fork_post_mp_10_motor", "LIB_NAME": "MAGiDRIVE150", "PROP_NAME": "COST", "PROP_VALUE": "0"}, {"COMP_NAME": "fork_post_mp_10_motor", "LIB_NAME": "MAGiDRIVE150", "PROP_NAME": "KV", "PROP_VALUE": "5.25"}, {"COMP_NAME": "fork_post_mp_10_motor", "LIB_NAME": "MAGiDRIVE150", "PROP_NAME": "Poles", "PROP_VALUE": "nan"}, {"COMP_NAME": "fork_post_mp_10_motor", "LIB_NAME": "MAGiDRIVE150", "PROP_NAME": "Max_Cells", "PROP_VALUE": "217"}, {"COMP_NAME": "fork_post_mp_10_motor", "LIB_NAME": "MAGiDRIVE150", "PROP_NAME": "CAN_DIAMETER", "PROP_VALUE": "381.0"}, {"COMP_NAME": "fork_post_mp_10_motor", "LIB_NAME": "MAGiDRIVE150", "PROP_NAME": "KM", "PROP_VALUE": "1.5752254154908345"}, {"COMP_NAME": "fork_post_mp_10_motor", "LIB_NAME": "MAGiDRIVE150", "PROP_NAME": "MODEL", "PROP_VALUE": "MAGiDRIVE150"}, {"COMP_NAME": "fork_post_mp_10_motor", "LIB_NAME": "MAGiDRIVE150", "PROP_NAME": "ADAPTER_LENGTH", "PROP_VALUE": "nan"}, {"COMP_NAME": "fork_post_mp_10_motor", "LIB_NAME": "MAGiDRIVE150", "PROP_NAME": "KT", "PROP_VALUE": "1.8189136353359467"}, {"COMP_NAME": "fork_post_mp_10_motor", "LIB_NAME": "MAGiDRIVE150", "PROP_NAME": "ADAPTER_DIAMETER", "PROP_VALUE": "nan"}, {"COMP_NAME": "fork_post_mp_10_motor", "LIB_NAME": "MAGiDRIVE150", "PROP_NAME": "Min_Cells", "PROP_VALUE": "108"}, {"COMP_NAME": "fork_post_mp_10_motor", "LIB_NAME": "MAGiDRIVE150", "PROP_NAME": "PROP_SIZE_REC", "PROP_VALUE": "nan"}, {"COMP_NAME": "fork_post_mp_10_motor", "LIB_NAME": "MAGiDRIVE150", "PROP_NAME": "INTERNAL_RESISTANCE", "PROP_VALUE": "1333.3333333333333"}, {"COMP_NAME": "fork_post_mp_10_motor", "LIB_NAME": "MAGiDRIVE150", "PROP_NAME": "MAX_CURRENT", "PROP_VALUE": "300.0"}, {"COMP_NAME": "fork_post_mp_10_motor", "LIB_NAME": "MAGiDRIVE150", "PROP_NAME": "MAX_POWER", "PROP_VALUE": "120000.0"}, {"COMP_NAME": "fork_post_mp_10_motor", "LIB_NAME": "MAGiDRIVE150", "PROP_NAME": "SHAFT_DIAMETER", "PROP_VALUE": "47.0"}, {"COMP_NAME": "fork_post_mp_10_motor", "LIB_NAME": "MAGiDRIVE150", "PROP_NAME": "CAN_LENGTH", "PROP_VALUE": "130.0"}, {"COMP_NAME": "fork_post_mp_10_motor", "LIB_NAME": "MAGiDRIVE150", "PROP_NAME": "IO_IDLE_CURRENT_10V", "PROP_VALUE": "8.16"}, {"COMP_NAME": "fork_post_mp_10_motor", "LIB_NAME": "MAGiDRIVE150", "PROP_NAME": "PROP_PITCH_REC", "PROP_VALUE": "nan"}, {"COMP_NAME": "fork_post_mp_10_motor", "LIB_NAME": "MAGiDRIVE150", "PROP_NAME": "TOTAL_LENGTH", "PROP_VALUE": "203.0"}, {"COMP_NAME": "t_post_mp_bottom_motor", "LIB_NAME": "MAGiDRIVE150", "PROP_NAME": "LENGTH", "PROP_VALUE": "140.0"}, {"COMP_NAME": "t_post_mp_bottom_motor", "LIB_NAME": "MAGiDRIVE150", "PROP_NAME": "ESC_BEC_Class", "PROP_VALUE": "nan"}, {"COMP_NAME": "t_post_mp_bottom_motor", "LIB_NAME": "MAGiDRIVE150", "PROP_NAME": "WEIGHT", "PROP_VALUE": "35.0"}, {"COMP_NAME": "t_post_mp_bottom_motor", "LIB_NAME": "MAGiDRIVE150", "PROP_NAME": "COST", "PROP_VALUE": "0"}, {"COMP_NAME": "t_post_mp_bottom_motor", "LIB_NAME": "MAGiDRIVE150", "PROP_NAME": "KV", "PROP_VALUE": "5.25"}, {"COMP_NAME": "t_post_mp_bottom_motor", "LIB_NAME": "MAGiDRIVE150", "PROP_NAME": "Poles", "PROP_VALUE": "nan"}, {"COMP_NAME": "t_post_mp_bottom_motor", "LIB_NAME": "MAGiDRIVE150", "PROP_NAME": "Max_Cells", "PROP_VALUE": "217"}, {"COMP_NAME": "t_post_mp_bottom_motor", "LIB_NAME": "MAGiDRIVE150", "PROP_NAME": "CAN_DIAMETER", "PROP_VALUE": "381.0"}, {"COMP_NAME": "t_post_mp_bottom_motor", "LIB_NAME": "MAGiDRIVE150", "PROP_NAME": "KM", "PROP_VALUE": "1.5752254154908345"}, {"COMP_NAME": "t_post_mp_bottom_motor", "LIB_NAME": "MAGiDRIVE150", "PROP_NAME": "MODEL", "PROP_VALUE": "MAGiDRIVE150"}, {"COMP_NAME": "t_post_mp_bottom_motor", "LIB_NAME": "MAGiDRIVE150", "PROP_NAME": "ADAPTER_LENGTH", "PROP_VALUE": "nan"}, {"COMP_NAME": "t_post_mp_bottom_motor", "LIB_NAME": "MAGiDRIVE150", "PROP_NAME": "KT", "PROP_VALUE": "1.8189136353359467"}, {"COMP_NAME": "t_post_mp_bottom_motor", "LIB_NAME": "MAGiDRIVE150", "PROP_NAME": "ADAPTER_DIAMETER", "PROP_VALUE": "nan"}, {"COMP_NAME": "t_post_mp_bottom_motor", "LIB_NAME": "MAGiDRIVE150", "PROP_NAME": "Min_Cells", "PROP_VALUE": "108"}, {"COMP_NAME": "t_post_mp_bottom_motor", "LIB_NAME": "MAGiDRIVE150", "PROP_NAME": "PROP_SIZE_REC", "PROP_VALUE": "nan"}, {"COMP_NAME": "t_post_mp_bottom_motor", "LIB_NAME": "MAGiDRIVE150", "PROP_NAME": "INTERNAL_RESISTANCE", "PROP_VALUE": "1333.3333333333333"}, {"COMP_NAME": "t_post_mp_bottom_motor", "LIB_NAME": "MAGiDRIVE150", "PROP_NAME": "MAX_CURRENT", "PROP_VALUE": "300.0"}, {"COMP_NAME": "t_post_mp_bottom_motor", "LIB_NAME": "MAGiDRIVE150", "PROP_NAME": "MAX_POWER", "PROP_VALUE": "120000.0"}, {"COMP_NAME": "t_post_mp_bottom_motor", "LIB_NAME": "MAGiDRIVE150", "PROP_NAME": "SHAFT_DIAMETER", "PROP_VALUE": "47.0"}, {"COMP_NAME": "t_post_mp_bottom_motor", "LIB_NAME": "MAGiDRIVE150", "PROP_NAME": "CAN_LENGTH", "PROP_VALUE": "130.0"}, {"COMP_NAME": "t_post_mp_bottom_motor", "LIB_NAME": "MAGiDRIVE150", "PROP_NAME": "IO_IDLE_CURRENT_10V", "PROP_VALUE": "8.16"}, {"COMP_NAME": "t_post_mp_bottom_motor", "LIB_NAME": "MAGiDRIVE150", "PROP_NAME": "PROP_PITCH_REC", "PROP_VALUE": "nan"}, {"COMP_NAME": "t_post_mp_bottom_motor", "LIB_NAME": "MAGiDRIVE150", "PROP_NAME": "TOTAL_LENGTH", "PROP_VALUE": "203.0"}, {"COMP_NAME": "t_post_mp_bottom_prop", "LIB_NAME": "62x5_2_3200_46_1150", "PROP_NAME": "Weight", "PROP_VALUE": "0.831"}, {"COMP_NAME": "t_post_mp_bottom_prop", "LIB_NAME": "62x5_2_3200_46_1150", "PROP_NAME": "HUB_THICKNESS", "PROP_VALUE": "118.10999999999999"}, {"COMP_NAME": "t_post_mp_bottom_prop", "LIB_NAME": "62x5_2_3200_46_1150", "PROP_NAME": "PITCH", "PROP_VALUE": "127.0"}, {"COMP_NAME": "t_post_mp_bottom_prop", "LIB_NAME": "62x5_2_3200_46_1150", "PROP_NAME": "MODEL", "PROP_VALUE": "62x5_2_3200_46_1150"}, {"COMP_NAME": "t_post_mp_bottom_prop", "LIB_NAME": "62x5_2_3200_46_1150", "PROP_NAME": "DIAMETER", "PROP_VALUE": "1574.8"}, {"COMP_NAME": "t_post_mp_bottom_prop", "LIB_NAME": "62x5_2_3200_46_1150", "PROP_NAME": "Performance_File", "PROP_VALUE": "62x5_2_3200_46_1150.dat"}, {"COMP_NAME": "t_post_mp_bottom_prop", "LIB_NAME": "62x5_2_3200_46_1150", "PROP_NAME": "SHAFT_DIAMETER", "PROP_VALUE": "47"}, {"COMP_NAME": "fork_post_mp_2_prop", "LIB_NAME": "62x5_2_3200_46_1150", "PROP_NAME": "Weight", "PROP_VALUE": "0.831"}, {"COMP_NAME": "fork_post_mp_2_prop", "LIB_NAME": "62x5_2_3200_46_1150", "PROP_NAME": "HUB_THICKNESS", "PROP_VALUE": "118.10999999999999"}, {"COMP_NAME": "fork_post_mp_2_prop", "LIB_NAME": "62x5_2_3200_46_1150", "PROP_NAME": "PITCH", "PROP_VALUE": "127.0"}, {"COMP_NAME": "fork_post_mp_2_prop", "LIB_NAME": "62x5_2_3200_46_1150", "PROP_NAME": "MODEL", "PROP_VALUE": "62x5_2_3200_46_1150"}, {"COMP_NAME": "fork_post_mp_2_prop", "LIB_NAME": "62x5_2_3200_46_1150", "PROP_NAME": "DIAMETER", "PROP_VALUE": "1574.8"}, {"COMP_NAME": "fork_post_mp_2_prop", "LIB_NAME": "62x5_2_3200_46_1150", "PROP_NAME": "Performance_File", "PROP_VALUE": "62x5_2_3200_46_1150.dat"}, {"COMP_NAME": "fork_post_mp_2_prop", "LIB_NAME": "62x5_2_3200_46_1150", "PROP_NAME": "SHAFT_DIAMETER", "PROP_VALUE": "47"}, {"COMP_NAME": "tail_tbar_cross_mp_motor", "LIB_NAME": "MAGiDRIVE150", "PROP_NAME": "LENGTH", "PROP_VALUE": "140.0"}, {"COMP_NAME": "tail_tbar_cross_mp_motor", "LIB_NAME": "MAGiDRIVE150", "PROP_NAME": "ESC_BEC_Class", "PROP_VALUE": "nan"}, {"COMP_NAME": "tail_tbar_cross_mp_motor", "LIB_NAME": "MAGiDRIVE150", "PROP_NAME": "WEIGHT", "PROP_VALUE": "35.0"}, {"COMP_NAME": "tail_tbar_cross_mp_motor", "LIB_NAME": "MAGiDRIVE150", "PROP_NAME": "COST", "PROP_VALUE": "0"}, {"COMP_NAME": "tail_tbar_cross_mp_motor", "LIB_NAME": "MAGiDRIVE150", "PROP_NAME": "KV", "PROP_VALUE": "5.25"}, {"COMP_NAME": "tail_tbar_cross_mp_motor", "LIB_NAME": "MAGiDRIVE150", "PROP_NAME": "Poles", "PROP_VALUE": "nan"}, {"COMP_NAME": "tail_tbar_cross_mp_motor", "LIB_NAME": "MAGiDRIVE150", "PROP_NAME": "Max_Cells", "PROP_VALUE": "217"}, {"COMP_NAME": "tail_tbar_cross_mp_motor", "LIB_NAME": "MAGiDRIVE150", "PROP_NAME": "CAN_DIAMETER", "PROP_VALUE": "381.0"}, {"COMP_NAME": "tail_tbar_cross_mp_motor", "LIB_NAME": "MAGiDRIVE150", "PROP_NAME": "KM", "PROP_VALUE": "1.5752254154908345"}, {"COMP_NAME": "tail_tbar_cross_mp_motor", "LIB_NAME": "MAGiDRIVE150", "PROP_NAME": "MODEL", "PROP_VALUE": "MAGiDRIVE150"}, {"COMP_NAME": "tail_tbar_cross_mp_motor", "LIB_NAME": "MAGiDRIVE150", "PROP_NAME": "ADAPTER_LENGTH", "PROP_VALUE": "nan"}, {"COMP_NAME": "tail_tbar_cross_mp_motor", "LIB_NAME": "MAGiDRIVE150", "PROP_NAME": "KT", "PROP_VALUE": "1.8189136353359467"}, {"COMP_NAME": "tail_tbar_cross_mp_motor", "LIB_NAME": "MAGiDRIVE150", "PROP_NAME": "ADAPTER_DIAMETER", "PROP_VALUE": "nan"}, {"COMP_NAME": "tail_tbar_cross_mp_motor", "LIB_NAME": "MAGiDRIVE150", "PROP_NAME": "Min_Cells", "PROP_VALUE": "108"}, {"COMP_NAME": "tail_tbar_cross_mp_motor", "LIB_NAME": "MAGiDRIVE150", "PROP_NAME": "PROP_SIZE_REC", "PROP_VALUE": "nan"}, {"COMP_NAME": "tail_tbar_cross_mp_motor", "LIB_NAME": "MAGiDRIVE150", "PROP_NAME": "INTERNAL_RESISTANCE", "PROP_VALUE": "1333.3333333333333"}, {"COMP_NAME": "tail_tbar_cross_mp_motor", "LIB_NAME": "MAGiDRIVE150", "PROP_NAME": "MAX_CURRENT", "PROP_VALUE": "300.0"}, {"COMP_NAME": "tail_tbar_cross_mp_motor", "LIB_NAME": "MAGiDRIVE150", "PROP_NAME": "MAX_POWER", "PROP_VALUE": "120000.0"}, {"COMP_NAME": "tail_tbar_cross_mp_motor", "LIB_NAME": "MAGiDRIVE150", "PROP_NAME": "SHAFT_DIAMETER", "PROP_VALUE": "47.0"}, {"COMP_NAME": "tail_tbar_cross_mp_motor", "LIB_NAME": "MAGiDRIVE150", "PROP_NAME": "CAN_LENGTH", "PROP_VALUE": "130.0"}, {"COMP_NAME": "tail_tbar_cross_mp_motor", "LIB_NAME": "MAGiDRIVE150", "PROP_NAME": "IO_IDLE_CURRENT_10V", "PROP_VALUE": "8.16"}, {"COMP_NAME": "tail_tbar_cross_mp_motor", "LIB_NAME": "MAGiDRIVE150", "PROP_NAME": "PROP_PITCH_REC", "PROP_VALUE": "nan"}, {"COMP_NAME": "tail_tbar_cross_mp_motor", "LIB_NAME": "MAGiDRIVE150", "PROP_NAME": "TOTAL_LENGTH", "PROP_VALUE": "203.0"}, {"COMP_NAME": "fork_post_mp_1_motor", "LIB_NAME": "MAGiDRIVE150", "PROP_NAME": "LENGTH", "PROP_VALUE": "140.0"}, {"COMP_NAME": "fork_post_mp_1_motor", "LIB_NAME": "MAGiDRIVE150", "PROP_NAME": "ESC_BEC_Class", "PROP_VALUE": "nan"}, {"COMP_NAME": "fork_post_mp_1_motor", "LIB_NAME": "MAGiDRIVE150", "PROP_NAME": "WEIGHT", "PROP_VALUE": "35.0"}, {"COMP_NAME": "fork_post_mp_1_motor", "LIB_NAME": "MAGiDRIVE150", "PROP_NAME": "COST", "PROP_VALUE": "0"}, {"COMP_NAME": "fork_post_mp_1_motor", "LIB_NAME": "MAGiDRIVE150", "PROP_NAME": "KV", "PROP_VALUE": "5.25"}, {"COMP_NAME": "fork_post_mp_1_motor", "LIB_NAME": "MAGiDRIVE150", "PROP_NAME": "Poles", "PROP_VALUE": "nan"}, {"COMP_NAME": "fork_post_mp_1_motor", "LIB_NAME": "MAGiDRIVE150", "PROP_NAME": "Max_Cells", "PROP_VALUE": "217"}, {"COMP_NAME": "fork_post_mp_1_motor", "LIB_NAME": "MAGiDRIVE150", "PROP_NAME": "CAN_DIAMETER", "PROP_VALUE": "381.0"}, {"COMP_NAME": "fork_post_mp_1_motor", "LIB_NAME": "MAGiDRIVE150", "PROP_NAME": "KM", "PROP_VALUE": "1.5752254154908345"}, {"COMP_NAME": "fork_post_mp_1_motor", "LIB_NAME": "MAGiDRIVE150", "PROP_NAME": "MODEL", "PROP_VALUE": "MAGiDRIVE150"}, {"COMP_NAME": "fork_post_mp_1_motor", "LIB_NAME": "MAGiDRIVE150", "PROP_NAME": "ADAPTER_LENGTH", "PROP_VALUE": "nan"}, {"COMP_NAME": "fork_post_mp_1_motor", "LIB_NAME": "MAGiDRIVE150", "PROP_NAME": "KT", "PROP_VALUE": "1.8189136353359467"}, {"COMP_NAME": "fork_post_mp_1_motor", "LIB_NAME": "MAGiDRIVE150", "PROP_NAME": "ADAPTER_DIAMETER", "PROP_VALUE": "nan"}, {"COMP_NAME": "fork_post_mp_1_motor", "LIB_NAME": "MAGiDRIVE150", "PROP_NAME": "Min_Cells", "PROP_VALUE": "108"}, {"COMP_NAME": "fork_post_mp_1_motor", "LIB_NAME": "MAGiDRIVE150", "PROP_NAME": "PROP_SIZE_REC", "PROP_VALUE": "nan"}, {"COMP_NAME": "fork_post_mp_1_motor", "LIB_NAME": "MAGiDRIVE150", "PROP_NAME": "INTERNAL_RESISTANCE", "PROP_VALUE": "1333.3333333333333"}, {"COMP_NAME": "fork_post_mp_1_motor", "LIB_NAME": "MAGiDRIVE150", "PROP_NAME": "MAX_CURRENT", "PROP_VALUE": "300.0"}, {"COMP_NAME": "fork_post_mp_1_motor", "LIB_NAME": "MAGiDRIVE150", "PROP_NAME": "MAX_POWER", "PROP_VALUE": "120000.0"}, {"COMP_NAME": "fork_post_mp_1_motor", "LIB_NAME": "MAGiDRIVE150", "PROP_NAME": "SHAFT_DIAMETER", "PROP_VALUE": "47.0"}, {"COMP_NAME": "fork_post_mp_1_motor", "LIB_NAME": "MAGiDRIVE150", "PROP_NAME": "CAN_LENGTH", "PROP_VALUE": "130.0"}, {"COMP_NAME": "fork_post_mp_1_motor", "LIB_NAME": "MAGiDRIVE150", "PROP_NAME": "IO_IDLE_CURRENT_10V", "PROP_VALUE": "8.16"}, {"COMP_NAME": "fork_post_mp_1_motor", "LIB_NAME": "MAGiDRIVE150", "PROP_NAME": "PROP_PITCH_REC", "PROP_VALUE": "nan"}, {"COMP_NAME": "fork_post_mp_1_motor", "LIB_NAME": "MAGiDRIVE150", "PROP_NAME": "TOTAL_LENGTH", "PROP_VALUE": "203.0"}, {"COMP_NAME": "fork_post_mp_2_motor", "LIB_NAME": "MAGiDRIVE150", "PROP_NAME": "LENGTH", "PROP_VALUE": "140.0"}, {"COMP_NAME": "fork_post_mp_2_motor", "LIB_NAME": "MAGiDRIVE150", "PROP_NAME": "ESC_BEC_Class", "PROP_VALUE": "nan"}, {"COMP_NAME": "fork_post_mp_2_motor", "LIB_NAME": "MAGiDRIVE150", "PROP_NAME": "WEIGHT", "PROP_VALUE": "35.0"}, {"COMP_NAME": "fork_post_mp_2_motor", "LIB_NAME": "MAGiDRIVE150", "PROP_NAME": "COST", "PROP_VALUE": "0"}, {"COMP_NAME": "fork_post_mp_2_motor", "LIB_NAME": "MAGiDRIVE150", "PROP_NAME": "KV", "PROP_VALUE": "5.25"}, {"COMP_NAME": "fork_post_mp_2_motor", "LIB_NAME": "MAGiDRIVE150", "PROP_NAME": "Poles", "PROP_VALUE": "nan"}, {"COMP_NAME": "fork_post_mp_2_motor", "LIB_NAME": "MAGiDRIVE150", "PROP_NAME": "Max_Cells", "PROP_VALUE": "217"}, {"COMP_NAME": "fork_post_mp_2_motor", "LIB_NAME": "MAGiDRIVE150", "PROP_NAME": "CAN_DIAMETER", "PROP_VALUE": "381.0"}, {"COMP_NAME": "fork_post_mp_2_motor", "LIB_NAME": "MAGiDRIVE150", "PROP_NAME": "KM", "PROP_VALUE": "1.5752254154908345"}, {"COMP_NAME": "fork_post_mp_2_motor", "LIB_NAME": "MAGiDRIVE150", "PROP_NAME": "MODEL", "PROP_VALUE": "MAGiDRIVE150"}, {"COMP_NAME": "fork_post_mp_2_motor", "LIB_NAME": "MAGiDRIVE150", "PROP_NAME": "ADAPTER_LENGTH", "PROP_VALUE": "nan"}, {"COMP_NAME": "fork_post_mp_2_motor", "LIB_NAME": "MAGiDRIVE150", "PROP_NAME": "KT", "PROP_VALUE": "1.8189136353359467"}, {"COMP_NAME": "fork_post_mp_2_motor", "LIB_NAME": "MAGiDRIVE150", "PROP_NAME": "ADAPTER_DIAMETER", "PROP_VALUE": "nan"}, {"COMP_NAME": "fork_post_mp_2_motor", "LIB_NAME": "MAGiDRIVE150", "PROP_NAME": "Min_Cells", "PROP_VALUE": "108"}, {"COMP_NAME": "fork_post_mp_2_motor", "LIB_NAME": "MAGiDRIVE150", "PROP_NAME": "PROP_SIZE_REC", "PROP_VALUE": "nan"}, {"COMP_NAME": "fork_post_mp_2_motor", "LIB_NAME": "MAGiDRIVE150", "PROP_NAME": "INTERNAL_RESISTANCE", "PROP_VALUE": "1333.3333333333333"}, {"COMP_NAME": "fork_post_mp_2_motor", "LIB_NAME": "MAGiDRIVE150", "PROP_NAME": "MAX_CURRENT", "PROP_VALUE": "300.0"}, {"COMP_NAME": "fork_post_mp_2_motor", "LIB_NAME": "MAGiDRIVE150", "PROP_NAME": "MAX_POWER", "PROP_VALUE": "120000.0"}, {"COMP_NAME": "fork_post_mp_2_motor", "LIB_NAME": "MAGiDRIVE150", "PROP_NAME": "SHAFT_DIAMETER", "PROP_VALUE": "47.0"}, {"COMP_NAME": "fork_post_mp_2_motor", "LIB_NAME": "MAGiDRIVE150", "PROP_NAME": "CAN_LENGTH", "PROP_VALUE": "130.0"}, {"COMP_NAME": "fork_post_mp_2_motor", "LIB_NAME": "MAGiDRIVE150", "PROP_NAME": "IO_IDLE_CURRENT_10V", "PROP_VALUE": "8.16"}, {"COMP_NAME": "fork_post_mp_2_motor", "LIB_NAME": "MAGiDRIVE150", "PROP_NAME": "PROP_PITCH_REC", "PROP_VALUE": "nan"}, {"COMP_NAME": "fork_post_mp_2_motor", "LIB_NAME": "MAGiDRIVE150", "PROP_NAME": "TOTAL_LENGTH", "PROP_VALUE": "203.0"}, {"COMP_NAME": "tail_tbar_cross_mp_prop", "LIB_NAME": "62x5_2_3200_46_1150", "PROP_NAME": "Weight", "PROP_VALUE": "0.831"}, {"COMP_NAME": "tail_tbar_cross_mp_prop", "LIB_NAME": "62x5_2_3200_46_1150", "PROP_NAME": "HUB_THICKNESS", "PROP_VALUE": "118.10999999999999"}, {"COMP_NAME": "tail_tbar_cross_mp_prop", "LIB_NAME": "62x5_2_3200_46_1150", "PROP_NAME": "PITCH", "PROP_VALUE": "127.0"}, {"COMP_NAME": "tail_tbar_cross_mp_prop", "LIB_NAME": "62x5_2_3200_46_1150", "PROP_NAME": "MODEL", "PROP_VALUE": "62x5_2_3200_46_1150"}, {"COMP_NAME": "tail_tbar_cross_mp_prop", "LIB_NAME": "62x5_2_3200_46_1150", "PROP_NAME": "DIAMETER", "PROP_VALUE": "1574.8"}, {"COMP_NAME": "tail_tbar_cross_mp_prop", "LIB_NAME": "62x5_2_3200_46_1150", "PROP_NAME": "Performance_File", "PROP_VALUE": "62x5_2_3200_46_1150.dat"}, {"COMP_NAME": "tail_tbar_cross_mp_prop", "LIB_NAME": "62x5_2_3200_46_1150", "PROP_NAME": "SHAFT_DIAMETER", "PROP_VALUE": "47"}, {"COMP_NAME": "fork_post_mp_6_motor", "LIB_NAME": "MAGiDRIVE150", "PROP_NAME": "LENGTH", "PROP_VALUE": "140.0"}, {"COMP_NAME": "fork_post_mp_6_motor", "LIB_NAME": "MAGiDRIVE150", "PROP_NAME": "ESC_BEC_Class", "PROP_VALUE": "nan"}, {"COMP_NAME": "fork_post_mp_6_motor", "LIB_NAME": "MAGiDRIVE150", "PROP_NAME": "WEIGHT", "PROP_VALUE": "35.0"}, {"COMP_NAME": "fork_post_mp_6_motor", "LIB_NAME": "MAGiDRIVE150", "PROP_NAME": "COST", "PROP_VALUE": "0"}, {"COMP_NAME": "fork_post_mp_6_motor", "LIB_NAME": "MAGiDRIVE150", "PROP_NAME": "KV", "PROP_VALUE": "5.25"}, {"COMP_NAME": "fork_post_mp_6_motor", "LIB_NAME": "MAGiDRIVE150", "PROP_NAME": "Poles", "PROP_VALUE": "nan"}, {"COMP_NAME": "fork_post_mp_6_motor", "LIB_NAME": "MAGiDRIVE150", "PROP_NAME": "Max_Cells", "PROP_VALUE": "217"}, {"COMP_NAME": "fork_post_mp_6_motor", "LIB_NAME": "MAGiDRIVE150", "PROP_NAME": "CAN_DIAMETER", "PROP_VALUE": "381.0"}, {"COMP_NAME": "fork_post_mp_6_motor", "LIB_NAME": "MAGiDRIVE150", "PROP_NAME": "KM", "PROP_VALUE": "1.5752254154908345"}, {"COMP_NAME": "fork_post_mp_6_motor", "LIB_NAME": "MAGiDRIVE150", "PROP_NAME": "MODEL", "PROP_VALUE": "MAGiDRIVE150"}, {"COMP_NAME": "fork_post_mp_6_motor", "LIB_NAME": "MAGiDRIVE150", "PROP_NAME": "ADAPTER_LENGTH", "PROP_VALUE": "nan"}, {"COMP_NAME": "fork_post_mp_6_motor", "LIB_NAME": "MAGiDRIVE150", "PROP_NAME": "KT", "PROP_VALUE": "1.8189136353359467"}, {"COMP_NAME": "fork_post_mp_6_motor", "LIB_NAME": "MAGiDRIVE150", "PROP_NAME": "ADAPTER_DIAMETER", "PROP_VALUE": "nan"}, {"COMP_NAME": "fork_post_mp_6_motor", "LIB_NAME": "MAGiDRIVE150", "PROP_NAME": "Min_Cells", "PROP_VALUE": "108"}, {"COMP_NAME": "fork_post_mp_6_motor", "LIB_NAME": "MAGiDRIVE150", "PROP_NAME": "PROP_SIZE_REC", "PROP_VALUE": "nan"}, {"COMP_NAME": "fork_post_mp_6_motor", "LIB_NAME": "MAGiDRIVE150", "PROP_NAME": "INTERNAL_RESISTANCE", "PROP_VALUE": "1333.3333333333333"}, {"COMP_NAME": "fork_post_mp_6_motor", "LIB_NAME": "MAGiDRIVE150", "PROP_NAME": "MAX_CURRENT", "PROP_VALUE": "300.0"}, {"COMP_NAME": "fork_post_mp_6_motor", "LIB_NAME": "MAGiDRIVE150", "PROP_NAME": "MAX_POWER", "PROP_VALUE": "120000.0"}, {"COMP_NAME": "fork_post_mp_6_motor", "LIB_NAME": "MAGiDRIVE150", "PROP_NAME": "SHAFT_DIAMETER", "PROP_VALUE": "47.0"}, {"COMP_NAME": "fork_post_mp_6_motor", "LIB_NAME": "MAGiDRIVE150", "PROP_NAME": "CAN_LENGTH", "PROP_VALUE": "130.0"}, {"COMP_NAME": "fork_post_mp_6_motor", "LIB_NAME": "MAGiDRIVE150", "PROP_NAME": "IO_IDLE_CURRENT_10V", "PROP_VALUE": "8.16"}, {"COMP_NAME": "fork_post_mp_6_motor", "LIB_NAME": "MAGiDRIVE150", "PROP_NAME": "PROP_PITCH_REC", "PROP_VALUE": "nan"}, {"COMP_NAME": "fork_post_mp_6_motor", "LIB_NAME": "MAGiDRIVE150", "PROP_NAME": "TOTAL_LENGTH", "PROP_VALUE": "203.0"}, {"COMP_NAME": "fork_post_mp_4_motor", "LIB_NAME": "MAGiDRIVE150", "PROP_NAME": "LENGTH", "PROP_VALUE": "140.0"}, {"COMP_NAME": "fork_post_mp_4_motor", "LIB_NAME": "MAGiDRIVE150", "PROP_NAME": "ESC_BEC_Class", "PROP_VALUE": "nan"}, {"COMP_NAME": "fork_post_mp_4_motor", "LIB_NAME": "MAGiDRIVE150", "PROP_NAME": "WEIGHT", "PROP_VALUE": "35.0"}, {"COMP_NAME": "fork_post_mp_4_motor", "LIB_NAME": "MAGiDRIVE150", "PROP_NAME": "COST", "PROP_VALUE": "0"}, {"COMP_NAME": "fork_post_mp_4_motor", "LIB_NAME": "MAGiDRIVE150", "PROP_NAME": "KV", "PROP_VALUE": "5.25"}, {"COMP_NAME": "fork_post_mp_4_motor", "LIB_NAME": "MAGiDRIVE150", "PROP_NAME": "Poles", "PROP_VALUE": "nan"}, {"COMP_NAME": "fork_post_mp_4_motor", "LIB_NAME": "MAGiDRIVE150", "PROP_NAME": "Max_Cells", "PROP_VALUE": "217"}, {"COMP_NAME": "fork_post_mp_4_motor", "LIB_NAME": "MAGiDRIVE150", "PROP_NAME": "CAN_DIAMETER", "PROP_VALUE": "381.0"}, {"COMP_NAME": "fork_post_mp_4_motor", "LIB_NAME": "MAGiDRIVE150", "PROP_NAME": "KM", "PROP_VALUE": "1.5752254154908345"}, {"COMP_NAME": "fork_post_mp_4_motor", "LIB_NAME": "MAGiDRIVE150", "PROP_NAME": "MODEL", "PROP_VALUE": "MAGiDRIVE150"}, {"COMP_NAME": "fork_post_mp_4_motor", "LIB_NAME": "MAGiDRIVE150", "PROP_NAME": "ADAPTER_LENGTH", "PROP_VALUE": "nan"}, {"COMP_NAME": "fork_post_mp_4_motor", "LIB_NAME": "MAGiDRIVE150", "PROP_NAME": "KT", "PROP_VALUE": "1.8189136353359467"}, {"COMP_NAME": "fork_post_mp_4_motor", "LIB_NAME": "MAGiDRIVE150", "PROP_NAME": "ADAPTER_DIAMETER", "PROP_VALUE": "nan"}, {"COMP_NAME": "fork_post_mp_4_motor", "LIB_NAME": "MAGiDRIVE150", "PROP_NAME": "Min_Cells", "PROP_VALUE": "108"}, {"COMP_NAME": "fork_post_mp_4_motor", "LIB_NAME": "MAGiDRIVE150", "PROP_NAME": "PROP_SIZE_REC", "PROP_VALUE": "nan"}, {"COMP_NAME": "fork_post_mp_4_motor", "LIB_NAME": "MAGiDRIVE150", "PROP_NAME": "INTERNAL_RESISTANCE", "PROP_VALUE": "1333.3333333333333"}, {"COMP_NAME": "fork_post_mp_4_motor", "LIB_NAME": "MAGiDRIVE150", "PROP_NAME": "MAX_CURRENT", "PROP_VALUE": "300.0"}, {"COMP_NAME": "fork_post_mp_4_motor", "LIB_NAME": "MAGiDRIVE150", "PROP_NAME": "MAX_POWER", "PROP_VALUE": "120000.0"}, {"COMP_NAME": "fork_post_mp_4_motor", "LIB_NAME": "MAGiDRIVE150", "PROP_NAME": "SHAFT_DIAMETER", "PROP_VALUE": "47.0"}, {"COMP_NAME": "fork_post_mp_4_motor", "LIB_NAME": "MAGiDRIVE150", "PROP_NAME": "CAN_LENGTH", "PROP_VALUE": "130.0"}, {"COMP_NAME": "fork_post_mp_4_motor", "LIB_NAME": "MAGiDRIVE150", "PROP_NAME": "IO_IDLE_CURRENT_10V", "PROP_VALUE": "8.16"}, {"COMP_NAME": "fork_post_mp_4_motor", "LIB_NAME": "MAGiDRIVE150", "PROP_NAME": "PROP_PITCH_REC", "PROP_VALUE": "nan"}, {"COMP_NAME": "fork_post_mp_4_motor", "LIB_NAME": "MAGiDRIVE150", "PROP_NAME": "TOTAL_LENGTH", "PROP_VALUE": "203.0"}, {"COMP_NAME": "fork_post_mp_7_motor", "LIB_NAME": "MAGiDRIVE150", "PROP_NAME": "LENGTH", "PROP_VALUE": "140.0"}, {"COMP_NAME": "fork_post_mp_7_motor", "LIB_NAME": "MAGiDRIVE150", "PROP_NAME": "ESC_BEC_Class", "PROP_VALUE": "nan"}, {"COMP_NAME": "fork_post_mp_7_motor", "LIB_NAME": "MAGiDRIVE150", "PROP_NAME": "WEIGHT", "PROP_VALUE": "35.0"}, {"COMP_NAME": "fork_post_mp_7_motor", "LIB_NAME": "MAGiDRIVE150", "PROP_NAME": "COST", "PROP_VALUE": "0"}, {"COMP_NAME": "fork_post_mp_7_motor", "LIB_NAME": "MAGiDRIVE150", "PROP_NAME": "KV", "PROP_VALUE": "5.25"}, {"COMP_NAME": "fork_post_mp_7_motor", "LIB_NAME": "MAGiDRIVE150", "PROP_NAME": "Poles", "PROP_VALUE": "nan"}, {"COMP_NAME": "fork_post_mp_7_motor", "LIB_NAME": "MAGiDRIVE150", "PROP_NAME": "Max_Cells", "PROP_VALUE": "217"}, {"COMP_NAME": "fork_post_mp_7_motor", "LIB_NAME": "MAGiDRIVE150", "PROP_NAME": "CAN_DIAMETER", "PROP_VALUE": "381.0"}, {"COMP_NAME": "fork_post_mp_7_motor", "LIB_NAME": "MAGiDRIVE150", "PROP_NAME": "KM", "PROP_VALUE": "1.5752254154908345"}, {"COMP_NAME": "fork_post_mp_7_motor", "LIB_NAME": "MAGiDRIVE150", "PROP_NAME": "MODEL", "PROP_VALUE": "MAGiDRIVE150"}, {"COMP_NAME": "fork_post_mp_7_motor", "LIB_NAME": "MAGiDRIVE150", "PROP_NAME": "ADAPTER_LENGTH", "PROP_VALUE": "nan"}, {"COMP_NAME": "fork_post_mp_7_motor", "LIB_NAME": "MAGiDRIVE150", "PROP_NAME": "KT", "PROP_VALUE": "1.8189136353359467"}, {"COMP_NAME": "fork_post_mp_7_motor", "LIB_NAME": "MAGiDRIVE150", "PROP_NAME": "ADAPTER_DIAMETER", "PROP_VALUE": "nan"}, {"COMP_NAME": "fork_post_mp_7_motor", "LIB_NAME": "MAGiDRIVE150", "PROP_NAME": "Min_Cells", "PROP_VALUE": "108"}, {"COMP_NAME": "fork_post_mp_7_motor", "LIB_NAME": "MAGiDRIVE150", "PROP_NAME": "PROP_SIZE_REC", "PROP_VALUE": "nan"}, {"COMP_NAME": "fork_post_mp_7_motor", "LIB_NAME": "MAGiDRIVE150", "PROP_NAME": "INTERNAL_RESISTANCE", "PROP_VALUE": "1333.3333333333333"}, {"COMP_NAME": "fork_post_mp_7_motor", "LIB_NAME": "MAGiDRIVE150", "PROP_NAME": "MAX_CURRENT", "PROP_VALUE": "300.0"}, {"COMP_NAME": "fork_post_mp_7_motor", "LIB_NAME": "MAGiDRIVE150", "PROP_NAME": "MAX_POWER", "PROP_VALUE": "120000.0"}, {"COMP_NAME": "fork_post_mp_7_motor", "LIB_NAME": "MAGiDRIVE150", "PROP_NAME": "SHAFT_DIAMETER", "PROP_VALUE": "47.0"}, {"COMP_NAME": "fork_post_mp_7_motor", "LIB_NAME": "MAGiDRIVE150", "PROP_NAME": "CAN_LENGTH", "PROP_VALUE": "130.0"}, {"COMP_NAME": "fork_post_mp_7_motor", "LIB_NAME": "MAGiDRIVE150", "PROP_NAME": "IO_IDLE_CURRENT_10V", "PROP_VALUE": "8.16"}, {"COMP_NAME": "fork_post_mp_7_motor", "LIB_NAME": "MAGiDRIVE150", "PROP_NAME": "PROP_PITCH_REC", "PROP_VALUE": "nan"}, {"COMP_NAME": "fork_post_mp_7_motor", "LIB_NAME": "MAGiDRIVE150", "PROP_NAME": "TOTAL_LENGTH", "PROP_VALUE": "203.0"}, {"COMP_NAME": "fork_post_mp_9_prop", "LIB_NAME": "62x5_2_3200_46_1150", "PROP_NAME": "Weight", "PROP_VALUE": "0.831"}, {"COMP_NAME": "fork_post_mp_9_prop", "LIB_NAME": "62x5_2_3200_46_1150", "PROP_NAME": "HUB_THICKNESS", "PROP_VALUE": "118.10999999999999"}, {"COMP_NAME": "fork_post_mp_9_prop", "LIB_NAME": "62x5_2_3200_46_1150", "PROP_NAME": "PITCH", "PROP_VALUE": "127.0"}, {"COMP_NAME": "fork_post_mp_9_prop", "LIB_NAME": "62x5_2_3200_46_1150", "PROP_NAME": "MODEL", "PROP_VALUE": "62x5_2_3200_46_1150"}, {"COMP_NAME": "fork_post_mp_9_prop", "LIB_NAME": "62x5_2_3200_46_1150", "PROP_NAME": "DIAMETER", "PROP_VALUE": "1574.8"}, {"COMP_NAME": "fork_post_mp_9_prop", "LIB_NAME": "62x5_2_3200_46_1150", "PROP_NAME": "Performance_File", "PROP_VALUE": "62x5_2_3200_46_1150.dat"}, {"COMP_NAME": "fork_post_mp_9_prop", "LIB_NAME": "62x5_2_3200_46_1150", "PROP_NAME": "SHAFT_DIAMETER", "PROP_VALUE": "47"}, {"COMP_NAME": "cross_tower_bottom_RIGHT", "LIB_NAME": "PORTED_CYL", "PROP_NAME": "WALL_THICKNESS", "PROP_VALUE": "3"}, {"COMP_NAME": "cross_tower_middle", "LIB_NAME": "PORTED_CYL", "PROP_NAME": "WALL_THICKNESS", "PROP_VALUE": "3"}, {"COMP_NAME": "wing_pair_1", "LIB_NAME": "PORTED_CYL", "PROP_NAME": "WALL_THICKNESS", "PROP_VALUE": "3"}, {"COMP_NAME": "tbar_cross_2", "LIB_NAME": "PORTED_CYL", "PROP_NAME": "WALL_THICKNESS", "PROP_VALUE": "3"}, {"COMP_NAME": "cross_tower_middle_LEFT", "LIB_NAME": "PORTED_CYL", "PROP_NAME": "WALL_THICKNESS", "PROP_VALUE": "3"}, {"COMP_NAME": "cross_tower_top_TOP", "LIB_NAME": "PORTED_CYL", "PROP_NAME": "WALL_THICKNESS", "PROP_VALUE": "3"}, {"COMP_NAME": "cross_tower_top_LEFT", "LIB_NAME": "PORTED_CYL", "PROP_NAME": "WALL_THICKNESS", "PROP_VALUE": "3"}, {"COMP_NAME": "cross_tower_top_RIGHT", "LIB_NAME": "PORTED_CYL", "PROP_NAME": "WALL_THICKNESS", "PROP_VALUE": "3"}, {"COMP_NAME": "cross_tower_bottom", "LIB_NAME": "PORTED_CYL", "PROP_NAME": "WALL_THICKNESS", "PROP_VALUE": "3"}, {"COMP_NAME": "cylinder_0", "LIB_NAME": "PORTED_CYL", "PROP_NAME": "WALL_THICKNESS", "PROP_VALUE": "3"}, {"COMP_NAME": "tbar_cross_1", "LIB_NAME": "PORTED_CYL", "PROP_NAME": "WALL_THICKNESS", "PROP_VALUE": "3"}, {"COMP_NAME": "cross_tower_middle_BOTTOM", "LIB_NAME": "PORTED_CYL", "PROP_NAME": "WALL_THICKNESS", "PROP_VALUE": "3"}, {"COMP_NAME": "fork_r_2", "LIB_NAME": "PORTED_CYL", "PROP_NAME": "WALL_THICKNESS", "PROP_VALUE": "3"}, {"COMP_NAME": "cross_tower_top_BOTTOM", "LIB_NAME": "PORTED_CYL", "PROP_NAME": "WALL_THICKNESS", "PROP_VALUE": "3"}, {"COMP_NAME": "fork_post_mp_5_motor", "LIB_NAME": "MAGiDRIVE150", "PROP_NAME": "LENGTH", "PROP_VALUE": "140.0"}, {"COMP_NAME": "fork_post_mp_5_motor", "LIB_NAME": "MAGiDRIVE150", "PROP_NAME": "ESC_BEC_Class", "PROP_VALUE": "nan"}, {"COMP_NAME": "fork_post_mp_5_motor", "LIB_NAME": "MAGiDRIVE150", "PROP_NAME": "WEIGHT", "PROP_VALUE": "35.0"}, {"COMP_NAME": "fork_post_mp_5_motor", "LIB_NAME": "MAGiDRIVE150", "PROP_NAME": "COST", "PROP_VALUE": "0"}, {"COMP_NAME": "fork_post_mp_5_motor", "LIB_NAME": "MAGiDRIVE150", "PROP_NAME": "KV", "PROP_VALUE": "5.25"}, {"COMP_NAME": "fork_post_mp_5_motor", "LIB_NAME": "MAGiDRIVE150", "PROP_NAME": "Poles", "PROP_VALUE": "nan"}, {"COMP_NAME": "fork_post_mp_5_motor", "LIB_NAME": "MAGiDRIVE150", "PROP_NAME": "Max_Cells", "PROP_VALUE": "217"}, {"COMP_NAME": "fork_post_mp_5_motor", "LIB_NAME": "MAGiDRIVE150", "PROP_NAME": "CAN_DIAMETER", "PROP_VALUE": "381.0"}, {"COMP_NAME": "fork_post_mp_5_motor", "LIB_NAME": "MAGiDRIVE150", "PROP_NAME": "KM", "PROP_VALUE": "1.5752254154908345"}, {"COMP_NAME": "fork_post_mp_5_motor", "LIB_NAME": "MAGiDRIVE150", "PROP_NAME": "MODEL", "PROP_VALUE": "MAGiDRIVE150"}, {"COMP_NAME": "fork_post_mp_5_motor", "LIB_NAME": "MAGiDRIVE150", "PROP_NAME": "ADAPTER_LENGTH", "PROP_VALUE": "nan"}, {"COMP_NAME": "fork_post_mp_5_motor", "LIB_NAME": "MAGiDRIVE150", "PROP_NAME": "KT", "PROP_VALUE": "1.8189136353359467"}, {"COMP_NAME": "fork_post_mp_5_motor", "LIB_NAME": "MAGiDRIVE150", "PROP_NAME": "ADAPTER_DIAMETER", "PROP_VALUE": "nan"}, {"COMP_NAME": "fork_post_mp_5_motor", "LIB_NAME": "MAGiDRIVE150", "PROP_NAME": "Min_Cells", "PROP_VALUE": "108"}, {"COMP_NAME": "fork_post_mp_5_motor", "LIB_NAME": "MAGiDRIVE150", "PROP_NAME": "PROP_SIZE_REC", "PROP_VALUE": "nan"}, {"COMP_NAME": "fork_post_mp_5_motor", "LIB_NAME": "MAGiDRIVE150", "PROP_NAME": "INTERNAL_RESISTANCE", "PROP_VALUE": "1333.3333333333333"}, {"COMP_NAME": "fork_post_mp_5_motor", "LIB_NAME": "MAGiDRIVE150", "PROP_NAME": "MAX_CURRENT", "PROP_VALUE": "300.0"}, {"COMP_NAME": "fork_post_mp_5_motor", "LIB_NAME": "MAGiDRIVE150", "PROP_NAME": "MAX_POWER", "PROP_VALUE": "120000.0"}, {"COMP_NAME": "fork_post_mp_5_motor", "LIB_NAME": "MAGiDRIVE150", "PROP_NAME": "SHAFT_DIAMETER", "PROP_VALUE": "47.0"}, {"COMP_NAME": "fork_post_mp_5_motor", "LIB_NAME": "MAGiDRIVE150", "PROP_NAME": "CAN_LENGTH", "PROP_VALUE": "130.0"}, {"COMP_NAME": "fork_post_mp_5_motor", "LIB_NAME": "MAGiDRIVE150", "PROP_NAME": "IO_IDLE_CURRENT_10V", "PROP_VALUE": "8.16"}, {"COMP_NAME": "fork_post_mp_5_motor", "LIB_NAME": "MAGiDRIVE150", "PROP_NAME": "PROP_PITCH_REC", "PROP_VALUE": "nan"}, {"COMP_NAME": "fork_post_mp_5_motor", "LIB_NAME": "MAGiDRIVE150", "PROP_NAME": "TOTAL_LENGTH", "PROP_VALUE": "203.0"}, {"COMP_NAME": "cylinder_3", "LIB_NAME": "PORTED_CYL", "PROP_NAME": "WALL_THICKNESS", "PROP_VALUE": "3"}, {"COMP_NAME": "fork_post_mp_6_prop", "LIB_NAME": "62x5_2_3200_46_1150", "PROP_NAME": "Weight", "PROP_VALUE": "0.831"}, {"COMP_NAME": "fork_post_mp_6_prop", "LIB_NAME": "62x5_2_3200_46_1150", "PROP_NAME": "HUB_THICKNESS", "PROP_VALUE": "118.10999999999999"}, {"COMP_NAME": "fork_post_mp_6_prop", "LIB_NAME": "62x5_2_3200_46_1150", "PROP_NAME": "PITCH", "PROP_VALUE": "127.0"}, {"COMP_NAME": "fork_post_mp_6_prop", "LIB_NAME": "62x5_2_3200_46_1150", "PROP_NAME": "MODEL", "PROP_VALUE": "62x5_2_3200_46_1150"}, {"COMP_NAME": "fork_post_mp_6_prop", "LIB_NAME": "62x5_2_3200_46_1150", "PROP_NAME": "DIAMETER", "PROP_VALUE": "1574.8"}, {"COMP_NAME": "fork_post_mp_6_prop", "LIB_NAME": "62x5_2_3200_46_1150", "PROP_NAME": "Performance_File", "PROP_VALUE": "62x5_2_3200_46_1150.dat"}, {"COMP_NAME": "fork_post_mp_6_prop", "LIB_NAME": "62x5_2_3200_46_1150", "PROP_NAME": "SHAFT_DIAMETER", "PROP_VALUE": "47"}, {"COMP_NAME": "fork_post_mp_8_motor", "LIB_NAME": "MAGiDRIVE150", "PROP_NAME": "LENGTH", "PROP_VALUE": "140.0"}, {"COMP_NAME": "fork_post_mp_8_motor", "LIB_NAME": "MAGiDRIVE150", "PROP_NAME": "ESC_BEC_Class", "PROP_VALUE": "nan"}, {"COMP_NAME": "fork_post_mp_8_motor", "LIB_NAME": "MAGiDRIVE150", "PROP_NAME": "WEIGHT", "PROP_VALUE": "35.0"}, {"COMP_NAME": "fork_post_mp_8_motor", "LIB_NAME": "MAGiDRIVE150", "PROP_NAME": "COST", "PROP_VALUE": "0"}, {"COMP_NAME": "fork_post_mp_8_motor", "LIB_NAME": "MAGiDRIVE150", "PROP_NAME": "KV", "PROP_VALUE": "5.25"}, {"COMP_NAME": "fork_post_mp_8_motor", "LIB_NAME": "MAGiDRIVE150", "PROP_NAME": "Poles", "PROP_VALUE": "nan"}, {"COMP_NAME": "fork_post_mp_8_motor", "LIB_NAME": "MAGiDRIVE150", "PROP_NAME": "Max_Cells", "PROP_VALUE": "217"}, {"COMP_NAME": "fork_post_mp_8_motor", "LIB_NAME": "MAGiDRIVE150", "PROP_NAME": "CAN_DIAMETER", "PROP_VALUE": "381.0"}, {"COMP_NAME": "fork_post_mp_8_motor", "LIB_NAME": "MAGiDRIVE150", "PROP_NAME": "KM", "PROP_VALUE": "1.5752254154908345"}, {"COMP_NAME": "fork_post_mp_8_motor", "LIB_NAME": "MAGiDRIVE150", "PROP_NAME": "MODEL", "PROP_VALUE": "MAGiDRIVE150"}, {"COMP_NAME": "fork_post_mp_8_motor", "LIB_NAME": "MAGiDRIVE150", "PROP_NAME": "ADAPTER_LENGTH", "PROP_VALUE": "nan"}, {"COMP_NAME": "fork_post_mp_8_motor", "LIB_NAME": "MAGiDRIVE150", "PROP_NAME": "KT", "PROP_VALUE": "1.8189136353359467"}, {"COMP_NAME": "fork_post_mp_8_motor", "LIB_NAME": "MAGiDRIVE150", "PROP_NAME": "ADAPTER_DIAMETER", "PROP_VALUE": "nan"}, {"COMP_NAME": "fork_post_mp_8_motor", "LIB_NAME": "MAGiDRIVE150", "PROP_NAME": "Min_Cells", "PROP_VALUE": "108"}, {"COMP_NAME": "fork_post_mp_8_motor", "LIB_NAME": "MAGiDRIVE150", "PROP_NAME": "PROP_SIZE_REC", "PROP_VALUE": "nan"}, {"COMP_NAME": "fork_post_mp_8_motor", "LIB_NAME": "MAGiDRIVE150", "PROP_NAME": "INTERNAL_RESISTANCE", "PROP_VALUE": "1333.3333333333333"}, {"COMP_NAME": "fork_post_mp_8_motor", "LIB_NAME": "MAGiDRIVE150", "PROP_NAME": "MAX_CURRENT", "PROP_VALUE": "300.0"}, {"COMP_NAME": "fork_post_mp_8_motor", "LIB_NAME": "MAGiDRIVE150", "PROP_NAME": "MAX_POWER", "PROP_VALUE": "120000.0"}, {"COMP_NAME": "fork_post_mp_8_motor", "LIB_NAME": "MAGiDRIVE150", "PROP_NAME": "SHAFT_DIAMETER", "PROP_VALUE": "47.0"}, {"COMP_NAME": "fork_post_mp_8_motor", "LIB_NAME": "MAGiDRIVE150", "PROP_NAME": "CAN_LENGTH", "PROP_VALUE": "130.0"}, {"COMP_NAME": "fork_post_mp_8_motor", "LIB_NAME": "MAGiDRIVE150", "PROP_NAME": "IO_IDLE_CURRENT_10V", "PROP_VALUE": "8.16"}, {"COMP_NAME": "fork_post_mp_8_motor", "LIB_NAME": "MAGiDRIVE150", "PROP_NAME": "PROP_PITCH_REC", "PROP_VALUE": "nan"}, {"COMP_NAME": "fork_post_mp_8_motor", "LIB_NAME": "MAGiDRIVE150", "PROP_NAME": "TOTAL_LENGTH", "PROP_VALUE": "203.0"}, {"COMP_NAME": "fork_post_mp_9_motor", "LIB_NAME": "MAGiDRIVE150", "PROP_NAME": "LENGTH", "PROP_VALUE": "140.0"}, {"COMP_NAME": "fork_post_mp_9_motor", "LIB_NAME": "MAGiDRIVE150", "PROP_NAME": "ESC_BEC_Class", "PROP_VALUE": "nan"}, {"COMP_NAME": "fork_post_mp_9_motor", "LIB_NAME": "MAGiDRIVE150", "PROP_NAME": "WEIGHT", "PROP_VALUE": "35.0"}, {"COMP_NAME": "fork_post_mp_9_motor", "LIB_NAME": "MAGiDRIVE150", "PROP_NAME": "COST", "PROP_VALUE": "0"}, {"COMP_NAME": "fork_post_mp_9_motor", "LIB_NAME": "MAGiDRIVE150", "PROP_NAME": "KV", "PROP_VALUE": "5.25"}, {"COMP_NAME": "fork_post_mp_9_motor", "LIB_NAME": "MAGiDRIVE150", "PROP_NAME": "Poles", "PROP_VALUE": "nan"}, {"COMP_NAME": "fork_post_mp_9_motor", "LIB_NAME": "MAGiDRIVE150", "PROP_NAME": "Max_Cells", "PROP_VALUE": "217"}, {"COMP_NAME": "fork_post_mp_9_motor", "LIB_NAME": "MAGiDRIVE150", "PROP_NAME": "CAN_DIAMETER", "PROP_VALUE": "381.0"}, {"COMP_NAME": "fork_post_mp_9_motor", "LIB_NAME": "MAGiDRIVE150", "PROP_NAME": "KM", "PROP_VALUE": "1.5752254154908345"}, {"COMP_NAME": "fork_post_mp_9_motor", "LIB_NAME": "MAGiDRIVE150", "PROP_NAME": "MODEL", "PROP_VALUE": "MAGiDRIVE150"}, {"COMP_NAME": "fork_post_mp_9_motor", "LIB_NAME": "MAGiDRIVE150", "PROP_NAME": "ADAPTER_LENGTH", "PROP_VALUE": "nan"}, {"COMP_NAME": "fork_post_mp_9_motor", "LIB_NAME": "MAGiDRIVE150", "PROP_NAME": "KT", "PROP_VALUE": "1.8189136353359467"}, {"COMP_NAME": "fork_post_mp_9_motor", "LIB_NAME": "MAGiDRIVE150", "PROP_NAME": "ADAPTER_DIAMETER", "PROP_VALUE": "nan"}, {"COMP_NAME": "fork_post_mp_9_motor", "LIB_NAME": "MAGiDRIVE150", "PROP_NAME": "Min_Cells", "PROP_VALUE": "108"}, {"COMP_NAME": "fork_post_mp_9_motor", "LIB_NAME": "MAGiDRIVE150", "PROP_NAME": "PROP_SIZE_REC", "PROP_VALUE": "nan"}, {"COMP_NAME": "fork_post_mp_9_motor", "LIB_NAME": "MAGiDRIVE150", "PROP_NAME": "INTERNAL_RESISTANCE", "PROP_VALUE": "1333.3333333333333"}, {"COMP_NAME": "fork_post_mp_9_motor", "LIB_NAME": "MAGiDRIVE150", "PROP_NAME": "MAX_CURRENT", "PROP_VALUE": "300.0"}, {"COMP_NAME": "fork_post_mp_9_motor", "LIB_NAME": "MAGiDRIVE150", "PROP_NAME": "MAX_POWER", "PROP_VALUE": "120000.0"}, {"COMP_NAME": "fork_post_mp_9_motor", "LIB_NAME": "MAGiDRIVE150", "PROP_NAME": "SHAFT_DIAMETER", "PROP_VALUE": "47.0"}, {"COMP_NAME": "fork_post_mp_9_motor", "LIB_NAME": "MAGiDRIVE150", "PROP_NAME": "CAN_LENGTH", "PROP_VALUE": "130.0"}, {"COMP_NAME": "fork_post_mp_9_motor", "LIB_NAME": "MAGiDRIVE150", "PROP_NAME": "IO_IDLE_CURRENT_10V", "PROP_VALUE": "8.16"}, {"COMP_NAME": "fork_post_mp_9_motor", "LIB_NAME": "MAGiDRIVE150", "PROP_NAME": "PROP_PITCH_REC", "PROP_VALUE": "nan"}, {"COMP_NAME": "fork_post_mp_9_motor", "LIB_NAME": "MAGiDRIVE150", "PROP_NAME": "TOTAL_LENGTH", "PROP_VALUE": "203.0"}, {"COMP_NAME": "t_cross_mp_bottom_motor", "LIB_NAME": "MAGiDRIVE150", "PROP_NAME": "LENGTH", "PROP_VALUE": "140.0"}, {"COMP_NAME": "t_cross_mp_bottom_motor", "LIB_NAME": "MAGiDRIVE150", "PROP_NAME": "ESC_BEC_Class", "PROP_VALUE": "nan"}, {"COMP_NAME": "t_cross_mp_bottom_motor", "LIB_NAME": "MAGiDRIVE150", "PROP_NAME": "WEIGHT", "PROP_VALUE": "35.0"}, {"COMP_NAME": "t_cross_mp_bottom_motor", "LIB_NAME": "MAGiDRIVE150", "PROP_NAME": "COST", "PROP_VALUE": "0"}, {"COMP_NAME": "t_cross_mp_bottom_motor", "LIB_NAME": "MAGiDRIVE150", "PROP_NAME": "KV", "PROP_VALUE": "5.25"}, {"COMP_NAME": "t_cross_mp_bottom_motor", "LIB_NAME": "MAGiDRIVE150", "PROP_NAME": "Poles", "PROP_VALUE": "nan"}, {"COMP_NAME": "t_cross_mp_bottom_motor", "LIB_NAME": "MAGiDRIVE150", "PROP_NAME": "Max_Cells", "PROP_VALUE": "217"}, {"COMP_NAME": "t_cross_mp_bottom_motor", "LIB_NAME": "MAGiDRIVE150", "PROP_NAME": "CAN_DIAMETER", "PROP_VALUE": "381.0"}, {"COMP_NAME": "t_cross_mp_bottom_motor", "LIB_NAME": "MAGiDRIVE150", "PROP_NAME": "KM", "PROP_VALUE": "1.5752254154908345"}, {"COMP_NAME": "t_cross_mp_bottom_motor", "LIB_NAME": "MAGiDRIVE150", "PROP_NAME": "MODEL", "PROP_VALUE": "MAGiDRIVE150"}, {"COMP_NAME": "t_cross_mp_bottom_motor", "LIB_NAME": "MAGiDRIVE150", "PROP_NAME": "ADAPTER_LENGTH", "PROP_VALUE": "nan"}, {"COMP_NAME": "t_cross_mp_bottom_motor", "LIB_NAME": "MAGiDRIVE150", "PROP_NAME": "KT", "PROP_VALUE": "1.8189136353359467"}, {"COMP_NAME": "t_cross_mp_bottom_motor", "LIB_NAME": "MAGiDRIVE150", "PROP_NAME": "ADAPTER_DIAMETER", "PROP_VALUE": "nan"}, {"COMP_NAME": "t_cross_mp_bottom_motor", "LIB_NAME": "MAGiDRIVE150", "PROP_NAME": "Min_Cells", "PROP_VALUE": "108"}, {"COMP_NAME": "t_cross_mp_bottom_motor", "LIB_NAME": "MAGiDRIVE150", "PROP_NAME": "PROP_SIZE_REC", "PROP_VALUE": "nan"}, {"COMP_NAME": "t_cross_mp_bottom_motor", "LIB_NAME": "MAGiDRIVE150", "PROP_NAME": "INTERNAL_RESISTANCE", "PROP_VALUE": "1333.3333333333333"}, {"COMP_NAME": "t_cross_mp_bottom_motor", "LIB_NAME": "MAGiDRIVE150", "PROP_NAME": "MAX_CURRENT", "PROP_VALUE": "300.0"}, {"COMP_NAME": "t_cross_mp_bottom_motor", "LIB_NAME": "MAGiDRIVE150", "PROP_NAME": "MAX_POWER", "PROP_VALUE": "120000.0"}, {"COMP_NAME": "t_cross_mp_bottom_motor", "LIB_NAME": "MAGiDRIVE150", "PROP_NAME": "SHAFT_DIAMETER", "PROP_VALUE": "47.0"}, {"COMP_NAME": "t_cross_mp_bottom_motor", "LIB_NAME": "MAGiDRIVE150", "PROP_NAME": "CAN_LENGTH", "PROP_VALUE": "130.0"}, {"COMP_NAME": "t_cross_mp_bottom_motor", "LIB_NAME": "MAGiDRIVE150", "PROP_NAME": "IO_IDLE_CURRENT_10V", "PROP_VALUE": "8.16"}, {"COMP_NAME": "t_cross_mp_bottom_motor", "LIB_NAME": "MAGiDRIVE150", "PROP_NAME": "PROP_PITCH_REC", "PROP_VALUE": "nan"}, {"COMP_NAME": "t_cross_mp_bottom_motor", "LIB_NAME": "MAGiDRIVE150", "PROP_NAME": "TOTAL_LENGTH", "PROP_VALUE": "203.0"}, {"COMP_NAME": "fork_post_mp_10_prop", "LIB_NAME": "62x5_2_3200_46_1150", "PROP_NAME": "Weight", "PROP_VALUE": "0.831"}, {"COMP_NAME": "fork_post_mp_10_prop", "LIB_NAME": "62x5_2_3200_46_1150", "PROP_NAME": "HUB_THICKNESS", "PROP_VALUE": "118.10999999999999"}, {"COMP_NAME": "fork_post_mp_10_prop", "LIB_NAME": "62x5_2_3200_46_1150", "PROP_NAME": "PITCH", "PROP_VALUE": "127.0"}, {"COMP_NAME": "fork_post_mp_10_prop", "LIB_NAME": "62x5_2_3200_46_1150", "PROP_NAME": "MODEL", "PROP_VALUE": "62x5_2_3200_46_1150"}, {"COMP_NAME": "fork_post_mp_10_prop", "LIB_NAME": "62x5_2_3200_46_1150", "PROP_NAME": "DIAMETER", "PROP_VALUE": "1574.8"}, {"COMP_NAME": "fork_post_mp_10_prop", "LIB_NAME": "62x5_2_3200_46_1150", "PROP_NAME": "Performance_File", "PROP_VALUE": "62x5_2_3200_46_1150.dat"}, {"COMP_NAME": "fork_post_mp_10_prop", "LIB_NAME": "62x5_2_3200_46_1150", "PROP_NAME": "SHAFT_DIAMETER", "PROP_VALUE": "47"}, {"COMP_NAME": "cross_tower_bottom_LEFT", "LIB_NAME": "PORTED_CYL", "PROP_NAME": "WALL_THICKNESS", "PROP_VALUE": "3"}, {"COMP_NAME": "cross_tower_top", "LIB_NAME": "PORTED_CYL", "PROP_NAME": "WALL_THICKNESS", "PROP_VALUE": "3"}, {"COMP_NAME": "tbar_post_2", "LIB_NAME": "PORTED_CYL", "PROP_NAME": "WALL_THICKNESS", "PROP_VALUE": "3"}, {"COMP_NAME": "cross_tower_bottom_TOP", "LIB_NAME": "PORTED_CYL", "PROP_NAME": "WALL_THICKNESS", "PROP_VALUE": "3"}, {"COMP_NAME": "cross_tower_bottom_BOTTOM", "LIB_NAME": "PORTED_CYL", "PROP_NAME": "WALL_THICKNESS", "PROP_VALUE": "3"}, {"COMP_NAME": "passenger1", "LIB_NAME": "Passenger", "PROP_NAME": "WEIGHT", "PROP_VALUE": "90"}, {"COMP_NAME": "fork_r_1", "LIB_NAME": "PORTED_CYL", "PROP_NAME": "WALL_THICKNESS", "PROP_VALUE": "3"}, {"COMP_NAME": "fork_l_2", "LIB_NAME": "PORTED_CYL", "PROP_NAME": "WALL_THICKNESS", "PROP_VALUE": "3"}, {"COMP_NAME": "post_r_2", "LIB_NAME": "PORTED_CYL", "PROP_NAME": "WALL_THICKNESS", "PROP_VALUE": "3"}, {"COMP_NAME": "fork_l_3", "LIB_NAME": "PORTED_CYL", "PROP_NAME": "WALL_THICKNESS", "PROP_VALUE": "3"}, {"COMP_NAME": "post_l_4", "LIB_NAME": "PORTED_CYL", "PROP_NAME": "WALL_THICKNESS", "PROP_VALUE": "3"}, {"COMP_NAME": "post_l_5", "LIB_NAME": "PORTED_CYL", "PROP_NAME": "WALL_THICKNESS", "PROP_VALUE": "3"}, {"COMP_NAME": "fork_post_mp_1_prop", "LIB_NAME": "62x5_2_3200_46_1150", "PROP_NAME": "Weight", "PROP_VALUE": "0.831"}, {"COMP_NAME": "fork_post_mp_1_prop", "LIB_NAME": "62x5_2_3200_46_1150", "PROP_NAME": "HUB_THICKNESS", "PROP_VALUE": "118.10999999999999"}, {"COMP_NAME": "fork_post_mp_1_prop", "LIB_NAME": "62x5_2_3200_46_1150", "PROP_NAME": "PITCH", "PROP_VALUE": "127.0"}, {"COMP_NAME": "fork_post_mp_1_prop", "LIB_NAME": "62x5_2_3200_46_1150", "PROP_NAME": "MODEL", "PROP_VALUE": "62x5_2_3200_46_1150"}, {"COMP_NAME": "fork_post_mp_1_prop", "LIB_NAME": "62x5_2_3200_46_1150", "PROP_NAME": "DIAMETER", "PROP_VALUE": "1574.8"}, {"COMP_NAME": "fork_post_mp_1_prop", "LIB_NAME": "62x5_2_3200_46_1150", "PROP_NAME": "Performance_File", "PROP_VALUE": "62x5_2_3200_46_1150.dat"}, {"COMP_NAME": "fork_post_mp_1_prop", "LIB_NAME": "62x5_2_3200_46_1150", "PROP_NAME": "SHAFT_DIAMETER", "PROP_VALUE": "47"}, {"COMP_NAME": "fork_post_mp_3_motor", "LIB_NAME": "MAGiDRIVE150", "PROP_NAME": "LENGTH", "PROP_VALUE": "140.0"}, {"COMP_NAME": "fork_post_mp_3_motor", "LIB_NAME": "MAGiDRIVE150", "PROP_NAME": "ESC_BEC_Class", "PROP_VALUE": "nan"}, {"COMP_NAME": "fork_post_mp_3_motor", "LIB_NAME": "MAGiDRIVE150", "PROP_NAME": "WEIGHT", "PROP_VALUE": "35.0"}, {"COMP_NAME": "fork_post_mp_3_motor", "LIB_NAME": "MAGiDRIVE150", "PROP_NAME": "COST", "PROP_VALUE": "0"}, {"COMP_NAME": "fork_post_mp_3_motor", "LIB_NAME": "MAGiDRIVE150", "PROP_NAME": "KV", "PROP_VALUE": "5.25"}, {"COMP_NAME": "fork_post_mp_3_motor", "LIB_NAME": "MAGiDRIVE150", "PROP_NAME": "Poles", "PROP_VALUE": "nan"}, {"COMP_NAME": "fork_post_mp_3_motor", "LIB_NAME": "MAGiDRIVE150", "PROP_NAME": "Max_Cells", "PROP_VALUE": "217"}, {"COMP_NAME": "fork_post_mp_3_motor", "LIB_NAME": "MAGiDRIVE150", "PROP_NAME": "CAN_DIAMETER", "PROP_VALUE": "381.0"}, {"COMP_NAME": "fork_post_mp_3_motor", "LIB_NAME": "MAGiDRIVE150", "PROP_NAME": "KM", "PROP_VALUE": "1.5752254154908345"}, {"COMP_NAME": "fork_post_mp_3_motor", "LIB_NAME": "MAGiDRIVE150", "PROP_NAME": "MODEL", "PROP_VALUE": "MAGiDRIVE150"}, {"COMP_NAME": "fork_post_mp_3_motor", "LIB_NAME": "MAGiDRIVE150", "PROP_NAME": "ADAPTER_LENGTH", "PROP_VALUE": "nan"}, {"COMP_NAME": "fork_post_mp_3_motor", "LIB_NAME": "MAGiDRIVE150", "PROP_NAME": "KT", "PROP_VALUE": "1.8189136353359467"}, {"COMP_NAME": "fork_post_mp_3_motor", "LIB_NAME": "MAGiDRIVE150", "PROP_NAME": "ADAPTER_DIAMETER", "PROP_VALUE": "nan"}, {"COMP_NAME": "fork_post_mp_3_motor", "LIB_NAME": "MAGiDRIVE150", "PROP_NAME": "Min_Cells", "PROP_VALUE": "108"}, {"COMP_NAME": "fork_post_mp_3_motor", "LIB_NAME": "MAGiDRIVE150", "PROP_NAME": "PROP_SIZE_REC", "PROP_VALUE": "nan"}, {"COMP_NAME": "fork_post_mp_3_motor", "LIB_NAME": "MAGiDRIVE150", "PROP_NAME": "INTERNAL_RESISTANCE", "PROP_VALUE": "1333.3333333333333"}, {"COMP_NAME": "fork_post_mp_3_motor", "LIB_NAME": "MAGiDRIVE150", "PROP_NAME": "MAX_CURRENT", "PROP_VALUE": "300.0"}, {"COMP_NAME": "fork_post_mp_3_motor", "LIB_NAME": "MAGiDRIVE150", "PROP_NAME": "MAX_POWER", "PROP_VALUE": "120000.0"}, {"COMP_NAME": "fork_post_mp_3_motor", "LIB_NAME": "MAGiDRIVE150", "PROP_NAME": "SHAFT_DIAMETER", "PROP_VALUE": "47.0"}, {"COMP_NAME": "fork_post_mp_3_motor", "LIB_NAME": "MAGiDRIVE150", "PROP_NAME": "CAN_LENGTH", "PROP_VALUE": "130.0"}, {"COMP_NAME": "fork_post_mp_3_motor", "LIB_NAME": "MAGiDRIVE150", "PROP_NAME": "IO_IDLE_CURRENT_10V", "PROP_VALUE": "8.16"}, {"COMP_NAME": "fork_post_mp_3_motor", "LIB_NAME": "MAGiDRIVE150", "PROP_NAME": "PROP_PITCH_REC", "PROP_VALUE": "nan"}, {"COMP_NAME": "fork_post_mp_3_motor", "LIB_NAME": "MAGiDRIVE150", "PROP_NAME": "TOTAL_LENGTH", "PROP_VALUE": "203.0"}, {"COMP_NAME": "fork_post_mp_4_prop", "LIB_NAME": "62x5_2_3200_46_1150", "PROP_NAME": "Weight", "PROP_VALUE": "0.831"}, {"COMP_NAME": "fork_post_mp_4_prop", "LIB_NAME": "62x5_2_3200_46_1150", "PROP_NAME": "HUB_THICKNESS", "PROP_VALUE": "118.10999999999999"}, {"COMP_NAME": "fork_post_mp_4_prop", "LIB_NAME": "62x5_2_3200_46_1150", "PROP_NAME": "PITCH", "PROP_VALUE": "127.0"}, {"COMP_NAME": "fork_post_mp_4_prop", "LIB_NAME": "62x5_2_3200_46_1150", "PROP_NAME": "MODEL", "PROP_VALUE": "62x5_2_3200_46_1150"}, {"COMP_NAME": "fork_post_mp_4_prop", "LIB_NAME": "62x5_2_3200_46_1150", "PROP_NAME": "DIAMETER", "PROP_VALUE": "1574.8"}, {"COMP_NAME": "fork_post_mp_4_prop", "LIB_NAME": "62x5_2_3200_46_1150", "PROP_NAME": "Performance_File", "PROP_VALUE": "62x5_2_3200_46_1150.dat"}, {"COMP_NAME": "fork_post_mp_4_prop", "LIB_NAME": "62x5_2_3200_46_1150", "PROP_NAME": "SHAFT_DIAMETER", "PROP_VALUE": "47"}, {"COMP_NAME": "fork_post_mp_5_prop", "LIB_NAME": "62x5_2_3200_46_1150", "PROP_NAME": "Weight", "PROP_VALUE": "0.831"}, {"COMP_NAME": "fork_post_mp_5_prop", "LIB_NAME": "62x5_2_3200_46_1150", "PROP_NAME": "HUB_THICKNESS", "PROP_VALUE": "118.10999999999999"}, {"COMP_NAME": "fork_post_mp_5_prop", "LIB_NAME": "62x5_2_3200_46_1150", "PROP_NAME": "PITCH", "PROP_VALUE": "127.0"}, {"COMP_NAME": "fork_post_mp_5_prop", "LIB_NAME": "62x5_2_3200_46_1150", "PROP_NAME": "MODEL", "PROP_VALUE": "62x5_2_3200_46_1150"}, {"COMP_NAME": "fork_post_mp_5_prop", "LIB_NAME": "62x5_2_3200_46_1150", "PROP_NAME": "DIAMETER", "PROP_VALUE": "1574.8"}, {"COMP_NAME": "fork_post_mp_5_prop", "LIB_NAME": "62x5_2_3200_46_1150", "PROP_NAME": "Performance_File", "PROP_VALUE": "62x5_2_3200_46_1150.dat"}, {"COMP_NAME": "fork_post_mp_5_prop", "LIB_NAME": "62x5_2_3200_46_1150", "PROP_NAME": "SHAFT_DIAMETER", "PROP_VALUE": "47"}, {"COMP_NAME": "fork_post_mp_7_prop", "LIB_NAME": "62x5_2_3200_46_1150", "PROP_NAME": "Weight", "PROP_VALUE": "0.831"}, {"COMP_NAME": "fork_post_mp_7_prop", "LIB_NAME": "62x5_2_3200_46_1150", "PROP_NAME": "HUB_THICKNESS", "PROP_VALUE": "118.10999999999999"}, {"COMP_NAME": "fork_post_mp_7_prop", "LIB_NAME": "62x5_2_3200_46_1150", "PROP_NAME": "PITCH", "PROP_VALUE": "127.0"}, {"COMP_NAME": "fork_post_mp_7_prop", "LIB_NAME": "62x5_2_3200_46_1150", "PROP_NAME": "MODEL", "PROP_VALUE": "62x5_2_3200_46_1150"}, {"COMP_NAME": "fork_post_mp_7_prop", "LIB_NAME": "62x5_2_3200_46_1150", "PROP_NAME": "DIAMETER", "PROP_VALUE": "1574.8"}, {"COMP_NAME": "fork_post_mp_7_prop", "LIB_NAME": "62x5_2_3200_46_1150", "PROP_NAME": "Performance_File", "PROP_VALUE": "62x5_2_3200_46_1150.dat"}, {"COMP_NAME": "fork_post_mp_7_prop", "LIB_NAME": "62x5_2_3200_46_1150", "PROP_NAME": "SHAFT_DIAMETER", "PROP_VALUE": "47"}, {"COMP_NAME": "tail_tbar_post_mp_motor", "LIB_NAME": "MAGiDRIVE150", "PROP_NAME": "LENGTH", "PROP_VALUE": "140.0"}, {"COMP_NAME": "tail_tbar_post_mp_motor", "LIB_NAME": "MAGiDRIVE150", "PROP_NAME": "ESC_BEC_Class", "PROP_VALUE": "nan"}, {"COMP_NAME": "tail_tbar_post_mp_motor", "LIB_NAME": "MAGiDRIVE150", "PROP_NAME": "WEIGHT", "PROP_VALUE": "35.0"}, {"COMP_NAME": "tail_tbar_post_mp_motor", "LIB_NAME": "MAGiDRIVE150", "PROP_NAME": "COST", "PROP_VALUE": "0"}, {"COMP_NAME": "tail_tbar_post_mp_motor", "LIB_NAME": "MAGiDRIVE150", "PROP_NAME": "KV", "PROP_VALUE": "5.25"}, {"COMP_NAME": "tail_tbar_post_mp_motor", "LIB_NAME": "MAGiDRIVE150", "PROP_NAME": "Poles", "PROP_VALUE": "nan"}, {"COMP_NAME": "tail_tbar_post_mp_motor", "LIB_NAME": "MAGiDRIVE150", "PROP_NAME": "Max_Cells", "PROP_VALUE": "217"}, {"COMP_NAME": "tail_tbar_post_mp_motor", "LIB_NAME": "MAGiDRIVE150", "PROP_NAME": "CAN_DIAMETER", "PROP_VALUE": "381.0"}, {"COMP_NAME": "tail_tbar_post_mp_motor", "LIB_NAME": "MAGiDRIVE150", "PROP_NAME": "KM", "PROP_VALUE": "1.5752254154908345"}, {"COMP_NAME": "tail_tbar_post_mp_motor", "LIB_NAME": "MAGiDRIVE150", "PROP_NAME": "MODEL", "PROP_VALUE": "MAGiDRIVE150"}, {"COMP_NAME": "tail_tbar_post_mp_motor", "LIB_NAME": "MAGiDRIVE150", "PROP_NAME": "ADAPTER_LENGTH", "PROP_VALUE": "nan"}, {"COMP_NAME": "tail_tbar_post_mp_motor", "LIB_NAME": "MAGiDRIVE150", "PROP_NAME": "KT", "PROP_VALUE": "1.8189136353359467"}, {"COMP_NAME": "tail_tbar_post_mp_motor", "LIB_NAME": "MAGiDRIVE150", "PROP_NAME": "ADAPTER_DIAMETER", "PROP_VALUE": "nan"}, {"COMP_NAME": "tail_tbar_post_mp_motor", "LIB_NAME": "MAGiDRIVE150", "PROP_NAME": "Min_Cells", "PROP_VALUE": "108"}, {"COMP_NAME": "tail_tbar_post_mp_motor", "LIB_NAME": "MAGiDRIVE150", "PROP_NAME": "PROP_SIZE_REC", "PROP_VALUE": "nan"}, {"COMP_NAME": "tail_tbar_post_mp_motor", "LIB_NAME": "MAGiDRIVE150", "PROP_NAME": "INTERNAL_RESISTANCE", "PROP_VALUE": "1333.3333333333333"}, {"COMP_NAME": "tail_tbar_post_mp_motor", "LIB_NAME": "MAGiDRIVE150", "PROP_NAME": "MAX_CURRENT", "PROP_VALUE": "300.0"}, {"COMP_NAME": "tail_tbar_post_mp_motor", "LIB_NAME": "MAGiDRIVE150", "PROP_NAME": "MAX_POWER", "PROP_VALUE": "120000.0"}, {"COMP_NAME": "tail_tbar_post_mp_motor", "LIB_NAME": "MAGiDRIVE150", "PROP_NAME": "SHAFT_DIAMETER", "PROP_VALUE": "47.0"}, {"COMP_NAME": "tail_tbar_post_mp_motor", "LIB_NAME": "MAGiDRIVE150", "PROP_NAME": "CAN_LENGTH", "PROP_VALUE": "130.0"}, {"COMP_NAME": "tail_tbar_post_mp_motor", "LIB_NAME": "MAGiDRIVE150", "PROP_NAME": "IO_IDLE_CURRENT_10V", "PROP_VALUE": "8.16"}, {"COMP_NAME": "tail_tbar_post_mp_motor", "LIB_NAME": "MAGiDRIVE150", "PROP_NAME": "PROP_PITCH_REC", "PROP_VALUE": "nan"}, {"COMP_NAME": "tail_tbar_post_mp_motor", "LIB_NAME": "MAGiDRIVE150", "PROP_NAME": "TOTAL_LENGTH", "PROP_VALUE": "203.0"}, {"COMP_NAME": "tail_tbar_post_mp_prop", "LIB_NAME": "62x5_2_3200_46_1150", "PROP_NAME": "Weight", "PROP_VALUE": "0.831"}, {"COMP_NAME": "tail_tbar_post_mp_prop", "LIB_NAME": "62x5_2_3200_46_1150", "PROP_NAME": "HUB_THICKNESS", "PROP_VALUE": "118.10999999999999"}, {"COMP_NAME": "tail_tbar_post_mp_prop", "LIB_NAME": "62x5_2_3200_46_1150", "PROP_NAME": "PITCH", "PROP_VALUE": "127.0"}, {"COMP_NAME": "tail_tbar_post_mp_prop", "LIB_NAME": "62x5_2_3200_46_1150", "PROP_NAME": "MODEL", "PROP_VALUE": "62x5_2_3200_46_1150"}, {"COMP_NAME": "tail_tbar_post_mp_prop", "LIB_NAME": "62x5_2_3200_46_1150", "PROP_NAME": "DIAMETER", "PROP_VALUE": "1574.8"}, {"COMP_NAME": "tail_tbar_post_mp_prop", "LIB_NAME": "62x5_2_3200_46_1150", "PROP_NAME": "Performance_File", "PROP_VALUE": "62x5_2_3200_46_1150.dat"}, {"COMP_NAME": "tail_tbar_post_mp_prop", "LIB_NAME": "62x5_2_3200_46_1150", "PROP_NAME": "SHAFT_DIAMETER", "PROP_VALUE": "47"}, {"COMP_NAME": "cross_tower_middle_TOP", "LIB_NAME": "PORTED_CYL", "PROP_NAME": "WALL_THICKNESS", "PROP_VALUE": "3"}, {"COMP_NAME": "cross_tower_middle_RIGHT", "LIB_NAME": "PORTED_CYL", "PROP_NAME": "WALL_THICKNESS", "PROP_VALUE": "3"}]