[{"COMP_NAME": "left_battery", "LIB_NAME": "VitalyBeta", "PROP_NAME": "VOLTAGE_REQUEST", "PROP_VALUE": "800"}, {"COMP_NAME": "left_battery", "LIB_NAME": "VitalyBeta", "PROP_NAME": "CHORD_1", "PROP_VALUE": "1000"}, {"COMP_NAME": "left_battery", "LIB_NAME": "VitalyBeta", "PROP_NAME": "VOLUME_PERCENT", "PROP_VALUE": "100"}, {"COMP_NAME": "left_battery", "LIB_NAME": "VitalyBeta", "PROP_NAME": "CHORD_2", "PROP_VALUE": "1000"}, {"COMP_NAME": "left_battery", "LIB_NAME": "VitalyBeta", "PROP_NAME": "TAPER_OFFSET", "PROP_VALUE": "0"}, {"COMP_NAME": "left_battery", "LIB_NAME": "VitalyBeta", "PROP_NAME": "SPAN", "PROP_VALUE": "10000"}, {"COMP_NAME": "left_battery", "LIB_NAME": "VitalyBeta", "PROP_NAME": "THICKNESS", "PROP_VALUE": "200"}, {"COMP_NAME": "left_battery", "LIB_NAME": "VitalyBeta", "PROP_NAME": "MOUNT_SIDE", "PROP_VALUE": "1"}, {"COMP_NAME": "post_l_2", "LIB_NAME": "PORTED_CYL", "PROP_NAME": "RIGHT_CONN_DISP", "PROP_VALUE": "0"}, {"COMP_NAME": "post_l_2", "LIB_NAME": "PORTED_CYL", "PROP_NAME": "LENGTH", "PROP_VALUE": "5000"}, {"COMP_NAME": "post_l_2", "LIB_NAME": "PORTED_CYL", "PROP_NAME": "TOP_CONN_DISP", "PROP_VALUE": "0"}, {"COMP_NAME": "post_l_2", "LIB_NAME": "PORTED_CYL", "PROP_NAME": "DIAMETER", "PROP_VALUE": "200"}, {"COMP_NAME": "post_l_2", "LIB_NAME": "PORTED_CYL", "PROP_NAME": "PORT_THICKNESS", "PROP_VALUE": "100"}, {"COMP_NAME": "post_l_2", "LIB_NAME": "PORTED_CYL", "PROP_NAME": "LEFT_CONN_DISP", "PROP_VALUE": "0"}, {"COMP_NAME": "post_l_2", "LIB_NAME": "PORTED_CYL", "PROP_NAME": "FRONT_ANGLE", "PROP_VALUE": "0"}, {"COMP_NAME": "post_l_2", "LIB_NAME": "PORTED_CYL", "PROP_NAME": "BOTTOM_CONN_DISP", "PROP_VALUE": "0"}, {"COMP_NAME": "right_battery", "LIB_NAME": "VitalyBeta", "PROP_NAME": "VOLTAGE_REQUEST", "PROP_VALUE": "800"}, {"COMP_NAME": "right_battery", "LIB_NAME": "VitalyBeta", "PROP_NAME": "CHORD_1", "PROP_VALUE": "1000"}, {"COMP_NAME": "right_battery", "LIB_NAME": "VitalyBeta", "PROP_NAME": "VOLUME_PERCENT", "PROP_VALUE": "100"}, {"COMP_NAME": "right_battery", "LIB_NAME": "VitalyBeta", "PROP_NAME": "CHORD_2", "PROP_VALUE": "1000"}, {"COMP_NAME": "right_battery", "LIB_NAME": "VitalyBeta", "PROP_NAME": "TAPER_OFFSET", "PROP_VALUE": "0"}, {"COMP_NAME": "right_battery", "LIB_NAME": "VitalyBeta", "PROP_NAME": "SPAN", "PROP_VALUE": "10000"}, {"COMP_NAME": "right_battery", "LIB_NAME": "VitalyBeta", "PROP_NAME": "THICKNESS", "PROP_VALUE": "200"}, {"COMP_NAME": "right_battery", "LIB_NAME": "VitalyBeta", "PROP_NAME": "MOUNT_SIDE", "PROP_VALUE": "1"}, {"COMP_NAME": "post_l_3", "LIB_NAME": "PORTED_CYL", "PROP_NAME": "RIGHT_CONN_DISP", "PROP_VALUE": "0"}, {"COMP_NAME": "post_l_3", "LIB_NAME": "PORTED_CYL", "PROP_NAME": "LENGTH", "PROP_VALUE": "5000"}, {"COMP_NAME": "post_l_3", "LIB_NAME": "PORTED_CYL", "PROP_NAME": "TOP_CONN_DISP", "PROP_VALUE": "0"}, {"COMP_NAME": "post_l_3", "LIB_NAME": "PORTED_CYL", "PROP_NAME": "DIAMETER", "PROP_VALUE": "200"}, {"COMP_NAME": "post_l_3", "LIB_NAME": "PORTED_CYL", "PROP_NAME": "PORT_THICKNESS", "PROP_VALUE": "100"}, {"COMP_NAME": "post_l_3", "LIB_NAME": "PORTED_CYL", "PROP_NAME": "LEFT_CONN_DISP", "PROP_VALUE": "0"}, {"COMP_NAME": "post_l_3", "LIB_NAME": "PORTED_CYL", "PROP_NAME": "FRONT_ANGLE", "PROP_VALUE": "0"}, {"COMP_NAME": "post_l_3", "LIB_NAME": "PORTED_CYL", "PROP_NAME": "BOTTOM_CONN_DISP", "PROP_VALUE": "0"}, {"COMP_NAME": "fuselage", "LIB_NAME": "FUSE_SPHERE_CYL_CONE", "PROP_NAME": "RIGHT_PORT_DISP", "PROP_VALUE": "0"}, {"COMP_NAME": "fuselage", "LIB_NAME": "FUSE_SPHERE_CYL_CONE", "PROP_NAME": "SEAT_2_LR", "PROP_VALUE": "200"}, {"COMP_NAME": "fuselage", "LIB_NAME": "FUSE_SPHERE_CYL_CONE", "PROP_NAME": "TAIL_DIAMETER", "PROP_VALUE": "200"}, {"COMP_NAME": "fuselage", "LIB_NAME": "FUSE_SPHERE_CYL_CONE", "PROP_NAME": "SPHERE_DIAMETER", "PROP_VALUE": "1520"}, {"COMP_NAME": "fuselage", "LIB_NAME": "FUSE_SPHERE_CYL_CONE", "PROP_NAME": "LENGTH", "PROP_VALUE": "2000"}, {"COMP_NAME": "fuselage", "LIB_NAME": "FUSE_SPHERE_CYL_CONE", "PROP_NAME": "TOP_PORT_DISP", "PROP_VALUE": "0"}, {"COMP_NAME": "fuselage", "LIB_NAME": "FUSE_SPHERE_CYL_CONE", "PROP_NAME": "SEAT_1_FB", "PROP_VALUE": "1000"}, {"COMP_NAME": "fuselage", "LIB_NAME": "FUSE_SPHERE_CYL_CONE", "PROP_NAME": "SEAT_2_FB", "PROP_VALUE": "1000"}, {"COMP_NAME": "fuselage", "LIB_NAME": "FUSE_SPHERE_CYL_CONE", "PROP_NAME": "BOTTOM_PORT_DISP", "PROP_VALUE": "0"}, {"COMP_NAME": "fuselage", "LIB_NAME": "FUSE_SPHERE_CYL_CONE", "PROP_NAME": "MIDDLE_LENGTH", "PROP_VALUE": "750"}, {"COMP_NAME": "fuselage", "LIB_NAME": "FUSE_SPHERE_CYL_CONE", "PROP_NAME": "LEFT_PORT_DISP", "PROP_VALUE": "0"}, {"COMP_NAME": "fuselage", "LIB_NAME": "FUSE_SPHERE_CYL_CONE", "PROP_NAME": "SEAT_1_LR", "PROP_VALUE": "-200"}, {"COMP_NAME": "fuselage", "LIB_NAME": "FUSE_SPHERE_CYL_CONE", "PROP_NAME": "PORT_THICKNESS", "PROP_VALUE": "100"}, {"COMP_NAME": "fuselage", "LIB_NAME": "FUSE_SPHERE_CYL_CONE", "PROP_NAME": "FLOOR_HEIGHT", "PROP_VALUE": "150"}, {"COMP_NAME": "battery_controller", "LIB_NAME": "BatteryController", "PROP_NAME": "Output_Voltage", "PROP_VALUE": "1"}, {"COMP_NAME": "battery_controller", "LIB_NAME": "BatteryController", "PROP_NAME": "Input_Voltage", "PROP_VALUE": "1"}, {"COMP_NAME": "fork_l_1", "LIB_NAME": "PORTED_CYL", "PROP_NAME": "RIGHT_CONN_DISP", "PROP_VALUE": "0"}, {"COMP_NAME": "fork_l_1", "LIB_NAME": "PORTED_CYL", "PROP_NAME": "LENGTH", "PROP_VALUE": "5000"}, {"COMP_NAME": "fork_l_1", "LIB_NAME": "PORTED_CYL", "PROP_NAME": "TOP_CONN_DISP", "PROP_VALUE": "0"}, {"COMP_NAME": "fork_l_1", "LIB_NAME": "PORTED_CYL", "PROP_NAME": "DIAMETER", "PROP_VALUE": "200"}, {"COMP_NAME": "fork_l_1", "LIB_NAME": "PORTED_CYL", "PROP_NAME": "PORT_THICKNESS", "PROP_VALUE": "100"}, {"COMP_NAME": "fork_l_1", "LIB_NAME": "PORTED_CYL", "PROP_NAME": "LEFT_CONN_DISP", "PROP_VALUE": "0"}, {"COMP_NAME": "fork_l_1", "LIB_NAME": "PORTED_CYL", "PROP_NAME": "FRONT_ANGLE", "PROP_VALUE": "0"}, {"COMP_NAME": "fork_l_1", "LIB_NAME": "PORTED_CYL", "PROP_NAME": "BOTTOM_CONN_DISP", "PROP_VALUE": "0"}, {"COMP_NAME": "post_r_1", "LIB_NAME": "PORTED_CYL", "PROP_NAME": "RIGHT_CONN_DISP", "PROP_VALUE": "0"}, {"COMP_NAME": "post_r_1", "LIB_NAME": "PORTED_CYL", "PROP_NAME": "LENGTH", "PROP_VALUE": "5000"}, {"COMP_NAME": "post_r_1", "LIB_NAME": "PORTED_CYL", "PROP_NAME": "TOP_CONN_DISP", "PROP_VALUE": "0"}, {"COMP_NAME": "post_r_1", "LIB_NAME": "PORTED_CYL", "PROP_NAME": "DIAMETER", "PROP_VALUE": "200"}, {"COMP_NAME": "post_r_1", "LIB_NAME": "PORTED_CYL", "PROP_NAME": "PORT_THICKNESS", "PROP_VALUE": "100"}, {"COMP_NAME": "post_r_1", "LIB_NAME": "PORTED_CYL", "PROP_NAME": "LEFT_CONN_DISP", "PROP_VALUE": "0"}, {"COMP_NAME": "post_r_1", "LIB_NAME": "PORTED_CYL", "PROP_NAME": "FRONT_ANGLE", "PROP_VALUE": "0"}, {"COMP_NAME": "post_r_1", "LIB_NAME": "PORTED_CYL", "PROP_NAME": "BOTTOM_CONN_DISP", "PROP_VALUE": "0"}, {"COMP_NAME": "tbar_post_1", "LIB_NAME": "PORTED_CYL", "PROP_NAME": "RIGHT_CONN_DISP", "PROP_VALUE": "0"}, {"COMP_NAME": "tbar_post_1", "LIB_NAME": "PORTED_CYL", "PROP_NAME": "LENGTH", "PROP_VALUE": "5000"}, {"COMP_NAME": "tbar_post_1", "LIB_NAME": "PORTED_CYL", "PROP_NAME": "TOP_CONN_DISP", "PROP_VALUE": "0"}, {"COMP_NAME": "tbar_post_1", "LIB_NAME": "PORTED_CYL", "PROP_NAME": "DIAMETER", "PROP_VALUE": "200"}, {"COMP_NAME": "tbar_post_1", "LIB_NAME": "PORTED_CYL", "PROP_NAME": "PORT_THICKNESS", "PROP_VALUE": "100"}, {"COMP_NAME": "tbar_post_1", "LIB_NAME": "PORTED_CYL", "PROP_NAME": "LEFT_CONN_DISP", "PROP_VALUE": "0"}, {"COMP_NAME": "tbar_post_1", "LIB_NAME": "PORTED_CYL", "PROP_NAME": "FRONT_ANGLE", "PROP_VALUE": "0"}, {"COMP_NAME": "tbar_post_1", "LIB_NAME": "PORTED_CYL", "PROP_NAME": "BOTTOM_CONN_DISP", "PROP_VALUE": "0"}, {"COMP_NAME": "cylinder_1", "LIB_NAME": "PORTED_CYL", "PROP_NAME": "RIGHT_CONN_DISP", "PROP_VALUE": "0"}, {"COMP_NAME": "cylinder_1", "LIB_NAME": "PORTED_CYL", "PROP_NAME": "LENGTH", "PROP_VALUE": "5000"}, {"COMP_NAME": "cylinder_1", "LIB_NAME": "PORTED_CYL", "PROP_NAME": "TOP_CONN_DISP", "PROP_VALUE": "0"}, {"COMP_NAME": "cylinder_1", "LIB_NAME": "PORTED_CYL", "PROP_NAME": "DIAMETER", "PROP_VALUE": "200"}, {"COMP_NAME": "cylinder_1", "LIB_NAME": "PORTED_CYL", "PROP_NAME": "PORT_THICKNESS", "PROP_VALUE": "100"}, {"COMP_NAME": "cylinder_1", "LIB_NAME": "PORTED_CYL", "PROP_NAME": "LEFT_CONN_DISP", "PROP_VALUE": "0"}, {"COMP_NAME": "cylinder_1", "LIB_NAME": "PORTED_CYL", "PROP_NAME": "FRONT_ANGLE", "PROP_VALUE": "0"}, {"COMP_NAME": "cylinder_1", "LIB_NAME": "PORTED_CYL", "PROP_NAME": "BOTTOM_CONN_DISP", "PROP_VALUE": "0"}, {"COMP_NAME": "t_cross_mp_bottom_prop", "LIB_NAME": "62x5_2_3200_46_1150", "PROP_NAME": "Direction", "PROP_VALUE": "1"}, {"COMP_NAME": "t_cross_mp_bottom_prop", "LIB_NAME": "62x5_2_3200_46_1150", "PROP_NAME": "Prop_type", "PROP_VALUE": "1"}, {"COMP_NAME": "post_l_1", "LIB_NAME": "PORTED_CYL", "PROP_NAME": "RIGHT_CONN_DISP", "PROP_VALUE": "0"}, {"COMP_NAME": "post_l_1", "LIB_NAME": "PORTED_CYL", "PROP_NAME": "LENGTH", "PROP_VALUE": "5000"}, {"COMP_NAME": "post_l_1", "LIB_NAME": "PORTED_CYL", "PROP_NAME": "TOP_CONN_DISP", "PROP_VALUE": "0"}, {"COMP_NAME": "post_l_1", "LIB_NAME": "PORTED_CYL", "PROP_NAME": "DIAMETER", "PROP_VALUE": "200"}, {"COMP_NAME": "post_l_1", "LIB_NAME": "PORTED_CYL", "PROP_NAME": "PORT_THICKNESS", "PROP_VALUE": "100"}, {"COMP_NAME": "post_l_1", "LIB_NAME": "PORTED_CYL", "PROP_NAME": "LEFT_CONN_DISP", "PROP_VALUE": "0"}, {"COMP_NAME": "post_l_1", "LIB_NAME": "PORTED_CYL", "PROP_NAME": "FRONT_ANGLE", "PROP_VALUE": "0"}, {"COMP_NAME": "post_l_1", "LIB_NAME": "PORTED_CYL", "PROP_NAME": "BOTTOM_CONN_DISP", "PROP_VALUE": "0"}, {"COMP_NAME": "fork_r_3", "LIB_NAME": "PORTED_CYL", "PROP_NAME": "RIGHT_CONN_DISP", "PROP_VALUE": "0"}, {"COMP_NAME": "fork_r_3", "LIB_NAME": "PORTED_CYL", "PROP_NAME": "LENGTH", "PROP_VALUE": "5000"}, {"COMP_NAME": "fork_r_3", "LIB_NAME": "PORTED_CYL", "PROP_NAME": "TOP_CONN_DISP", "PROP_VALUE": "0"}, {"COMP_NAME": "fork_r_3", "LIB_NAME": "PORTED_CYL", "PROP_NAME": "DIAMETER", "PROP_VALUE": "200"}, {"COMP_NAME": "fork_r_3", "LIB_NAME": "PORTED_CYL", "PROP_NAME": "PORT_THICKNESS", "PROP_VALUE": "100"}, {"COMP_NAME": "fork_r_3", "LIB_NAME": "PORTED_CYL", "PROP_NAME": "LEFT_CONN_DISP", "PROP_VALUE": "0"}, {"COMP_NAME": "fork_r_3", "LIB_NAME": "PORTED_CYL", "PROP_NAME": "FRONT_ANGLE", "PROP_VALUE": "0"}, {"COMP_NAME": "fork_r_3", "LIB_NAME": "PORTED_CYL", "PROP_NAME": "BOTTOM_CONN_DISP", "PROP_VALUE": "0"}, {"COMP_NAME": "cylinder_2", "LIB_NAME": "PORTED_CYL", "PROP_NAME": "RIGHT_CONN_DISP", "PROP_VALUE": "0"}, {"COMP_NAME": "cylinder_2", "LIB_NAME": "PORTED_CYL", "PROP_NAME": "LENGTH", "PROP_VALUE": "5000"}, {"COMP_NAME": "cylinder_2", "LIB_NAME": "PORTED_CYL", "PROP_NAME": "TOP_CONN_DISP", "PROP_VALUE": "0"}, {"COMP_NAME": "cylinder_2", "LIB_NAME": "PORTED_CYL", "PROP_NAME": "DIAMETER", "PROP_VALUE": "200"}, {"COMP_NAME": "cylinder_2", "LIB_NAME": "PORTED_CYL", "PROP_NAME": "PORT_THICKNESS", "PROP_VALUE": "100"}, {"COMP_NAME": "cylinder_2", "LIB_NAME": "PORTED_CYL", "PROP_NAME": "LEFT_CONN_DISP", "PROP_VALUE": "0"}, {"COMP_NAME": "cylinder_2", "LIB_NAME": "PORTED_CYL", "PROP_NAME": "FRONT_ANGLE", "PROP_VALUE": "0"}, {"COMP_NAME": "cylinder_2", "LIB_NAME": "PORTED_CYL", "PROP_NAME": "BOTTOM_CONN_DISP", "PROP_VALUE": "0"}, {"COMP_NAME": "fork_post_mp_3_prop", "LIB_NAME": "62x5_2_3200_46_1150", "PROP_NAME": "Direction", "PROP_VALUE": "1"}, {"COMP_NAME": "fork_post_mp_3_prop", "LIB_NAME": "62x5_2_3200_46_1150", "PROP_NAME": "Prop_type", "PROP_VALUE": "1"}, {"COMP_NAME": "fork_r_4", "LIB_NAME": "PORTED_CYL", "PROP_NAME": "RIGHT_CONN_DISP", "PROP_VALUE": "0"}, {"COMP_NAME": "fork_r_4", "LIB_NAME": "PORTED_CYL", "PROP_NAME": "LENGTH", "PROP_VALUE": "5000"}, {"COMP_NAME": "fork_r_4", "LIB_NAME": "PORTED_CYL", "PROP_NAME": "TOP_CONN_DISP", "PROP_VALUE": "0"}, {"COMP_NAME": "fork_r_4", "LIB_NAME": "PORTED_CYL", "PROP_NAME": "DIAMETER", "PROP_VALUE": "200"}, {"COMP_NAME": "fork_r_4", "LIB_NAME": "PORTED_CYL", "PROP_NAME": "PORT_THICKNESS", "PROP_VALUE": "100"}, {"COMP_NAME": "fork_r_4", "LIB_NAME": "PORTED_CYL", "PROP_NAME": "LEFT_CONN_DISP", "PROP_VALUE": "0"}, {"COMP_NAME": "fork_r_4", "LIB_NAME": "PORTED_CYL", "PROP_NAME": "FRONT_ANGLE", "PROP_VALUE": "0"}, {"COMP_NAME": "fork_r_4", "LIB_NAME": "PORTED_CYL", "PROP_NAME": "BOTTOM_CONN_DISP", "PROP_VALUE": "0"}, {"COMP_NAME": "post_r_4", "LIB_NAME": "PORTED_CYL", "PROP_NAME": "RIGHT_CONN_DISP", "PROP_VALUE": "0"}, {"COMP_NAME": "post_r_4", "LIB_NAME": "PORTED_CYL", "PROP_NAME": "LENGTH", "PROP_VALUE": "5000"}, {"COMP_NAME": "post_r_4", "LIB_NAME": "PORTED_CYL", "PROP_NAME": "TOP_CONN_DISP", "PROP_VALUE": "0"}, {"COMP_NAME": "post_r_4", "LIB_NAME": "PORTED_CYL", "PROP_NAME": "DIAMETER", "PROP_VALUE": "200"}, {"COMP_NAME": "post_r_4", "LIB_NAME": "PORTED_CYL", "PROP_NAME": "PORT_THICKNESS", "PROP_VALUE": "100"}, {"COMP_NAME": "post_r_4", "LIB_NAME": "PORTED_CYL", "PROP_NAME": "LEFT_CONN_DISP", "PROP_VALUE": "0"}, {"COMP_NAME": "post_r_4", "LIB_NAME": "PORTED_CYL", "PROP_NAME": "FRONT_ANGLE", "PROP_VALUE": "0"}, {"COMP_NAME": "post_r_4", "LIB_NAME": "PORTED_CYL", "PROP_NAME": "BOTTOM_CONN_DISP", "PROP_VALUE": "0"}, {"COMP_NAME": "fork_l_5", "LIB_NAME": "PORTED_CYL", "PROP_NAME": "RIGHT_CONN_DISP", "PROP_VALUE": "0"}, {"COMP_NAME": "fork_l_5", "LIB_NAME": "PORTED_CYL", "PROP_NAME": "LENGTH", "PROP_VALUE": "5000"}, {"COMP_NAME": "fork_l_5", "LIB_NAME": "PORTED_CYL", "PROP_NAME": "TOP_CONN_DISP", "PROP_VALUE": "0"}, {"COMP_NAME": "fork_l_5", "LIB_NAME": "PORTED_CYL", "PROP_NAME": "DIAMETER", "PROP_VALUE": "200"}, {"COMP_NAME": "fork_l_5", "LIB_NAME": "PORTED_CYL", "PROP_NAME": "PORT_THICKNESS", "PROP_VALUE": "100"}, {"COMP_NAME": "fork_l_5", "LIB_NAME": "PORTED_CYL", "PROP_NAME": "LEFT_CONN_DISP", "PROP_VALUE": "0"}, {"COMP_NAME": "fork_l_5", "LIB_NAME": "PORTED_CYL", "PROP_NAME": "FRONT_ANGLE", "PROP_VALUE": "0"}, {"COMP_NAME": "fork_l_5", "LIB_NAME": "PORTED_CYL", "PROP_NAME": "BOTTOM_CONN_DISP", "PROP_VALUE": "0"}, {"COMP_NAME": "post_r_3", "LIB_NAME": "PORTED_CYL", "PROP_NAME": "RIGHT_CONN_DISP", "PROP_VALUE": "0"}, {"COMP_NAME": "post_r_3", "LIB_NAME": "PORTED_CYL", "PROP_NAME": "LENGTH", "PROP_VALUE": "5000"}, {"COMP_NAME": "post_r_3", "LIB_NAME": "PORTED_CYL", "PROP_NAME": "TOP_CONN_DISP", "PROP_VALUE": "0"}, {"COMP_NAME": "post_r_3", "LIB_NAME": "PORTED_CYL", "PROP_NAME": "DIAMETER", "PROP_VALUE": "200"}, {"COMP_NAME": "post_r_3", "LIB_NAME": "PORTED_CYL", "PROP_NAME": "PORT_THICKNESS", "PROP_VALUE": "100"}, {"COMP_NAME": "post_r_3", "LIB_NAME": "PORTED_CYL", "PROP_NAME": "LEFT_CONN_DISP", "PROP_VALUE": "0"}, {"COMP_NAME": "post_r_3", "LIB_NAME": "PORTED_CYL", "PROP_NAME": "FRONT_ANGLE", "PROP_VALUE": "0"}, {"COMP_NAME": "post_r_3", "LIB_NAME": "PORTED_CYL", "PROP_NAME": "BOTTOM_CONN_DISP", "PROP_VALUE": "0"}, {"COMP_NAME": "post_r_5", "LIB_NAME": "PORTED_CYL", "PROP_NAME": "RIGHT_CONN_DISP", "PROP_VALUE": "0"}, {"COMP_NAME": "post_r_5", "LIB_NAME": "PORTED_CYL", "PROP_NAME": "LENGTH", "PROP_VALUE": "5000"}, {"COMP_NAME": "post_r_5", "LIB_NAME": "PORTED_CYL", "PROP_NAME": "TOP_CONN_DISP", "PROP_VALUE": "0"}, {"COMP_NAME": "post_r_5", "LIB_NAME": "PORTED_CYL", "PROP_NAME": "DIAMETER", "PROP_VALUE": "200"}, {"COMP_NAME": "post_r_5", "LIB_NAME": "PORTED_CYL", "PROP_NAME": "PORT_THICKNESS", "PROP_VALUE": "100"}, {"COMP_NAME": "post_r_5", "LIB_NAME": "PORTED_CYL", "PROP_NAME": "LEFT_CONN_DISP", "PROP_VALUE": "0"}, {"COMP_NAME": "post_r_5", "LIB_NAME": "PORTED_CYL", "PROP_NAME": "FRONT_ANGLE", "PROP_VALUE": "0"}, {"COMP_NAME": "post_r_5", "LIB_NAME": "PORTED_CYL", "PROP_NAME": "BOTTOM_CONN_DISP", "PROP_VALUE": "0"}, {"COMP_NAME": "fork_l_4", "LIB_NAME": "PORTED_CYL", "PROP_NAME": "RIGHT_CONN_DISP", "PROP_VALUE": "0"}, {"COMP_NAME": "fork_l_4", "LIB_NAME": "PORTED_CYL", "PROP_NAME": "LENGTH", "PROP_VALUE": "5000"}, {"COMP_NAME": "fork_l_4", "LIB_NAME": "PORTED_CYL", "PROP_NAME": "TOP_CONN_DISP", "PROP_VALUE": "0"}, {"COMP_NAME": "fork_l_4", "LIB_NAME": "PORTED_CYL", "PROP_NAME": "DIAMETER", "PROP_VALUE": "200"}, {"COMP_NAME": "fork_l_4", "LIB_NAME": "PORTED_CYL", "PROP_NAME": "PORT_THICKNESS", "PROP_VALUE": "100"}, {"COMP_NAME": "fork_l_4", "LIB_NAME": "PORTED_CYL", "PROP_NAME": "LEFT_CONN_DISP", "PROP_VALUE": "0"}, {"COMP_NAME": "fork_l_4", "LIB_NAME": "PORTED_CYL", "PROP_NAME": "FRONT_ANGLE", "PROP_VALUE": "0"}, {"COMP_NAME": "fork_l_4", "LIB_NAME": "PORTED_CYL", "PROP_NAME": "BOTTOM_CONN_DISP", "PROP_VALUE": "0"}, {"COMP_NAME": "fork_post_mp_8_prop", "LIB_NAME": "62x5_2_3200_46_1150", "PROP_NAME": "Direction", "PROP_VALUE": "1"}, {"COMP_NAME": "fork_post_mp_8_prop", "LIB_NAME": "62x5_2_3200_46_1150", "PROP_NAME": "Prop_type", "PROP_VALUE": "1"}, {"COMP_NAME": "fork_r_5", "LIB_NAME": "PORTED_CYL", "PROP_NAME": "RIGHT_CONN_DISP", "PROP_VALUE": "0"}, {"COMP_NAME": "fork_r_5", "LIB_NAME": "PORTED_CYL", "PROP_NAME": "LENGTH", "PROP_VALUE": "5000"}, {"COMP_NAME": "fork_r_5", "LIB_NAME": "PORTED_CYL", "PROP_NAME": "TOP_CONN_DISP", "PROP_VALUE": "0"}, {"COMP_NAME": "fork_r_5", "LIB_NAME": "PORTED_CYL", "PROP_NAME": "DIAMETER", "PROP_VALUE": "200"}, {"COMP_NAME": "fork_r_5", "LIB_NAME": "PORTED_CYL", "PROP_NAME": "PORT_THICKNESS", "PROP_VALUE": "100"}, {"COMP_NAME": "fork_r_5", "LIB_NAME": "PORTED_CYL", "PROP_NAME": "LEFT_CONN_DISP", "PROP_VALUE": "0"}, {"COMP_NAME": "fork_r_5", "LIB_NAME": "PORTED_CYL", "PROP_NAME": "FRONT_ANGLE", "PROP_VALUE": "0"}, {"COMP_NAME": "fork_r_5", "LIB_NAME": "PORTED_CYL", "PROP_NAME": "BOTTOM_CONN_DISP", "PROP_VALUE": "0"}, {"COMP_NAME": "fork_post_mp_10_motor", "LIB_NAME": "MAGiDRIVE150", "PROP_NAME": "CONTROL_CHANNEL", "PROP_VALUE": "1"}, {"COMP_NAME": "t_post_mp_bottom_motor", "LIB_NAME": "MAGiDRIVE150", "PROP_NAME": "CONTROL_CHANNEL", "PROP_VALUE": "1"}, {"COMP_NAME": "t_post_mp_bottom_prop", "LIB_NAME": "62x5_2_3200_46_1150", "PROP_NAME": "Direction", "PROP_VALUE": "1"}, {"COMP_NAME": "t_post_mp_bottom_prop", "LIB_NAME": "62x5_2_3200_46_1150", "PROP_NAME": "Prop_type", "PROP_VALUE": "1"}, {"COMP_NAME": "fork_post_mp_2_prop", "LIB_NAME": "62x5_2_3200_46_1150", "PROP_NAME": "Direction", "PROP_VALUE": "1"}, {"COMP_NAME": "fork_post_mp_2_prop", "LIB_NAME": "62x5_2_3200_46_1150", "PROP_NAME": "Prop_type", "PROP_VALUE": "1"}, {"COMP_NAME": "wing_pair_1_r", "LIB_NAME": "naca_wing", "PROP_NAME": "THICKNESS", "PROP_VALUE": "12"}, {"COMP_NAME": "wing_pair_1_r", "LIB_NAME": "naca_wing", "PROP_NAME": "FLAP_BIAS", "PROP_VALUE": "0.5"}, {"COMP_NAME": "wing_pair_1_r", "LIB_NAME": "naca_wing", "PROP_NAME": "CHORD_1", "PROP_VALUE": "1000"}, {"COMP_NAME": "wing_pair_1_r", "LIB_NAME": "naca_wing", "PROP_NAME": "LOAD", "PROP_VALUE": "1.28106e+011"}, {"COMP_NAME": "wing_pair_1_r", "LIB_NAME": "naca_wing", "PROP_NAME": "AILERON_BIAS", "PROP_VALUE": "0.5"}, {"COMP_NAME": "wing_pair_1_r", "LIB_NAME": "naca_wing", "PROP_NAME": "TAPER_OFFSET", "PROP_VALUE": "0"}, {"COMP_NAME": "wing_pair_1_r", "LIB_NAME": "naca_wing", "PROP_NAME": "CHORD_2", "PROP_VALUE": "1000"}, {"COMP_NAME": "wing_pair_1_r", "LIB_NAME": "naca_wing", "PROP_NAME": "SPAN", "PROP_VALUE": "10000"}, {"COMP_NAME": "wing_pair_1_r", "LIB_NAME": "naca_wing", "PROP_NAME": "NACA_Profile", "PROP_VALUE": "0012"}, {"COMP_NAME": "tail_tbar_cross_mp_motor", "LIB_NAME": "MAGiDRIVE150", "PROP_NAME": "CONTROL_CHANNEL", "PROP_VALUE": "1"}, {"COMP_NAME": "fork_post_mp_1_motor", "LIB_NAME": "MAGiDRIVE150", "PROP_NAME": "CONTROL_CHANNEL", "PROP_VALUE": "1"}, {"COMP_NAME": "fork_post_mp_2_motor", "LIB_NAME": "MAGiDRIVE150", "PROP_NAME": "CONTROL_CHANNEL", "PROP_VALUE": "1"}, {"COMP_NAME": "tail_tbar_cross_mp_prop", "LIB_NAME": "62x5_2_3200_46_1150", "PROP_NAME": "Direction", "PROP_VALUE": "1"}, {"COMP_NAME": "tail_tbar_cross_mp_prop", "LIB_NAME": "62x5_2_3200_46_1150", "PROP_NAME": "Prop_type", "PROP_VALUE": "1"}, {"COMP_NAME": "fork_post_mp_6_motor", "LIB_NAME": "MAGiDRIVE150", "PROP_NAME": "CONTROL_CHANNEL", "PROP_VALUE": "1"}, {"COMP_NAME": "fork_post_mp_4_motor", "LIB_NAME": "MAGiDRIVE150", "PROP_NAME": "CONTROL_CHANNEL", "PROP_VALUE": "1"}, {"COMP_NAME": "fork_post_mp_7_motor", "LIB_NAME": "MAGiDRIVE150", "PROP_NAME": "CONTROL_CHANNEL", "PROP_VALUE": "1"}, {"COMP_NAME": "fork_post_mp_9_prop", "LIB_NAME": "62x5_2_3200_46_1150", "PROP_NAME": "Direction", "PROP_VALUE": "1"}, {"COMP_NAME": "fork_post_mp_9_prop", "LIB_NAME": "62x5_2_3200_46_1150", "PROP_NAME": "Prop_type", "PROP_VALUE": "1"}, {"COMP_NAME": "cross_tower_bottom_RIGHT", "LIB_NAME": "PORTED_CYL", "PROP_NAME": "RIGHT_CONN_DISP", "PROP_VALUE": "0"}, {"COMP_NAME": "cross_tower_bottom_RIGHT", "LIB_NAME": "PORTED_CYL", "PROP_NAME": "LENGTH", "PROP_VALUE": "5000"}, {"COMP_NAME": "cross_tower_bottom_RIGHT", "LIB_NAME": "PORTED_CYL", "PROP_NAME": "TOP_CONN_DISP", "PROP_VALUE": "0"}, {"COMP_NAME": "cross_tower_bottom_RIGHT", "LIB_NAME": "PORTED_CYL", "PROP_NAME": "DIAMETER", "PROP_VALUE": "200"}, {"COMP_NAME": "cross_tower_bottom_RIGHT", "LIB_NAME": "PORTED_CYL", "PROP_NAME": "PORT_THICKNESS", "PROP_VALUE": "100"}, {"COMP_NAME": "cross_tower_bottom_RIGHT", "LIB_NAME": "PORTED_CYL", "PROP_NAME": "LEFT_CONN_DISP", "PROP_VALUE": "0"}, {"COMP_NAME": "cross_tower_bottom_RIGHT", "LIB_NAME": "PORTED_CYL", "PROP_NAME": "FRONT_ANGLE", "PROP_VALUE": "0"}, {"COMP_NAME": "cross_tower_bottom_RIGHT", "LIB_NAME": "PORTED_CYL", "PROP_NAME": "BOTTOM_CONN_DISP", "PROP_VALUE": "0"}, {"COMP_NAME": "cross_tower_middle", "LIB_NAME": "PORTED_CYL", "PROP_NAME": "RIGHT_CONN_DISP", "PROP_VALUE": "0"}, {"COMP_NAME": "cross_tower_middle", "LIB_NAME": "PORTED_CYL", "PROP_NAME": "LENGTH", "PROP_VALUE": "5000"}, {"COMP_NAME": "cross_tower_middle", "LIB_NAME": "PORTED_CYL", "PROP_NAME": "TOP_CONN_DISP", "PROP_VALUE": "0"}, {"COMP_NAME": "cross_tower_middle", "LIB_NAME": "PORTED_CYL", "PROP_NAME": "DIAMETER", "PROP_VALUE": "200"}, {"COMP_NAME": "cross_tower_middle", "LIB_NAME": "PORTED_CYL", "PROP_NAME": "PORT_THICKNESS", "PROP_VALUE": "100"}, {"COMP_NAME": "cross_tower_middle", "LIB_NAME": "PORTED_CYL", "PROP_NAME": "LEFT_CONN_DISP", "PROP_VALUE": "0"}, {"COMP_NAME": "cross_tower_middle", "LIB_NAME": "PORTED_CYL", "PROP_NAME": "FRONT_ANGLE", "PROP_VALUE": "0"}, {"COMP_NAME": "cross_tower_middle", "LIB_NAME": "PORTED_CYL", "PROP_NAME": "BOTTOM_CONN_DISP", "PROP_VALUE": "0"}, {"COMP_NAME": "wing_pair_1", "LIB_NAME": "PORTED_CYL", "PROP_NAME": "RIGHT_CONN_DISP", "PROP_VALUE": "0"}, {"COMP_NAME": "wing_pair_1", "LIB_NAME": "PORTED_CYL", "PROP_NAME": "LENGTH", "PROP_VALUE": "5000"}, {"COMP_NAME": "wing_pair_1", "LIB_NAME": "PORTED_CYL", "PROP_NAME": "TOP_CONN_DISP", "PROP_VALUE": "0"}, {"COMP_NAME": "wing_pair_1", "LIB_NAME": "PORTED_CYL", "PROP_NAME": "DIAMETER", "PROP_VALUE": "200"}, {"COMP_NAME": "wing_pair_1", "LIB_NAME": "PORTED_CYL", "PROP_NAME": "PORT_THICKNESS", "PROP_VALUE": "100"}, {"COMP_NAME": "wing_pair_1", "LIB_NAME": "PORTED_CYL", "PROP_NAME": "LEFT_CONN_DISP", "PROP_VALUE": "0"}, {"COMP_NAME": "wing_pair_1", "LIB_NAME": "PORTED_CYL", "PROP_NAME": "FRONT_ANGLE", "PROP_VALUE": "0"}, {"COMP_NAME": "wing_pair_1", "LIB_NAME": "PORTED_CYL", "PROP_NAME": "BOTTOM_CONN_DISP", "PROP_VALUE": "0"}, {"COMP_NAME": "tbar_cross_2", "LIB_NAME": "PORTED_CYL", "PROP_NAME": "RIGHT_CONN_DISP", "PROP_VALUE": "0"}, {"COMP_NAME": "tbar_cross_2", "LIB_NAME": "PORTED_CYL", "PROP_NAME": "LENGTH", "PROP_VALUE": "5000"}, {"COMP_NAME": "tbar_cross_2", "LIB_NAME": "PORTED_CYL", "PROP_NAME": "TOP_CONN_DISP", "PROP_VALUE": "0"}, {"COMP_NAME": "tbar_cross_2", "LIB_NAME": "PORTED_CYL", "PROP_NAME": "DIAMETER", "PROP_VALUE": "200"}, {"COMP_NAME": "tbar_cross_2", "LIB_NAME": "PORTED_CYL", "PROP_NAME": "PORT_THICKNESS", "PROP_VALUE": "100"}, {"COMP_NAME": "tbar_cross_2", "LIB_NAME": "PORTED_CYL", "PROP_NAME": "LEFT_CONN_DISP", "PROP_VALUE": "0"}, {"COMP_NAME": "tbar_cross_2", "LIB_NAME": "PORTED_CYL", "PROP_NAME": "FRONT_ANGLE", "PROP_VALUE": "0"}, {"COMP_NAME": "tbar_cross_2", "LIB_NAME": "PORTED_CYL", "PROP_NAME": "BOTTOM_CONN_DISP", "PROP_VALUE": "0"}, {"COMP_NAME": "cross_tower_middle_LEFT", "LIB_NAME": "PORTED_CYL", "PROP_NAME": "RIGHT_CONN_DISP", "PROP_VALUE": "0"}, {"COMP_NAME": "cross_tower_middle_LEFT", "LIB_NAME": "PORTED_CYL", "PROP_NAME": "LENGTH", "PROP_VALUE": "5000"}, {"COMP_NAME": "cross_tower_middle_LEFT", "LIB_NAME": "PORTED_CYL", "PROP_NAME": "TOP_CONN_DISP", "PROP_VALUE": "0"}, {"COMP_NAME": "cross_tower_middle_LEFT", "LIB_NAME": "PORTED_CYL", "PROP_NAME": "DIAMETER", "PROP_VALUE": "200"}, {"COMP_NAME": "cross_tower_middle_LEFT", "LIB_NAME": "PORTED_CYL", "PROP_NAME": "PORT_THICKNESS", "PROP_VALUE": "100"}, {"COMP_NAME": "cross_tower_middle_LEFT", "LIB_NAME": "PORTED_CYL", "PROP_NAME": "LEFT_CONN_DISP", "PROP_VALUE": "0"}, {"COMP_NAME": "cross_tower_middle_LEFT", "LIB_NAME": "PORTED_CYL", "PROP_NAME": "FRONT_ANGLE", "PROP_VALUE": "0"}, {"COMP_NAME": "cross_tower_middle_LEFT", "LIB_NAME": "PORTED_CYL", "PROP_NAME": "BOTTOM_CONN_DISP", "PROP_VALUE": "0"}, {"COMP_NAME": "cross_tower_top_TOP", "LIB_NAME": "PORTED_CYL", "PROP_NAME": "RIGHT_CONN_DISP", "PROP_VALUE": "0"}, {"COMP_NAME": "cross_tower_top_TOP", "LIB_NAME": "PORTED_CYL", "PROP_NAME": "LENGTH", "PROP_VALUE": "5000"}, {"COMP_NAME": "cross_tower_top_TOP", "LIB_NAME": "PORTED_CYL", "PROP_NAME": "TOP_CONN_DISP", "PROP_VALUE": "0"}, {"COMP_NAME": "cross_tower_top_TOP", "LIB_NAME": "PORTED_CYL", "PROP_NAME": "DIAMETER", "PROP_VALUE": "200"}, {"COMP_NAME": "cross_tower_top_TOP", "LIB_NAME": "PORTED_CYL", "PROP_NAME": "PORT_THICKNESS", "PROP_VALUE": "100"}, {"COMP_NAME": "cross_tower_top_TOP", "LIB_NAME": "PORTED_CYL", "PROP_NAME": "LEFT_CONN_DISP", "PROP_VALUE": "0"}, {"COMP_NAME": "cross_tower_top_TOP", "LIB_NAME": "PORTED_CYL", "PROP_NAME": "FRONT_ANGLE", "PROP_VALUE": "0"}, {"COMP_NAME": "cross_tower_top_TOP", "LIB_NAME": "PORTED_CYL", "PROP_NAME": "BOTTOM_CONN_DISP", "PROP_VALUE": "0"}, {"COMP_NAME": "cross_tower_top_LEFT", "LIB_NAME": "PORTED_CYL", "PROP_NAME": "RIGHT_CONN_DISP", "PROP_VALUE": "0"}, {"COMP_NAME": "cross_tower_top_LEFT", "LIB_NAME": "PORTED_CYL", "PROP_NAME": "LENGTH", "PROP_VALUE": "5000"}, {"COMP_NAME": "cross_tower_top_LEFT", "LIB_NAME": "PORTED_CYL", "PROP_NAME": "TOP_CONN_DISP", "PROP_VALUE": "0"}, {"COMP_NAME": "cross_tower_top_LEFT", "LIB_NAME": "PORTED_CYL", "PROP_NAME": "DIAMETER", "PROP_VALUE": "200"}, {"COMP_NAME": "cross_tower_top_LEFT", "LIB_NAME": "PORTED_CYL", "PROP_NAME": "PORT_THICKNESS", "PROP_VALUE": "100"}, {"COMP_NAME": "cross_tower_top_LEFT", "LIB_NAME": "PORTED_CYL", "PROP_NAME": "LEFT_CONN_DISP", "PROP_VALUE": "0"}, {"COMP_NAME": "cross_tower_top_LEFT", "LIB_NAME": "PORTED_CYL", "PROP_NAME": "FRONT_ANGLE", "PROP_VALUE": "0"}, {"COMP_NAME": "cross_tower_top_LEFT", "LIB_NAME": "PORTED_CYL", "PROP_NAME": "BOTTOM_CONN_DISP", "PROP_VALUE": "0"}, {"COMP_NAME": "cross_tower_top_RIGHT", "LIB_NAME": "PORTED_CYL", "PROP_NAME": "RIGHT_CONN_DISP", "PROP_VALUE": "0"}, {"COMP_NAME": "cross_tower_top_RIGHT", "LIB_NAME": "PORTED_CYL", "PROP_NAME": "LENGTH", "PROP_VALUE": "5000"}, {"COMP_NAME": "cross_tower_top_RIGHT", "LIB_NAME": "PORTED_CYL", "PROP_NAME": "TOP_CONN_DISP", "PROP_VALUE": "0"}, {"COMP_NAME": "cross_tower_top_RIGHT", "LIB_NAME": "PORTED_CYL", "PROP_NAME": "DIAMETER", "PROP_VALUE": "200"}, {"COMP_NAME": "cross_tower_top_RIGHT", "LIB_NAME": "PORTED_CYL", "PROP_NAME": "PORT_THICKNESS", "PROP_VALUE": "100"}, {"COMP_NAME": "cross_tower_top_RIGHT", "LIB_NAME": "PORTED_CYL", "PROP_NAME": "LEFT_CONN_DISP", "PROP_VALUE": "0"}, {"COMP_NAME": "cross_tower_top_RIGHT", "LIB_NAME": "PORTED_CYL", "PROP_NAME": "FRONT_ANGLE", "PROP_VALUE": "0"}, {"COMP_NAME": "cross_tower_top_RIGHT", "LIB_NAME": "PORTED_CYL", "PROP_NAME": "BOTTOM_CONN_DISP", "PROP_VALUE": "0"}, {"COMP_NAME": "wing_pair_1_l", "LIB_NAME": "naca_wing", "PROP_NAME": "THICKNESS", "PROP_VALUE": "12"}, {"COMP_NAME": "wing_pair_1_l", "LIB_NAME": "naca_wing", "PROP_NAME": "FLAP_BIAS", "PROP_VALUE": "0.5"}, {"COMP_NAME": "wing_pair_1_l", "LIB_NAME": "naca_wing", "PROP_NAME": "CHORD_1", "PROP_VALUE": "1000"}, {"COMP_NAME": "wing_pair_1_l", "LIB_NAME": "naca_wing", "PROP_NAME": "LOAD", "PROP_VALUE": "1.28106e+011"}, {"COMP_NAME": "wing_pair_1_l", "LIB_NAME": "naca_wing", "PROP_NAME": "AILERON_BIAS", "PROP_VALUE": "0.5"}, {"COMP_NAME": "wing_pair_1_l", "LIB_NAME": "naca_wing", "PROP_NAME": "TAPER_OFFSET", "PROP_VALUE": "0"}, {"COMP_NAME": "wing_pair_1_l", "LIB_NAME": "naca_wing", "PROP_NAME": "CHORD_2", "PROP_VALUE": "1000"}, {"COMP_NAME": "wing_pair_1_l", "LIB_NAME": "naca_wing", "PROP_NAME": "SPAN", "PROP_VALUE": "10000"}, {"COMP_NAME": "wing_pair_1_l", "LIB_NAME": "naca_wing", "PROP_NAME": "NACA_Profile", "PROP_VALUE": "0012"}, {"COMP_NAME": "cross_tower_bottom", "LIB_NAME": "PORTED_CYL", "PROP_NAME": "RIGHT_CONN_DISP", "PROP_VALUE": "0"}, {"COMP_NAME": "cross_tower_bottom", "LIB_NAME": "PORTED_CYL", "PROP_NAME": "LENGTH", "PROP_VALUE": "5000"}, {"COMP_NAME": "cross_tower_bottom", "LIB_NAME": "PORTED_CYL", "PROP_NAME": "TOP_CONN_DISP", "PROP_VALUE": "0"}, {"COMP_NAME": "cross_tower_bottom", "LIB_NAME": "PORTED_CYL", "PROP_NAME": "DIAMETER", "PROP_VALUE": "200"}, {"COMP_NAME": "cross_tower_bottom", "LIB_NAME": "PORTED_CYL", "PROP_NAME": "PORT_THICKNESS", "PROP_VALUE": "100"}, {"COMP_NAME": "cross_tower_bottom", "LIB_NAME": "PORTED_CYL", "PROP_NAME": "LEFT_CONN_DISP", "PROP_VALUE": "0"}, {"COMP_NAME": "cross_tower_bottom", "LIB_NAME": "PORTED_CYL", "PROP_NAME": "FRONT_ANGLE", "PROP_VALUE": "0"}, {"COMP_NAME": "cross_tower_bottom", "LIB_NAME": "PORTED_CYL", "PROP_NAME": "BOTTOM_CONN_DISP", "PROP_VALUE": "0"}, {"COMP_NAME": "cylinder_0", "LIB_NAME": "PORTED_CYL", "PROP_NAME": "RIGHT_CONN_DISP", "PROP_VALUE": "0"}, {"COMP_NAME": "cylinder_0", "LIB_NAME": "PORTED_CYL", "PROP_NAME": "LENGTH", "PROP_VALUE": "5000"}, {"COMP_NAME": "cylinder_0", "LIB_NAME": "PORTED_CYL", "PROP_NAME": "TOP_CONN_DISP", "PROP_VALUE": "0"}, {"COMP_NAME": "cylinder_0", "LIB_NAME": "PORTED_CYL", "PROP_NAME": "DIAMETER", "PROP_VALUE": "200"}, {"COMP_NAME": "cylinder_0", "LIB_NAME": "PORTED_CYL", "PROP_NAME": "PORT_THICKNESS", "PROP_VALUE": "100"}, {"COMP_NAME": "cylinder_0", "LIB_NAME": "PORTED_CYL", "PROP_NAME": "LEFT_CONN_DISP", "PROP_VALUE": "0"}, {"COMP_NAME": "cylinder_0", "LIB_NAME": "PORTED_CYL", "PROP_NAME": "FRONT_ANGLE", "PROP_VALUE": "0"}, {"COMP_NAME": "cylinder_0", "LIB_NAME": "PORTED_CYL", "PROP_NAME": "BOTTOM_CONN_DISP", "PROP_VALUE": "0"}, {"COMP_NAME": "tbar_cross_1", "LIB_NAME": "PORTED_CYL", "PROP_NAME": "RIGHT_CONN_DISP", "PROP_VALUE": "0"}, {"COMP_NAME": "tbar_cross_1", "LIB_NAME": "PORTED_CYL", "PROP_NAME": "LENGTH", "PROP_VALUE": "5000"}, {"COMP_NAME": "tbar_cross_1", "LIB_NAME": "PORTED_CYL", "PROP_NAME": "TOP_CONN_DISP", "PROP_VALUE": "0"}, {"COMP_NAME": "tbar_cross_1", "LIB_NAME": "PORTED_CYL", "PROP_NAME": "DIAMETER", "PROP_VALUE": "200"}, {"COMP_NAME": "tbar_cross_1", "LIB_NAME": "PORTED_CYL", "PROP_NAME": "PORT_THICKNESS", "PROP_VALUE": "100"}, {"COMP_NAME": "tbar_cross_1", "LIB_NAME": "PORTED_CYL", "PROP_NAME": "LEFT_CONN_DISP", "PROP_VALUE": "0"}, {"COMP_NAME": "tbar_cross_1", "LIB_NAME": "PORTED_CYL", "PROP_NAME": "FRONT_ANGLE", "PROP_VALUE": "0"}, {"COMP_NAME": "tbar_cross_1", "LIB_NAME": "PORTED_CYL", "PROP_NAME": "BOTTOM_CONN_DISP", "PROP_VALUE": "0"}, {"COMP_NAME": "cross_tower_middle_BOTTOM", "LIB_NAME": "PORTED_CYL", "PROP_NAME": "RIGHT_CONN_DISP", "PROP_VALUE": "0"}, {"COMP_NAME": "cross_tower_middle_BOTTOM", "LIB_NAME": "PORTED_CYL", "PROP_NAME": "LENGTH", "PROP_VALUE": "5000"}, {"COMP_NAME": "cross_tower_middle_BOTTOM", "LIB_NAME": "PORTED_CYL", "PROP_NAME": "TOP_CONN_DISP", "PROP_VALUE": "0"}, {"COMP_NAME": "cross_tower_middle_BOTTOM", "LIB_NAME": "PORTED_CYL", "PROP_NAME": "DIAMETER", "PROP_VALUE": "200"}, {"COMP_NAME": "cross_tower_middle_BOTTOM", "LIB_NAME": "PORTED_CYL", "PROP_NAME": "PORT_THICKNESS", "PROP_VALUE": "100"}, {"COMP_NAME": "cross_tower_middle_BOTTOM", "LIB_NAME": "PORTED_CYL", "PROP_NAME": "LEFT_CONN_DISP", "PROP_VALUE": "0"}, {"COMP_NAME": "cross_tower_middle_BOTTOM", "LIB_NAME": "PORTED_CYL", "PROP_NAME": "FRONT_ANGLE", "PROP_VALUE": "0"}, {"COMP_NAME": "cross_tower_middle_BOTTOM", "LIB_NAME": "PORTED_CYL", "PROP_NAME": "BOTTOM_CONN_DISP", "PROP_VALUE": "0"}, {"COMP_NAME": "fork_r_2", "LIB_NAME": "PORTED_CYL", "PROP_NAME": "RIGHT_CONN_DISP", "PROP_VALUE": "0"}, {"COMP_NAME": "fork_r_2", "LIB_NAME": "PORTED_CYL", "PROP_NAME": "LENGTH", "PROP_VALUE": "5000"}, {"COMP_NAME": "fork_r_2", "LIB_NAME": "PORTED_CYL", "PROP_NAME": "TOP_CONN_DISP", "PROP_VALUE": "0"}, {"COMP_NAME": "fork_r_2", "LIB_NAME": "PORTED_CYL", "PROP_NAME": "DIAMETER", "PROP_VALUE": "200"}, {"COMP_NAME": "fork_r_2", "LIB_NAME": "PORTED_CYL", "PROP_NAME": "PORT_THICKNESS", "PROP_VALUE": "100"}, {"COMP_NAME": "fork_r_2", "LIB_NAME": "PORTED_CYL", "PROP_NAME": "LEFT_CONN_DISP", "PROP_VALUE": "0"}, {"COMP_NAME": "fork_r_2", "LIB_NAME": "PORTED_CYL", "PROP_NAME": "FRONT_ANGLE", "PROP_VALUE": "0"}, {"COMP_NAME": "fork_r_2", "LIB_NAME": "PORTED_CYL", "PROP_NAME": "BOTTOM_CONN_DISP", "PROP_VALUE": "0"}, {"COMP_NAME": "cross_tower_top_BOTTOM", "LIB_NAME": "PORTED_CYL", "PROP_NAME": "RIGHT_CONN_DISP", "PROP_VALUE": "0"}, {"COMP_NAME": "cross_tower_top_BOTTOM", "LIB_NAME": "PORTED_CYL", "PROP_NAME": "LENGTH", "PROP_VALUE": "5000"}, {"COMP_NAME": "cross_tower_top_BOTTOM", "LIB_NAME": "PORTED_CYL", "PROP_NAME": "TOP_CONN_DISP", "PROP_VALUE": "0"}, {"COMP_NAME": "cross_tower_top_BOTTOM", "LIB_NAME": "PORTED_CYL", "PROP_NAME": "DIAMETER", "PROP_VALUE": "200"}, {"COMP_NAME": "cross_tower_top_BOTTOM", "LIB_NAME": "PORTED_CYL", "PROP_NAME": "PORT_THICKNESS", "PROP_VALUE": "100"}, {"COMP_NAME": "cross_tower_top_BOTTOM", "LIB_NAME": "PORTED_CYL", "PROP_NAME": "LEFT_CONN_DISP", "PROP_VALUE": "0"}, {"COMP_NAME": "cross_tower_top_BOTTOM", "LIB_NAME": "PORTED_CYL", "PROP_NAME": "FRONT_ANGLE", "PROP_VALUE": "0"}, {"COMP_NAME": "cross_tower_top_BOTTOM", "LIB_NAME": "PORTED_CYL", "PROP_NAME": "BOTTOM_CONN_DISP", "PROP_VALUE": "0"}, {"COMP_NAME": "fork_post_mp_5_motor", "LIB_NAME": "MAGiDRIVE150", "PROP_NAME": "CONTROL_CHANNEL", "PROP_VALUE": "1"}, {"COMP_NAME": "cylinder_3", "LIB_NAME": "PORTED_CYL", "PROP_NAME": "RIGHT_CONN_DISP", "PROP_VALUE": "0"}, {"COMP_NAME": "cylinder_3", "LIB_NAME": "PORTED_CYL", "PROP_NAME": "LENGTH", "PROP_VALUE": "5000"}, {"COMP_NAME": "cylinder_3", "LIB_NAME": "PORTED_CYL", "PROP_NAME": "TOP_CONN_DISP", "PROP_VALUE": "0"}, {"COMP_NAME": "cylinder_3", "LIB_NAME": "PORTED_CYL", "PROP_NAME": "DIAMETER", "PROP_VALUE": "200"}, {"COMP_NAME": "cylinder_3", "LIB_NAME": "PORTED_CYL", "PROP_NAME": "PORT_THICKNESS", "PROP_VALUE": "100"}, {"COMP_NAME": "cylinder_3", "LIB_NAME": "PORTED_CYL", "PROP_NAME": "LEFT_CONN_DISP", "PROP_VALUE": "0"}, {"COMP_NAME": "cylinder_3", "LIB_NAME": "PORTED_CYL", "PROP_NAME": "FRONT_ANGLE", "PROP_VALUE": "0"}, {"COMP_NAME": "cylinder_3", "LIB_NAME": "PORTED_CYL", "PROP_NAME": "BOTTOM_CONN_DISP", "PROP_VALUE": "0"}, {"COMP_NAME": "fork_post_mp_6_prop", "LIB_NAME": "62x5_2_3200_46_1150", "PROP_NAME": "Direction", "PROP_VALUE": "1"}, {"COMP_NAME": "fork_post_mp_6_prop", "LIB_NAME": "62x5_2_3200_46_1150", "PROP_NAME": "Prop_type", "PROP_VALUE": "1"}, {"COMP_NAME": "fork_post_mp_8_motor", "LIB_NAME": "MAGiDRIVE150", "PROP_NAME": "CONTROL_CHANNEL", "PROP_VALUE": "1"}, {"COMP_NAME": "fork_post_mp_9_motor", "LIB_NAME": "MAGiDRIVE150", "PROP_NAME": "CONTROL_CHANNEL", "PROP_VALUE": "1"}, {"COMP_NAME": "t_cross_mp_bottom_motor", "LIB_NAME": "MAGiDRIVE150", "PROP_NAME": "CONTROL_CHANNEL", "PROP_VALUE": "1"}, {"COMP_NAME": "fork_post_mp_10_prop", "LIB_NAME": "62x5_2_3200_46_1150", "PROP_NAME": "Direction", "PROP_VALUE": "1"}, {"COMP_NAME": "fork_post_mp_10_prop", "LIB_NAME": "62x5_2_3200_46_1150", "PROP_NAME": "Prop_type", "PROP_VALUE": "1"}, {"COMP_NAME": "cross_tower_bottom_LEFT", "LIB_NAME": "PORTED_CYL", "PROP_NAME": "RIGHT_CONN_DISP", "PROP_VALUE": "0"}, {"COMP_NAME": "cross_tower_bottom_LEFT", "LIB_NAME": "PORTED_CYL", "PROP_NAME": "LENGTH", "PROP_VALUE": "5000"}, {"COMP_NAME": "cross_tower_bottom_LEFT", "LIB_NAME": "PORTED_CYL", "PROP_NAME": "TOP_CONN_DISP", "PROP_VALUE": "0"}, {"COMP_NAME": "cross_tower_bottom_LEFT", "LIB_NAME": "PORTED_CYL", "PROP_NAME": "DIAMETER", "PROP_VALUE": "200"}, {"COMP_NAME": "cross_tower_bottom_LEFT", "LIB_NAME": "PORTED_CYL", "PROP_NAME": "PORT_THICKNESS", "PROP_VALUE": "100"}, {"COMP_NAME": "cross_tower_bottom_LEFT", "LIB_NAME": "PORTED_CYL", "PROP_NAME": "LEFT_CONN_DISP", "PROP_VALUE": "0"}, {"COMP_NAME": "cross_tower_bottom_LEFT", "LIB_NAME": "PORTED_CYL", "PROP_NAME": "FRONT_ANGLE", "PROP_VALUE": "0"}, {"COMP_NAME": "cross_tower_bottom_LEFT", "LIB_NAME": "PORTED_CYL", "PROP_NAME": "BOTTOM_CONN_DISP", "PROP_VALUE": "0"}, {"COMP_NAME": "cross_tower_top", "LIB_NAME": "PORTED_CYL", "PROP_NAME": "RIGHT_CONN_DISP", "PROP_VALUE": "0"}, {"COMP_NAME": "cross_tower_top", "LIB_NAME": "PORTED_CYL", "PROP_NAME": "LENGTH", "PROP_VALUE": "5000"}, {"COMP_NAME": "cross_tower_top", "LIB_NAME": "PORTED_CYL", "PROP_NAME": "TOP_CONN_DISP", "PROP_VALUE": "0"}, {"COMP_NAME": "cross_tower_top", "LIB_NAME": "PORTED_CYL", "PROP_NAME": "DIAMETER", "PROP_VALUE": "200"}, {"COMP_NAME": "cross_tower_top", "LIB_NAME": "PORTED_CYL", "PROP_NAME": "PORT_THICKNESS", "PROP_VALUE": "100"}, {"COMP_NAME": "cross_tower_top", "LIB_NAME": "PORTED_CYL", "PROP_NAME": "LEFT_CONN_DISP", "PROP_VALUE": "0"}, {"COMP_NAME": "cross_tower_top", "LIB_NAME": "PORTED_CYL", "PROP_NAME": "FRONT_ANGLE", "PROP_VALUE": "0"}, {"COMP_NAME": "cross_tower_top", "LIB_NAME": "PORTED_CYL", "PROP_NAME": "BOTTOM_CONN_DISP", "PROP_VALUE": "0"}, {"COMP_NAME": "tbar_post_2", "LIB_NAME": "PORTED_CYL", "PROP_NAME": "RIGHT_CONN_DISP", "PROP_VALUE": "0"}, {"COMP_NAME": "tbar_post_2", "LIB_NAME": "PORTED_CYL", "PROP_NAME": "LENGTH", "PROP_VALUE": "5000"}, {"COMP_NAME": "tbar_post_2", "LIB_NAME": "PORTED_CYL", "PROP_NAME": "TOP_CONN_DISP", "PROP_VALUE": "0"}, {"COMP_NAME": "tbar_post_2", "LIB_NAME": "PORTED_CYL", "PROP_NAME": "DIAMETER", "PROP_VALUE": "200"}, {"COMP_NAME": "tbar_post_2", "LIB_NAME": "PORTED_CYL", "PROP_NAME": "PORT_THICKNESS", "PROP_VALUE": "100"}, {"COMP_NAME": "tbar_post_2", "LIB_NAME": "PORTED_CYL", "PROP_NAME": "LEFT_CONN_DISP", "PROP_VALUE": "0"}, {"COMP_NAME": "tbar_post_2", "LIB_NAME": "PORTED_CYL", "PROP_NAME": "FRONT_ANGLE", "PROP_VALUE": "0"}, {"COMP_NAME": "tbar_post_2", "LIB_NAME": "PORTED_CYL", "PROP_NAME": "BOTTOM_CONN_DISP", "PROP_VALUE": "0"}, {"COMP_NAME": "cross_tower_bottom_TOP", "LIB_NAME": "PORTED_CYL", "PROP_NAME": "RIGHT_CONN_DISP", "PROP_VALUE": "0"}, {"COMP_NAME": "cross_tower_bottom_TOP", "LIB_NAME": "PORTED_CYL", "PROP_NAME": "LENGTH", "PROP_VALUE": "5000"}, {"COMP_NAME": "cross_tower_bottom_TOP", "LIB_NAME": "PORTED_CYL", "PROP_NAME": "TOP_CONN_DISP", "PROP_VALUE": "0"}, {"COMP_NAME": "cross_tower_bottom_TOP", "LIB_NAME": "PORTED_CYL", "PROP_NAME": "DIAMETER", "PROP_VALUE": "200"}, {"COMP_NAME": "cross_tower_bottom_TOP", "LIB_NAME": "PORTED_CYL", "PROP_NAME": "PORT_THICKNESS", "PROP_VALUE": "100"}, {"COMP_NAME": "cross_tower_bottom_TOP", "LIB_NAME": "PORTED_CYL", "PROP_NAME": "LEFT_CONN_DISP", "PROP_VALUE": "0"}, {"COMP_NAME": "cross_tower_bottom_TOP", "LIB_NAME": "PORTED_CYL", "PROP_NAME": "FRONT_ANGLE", "PROP_VALUE": "0"}, {"COMP_NAME": "cross_tower_bottom_TOP", "LIB_NAME": "PORTED_CYL", "PROP_NAME": "BOTTOM_CONN_DISP", "PROP_VALUE": "0"}, {"COMP_NAME": "cross_tower_bottom_BOTTOM", "LIB_NAME": "PORTED_CYL", "PROP_NAME": "RIGHT_CONN_DISP", "PROP_VALUE": "0"}, {"COMP_NAME": "cross_tower_bottom_BOTTOM", "LIB_NAME": "PORTED_CYL", "PROP_NAME": "LENGTH", "PROP_VALUE": "5000"}, {"COMP_NAME": "cross_tower_bottom_BOTTOM", "LIB_NAME": "PORTED_CYL", "PROP_NAME": "TOP_CONN_DISP", "PROP_VALUE": "0"}, {"COMP_NAME": "cross_tower_bottom_BOTTOM", "LIB_NAME": "PORTED_CYL", "PROP_NAME": "DIAMETER", "PROP_VALUE": "200"}, {"COMP_NAME": "cross_tower_bottom_BOTTOM", "LIB_NAME": "PORTED_CYL", "PROP_NAME": "PORT_THICKNESS", "PROP_VALUE": "100"}, {"COMP_NAME": "cross_tower_bottom_BOTTOM", "LIB_NAME": "PORTED_CYL", "PROP_NAME": "LEFT_CONN_DISP", "PROP_VALUE": "0"}, {"COMP_NAME": "cross_tower_bottom_BOTTOM", "LIB_NAME": "PORTED_CYL", "PROP_NAME": "FRONT_ANGLE", "PROP_VALUE": "0"}, {"COMP_NAME": "cross_tower_bottom_BOTTOM", "LIB_NAME": "PORTED_CYL", "PROP_NAME": "BOTTOM_CONN_DISP", "PROP_VALUE": "0"}, {"COMP_NAME": "right_wing", "LIB_NAME": "naca_wing", "PROP_NAME": "THICKNESS", "PROP_VALUE": "12"}, {"COMP_NAME": "right_wing", "LIB_NAME": "naca_wing", "PROP_NAME": "FLAP_BIAS", "PROP_VALUE": "0.5"}, {"COMP_NAME": "right_wing", "LIB_NAME": "naca_wing", "PROP_NAME": "CHORD_1", "PROP_VALUE": "1000"}, {"COMP_NAME": "right_wing", "LIB_NAME": "naca_wing", "PROP_NAME": "LOAD", "PROP_VALUE": "1.28106e+011"}, {"COMP_NAME": "right_wing", "LIB_NAME": "naca_wing", "PROP_NAME": "AILERON_BIAS", "PROP_VALUE": "0.5"}, {"COMP_NAME": "right_wing", "LIB_NAME": "naca_wing", "PROP_NAME": "TAPER_OFFSET", "PROP_VALUE": "0"}, {"COMP_NAME": "right_wing", "LIB_NAME": "naca_wing", "PROP_NAME": "CHORD_2", "PROP_VALUE": "1000"}, {"COMP_NAME": "right_wing", "LIB_NAME": "naca_wing", "PROP_NAME": "SPAN", "PROP_VALUE": "10000"}, {"COMP_NAME": "right_wing", "LIB_NAME": "naca_wing", "PROP_NAME": "NACA_Profile", "PROP_VALUE": "0012"}, {"COMP_NAME": "left_wing", "LIB_NAME": "naca_wing", "PROP_NAME": "THICKNESS", "PROP_VALUE": "12"}, {"COMP_NAME": "left_wing", "LIB_NAME": "naca_wing", "PROP_NAME": "FLAP_BIAS", "PROP_VALUE": "0.5"}, {"COMP_NAME": "left_wing", "LIB_NAME": "naca_wing", "PROP_NAME": "CHORD_1", "PROP_VALUE": "1000"}, {"COMP_NAME": "left_wing", "LIB_NAME": "naca_wing", "PROP_NAME": "LOAD", "PROP_VALUE": "1.28106e+011"}, {"COMP_NAME": "left_wing", "LIB_NAME": "naca_wing", "PROP_NAME": "AILERON_BIAS", "PROP_VALUE": "0.5"}, {"COMP_NAME": "left_wing", "LIB_NAME": "naca_wing", "PROP_NAME": "TAPER_OFFSET", "PROP_VALUE": "0"}, {"COMP_NAME": "left_wing", "LIB_NAME": "naca_wing", "PROP_NAME": "CHORD_2", "PROP_VALUE": "1000"}, {"COMP_NAME": "left_wing", "LIB_NAME": "naca_wing", "PROP_NAME": "SPAN", "PROP_VALUE": "10000"}, {"COMP_NAME": "left_wing", "LIB_NAME": "naca_wing", "PROP_NAME": "NACA_Profile", "PROP_VALUE": "0012"}, {"COMP_NAME": "fork_r_1", "LIB_NAME": "PORTED_CYL", "PROP_NAME": "RIGHT_CONN_DISP", "PROP_VALUE": "0"}, {"COMP_NAME": "fork_r_1", "LIB_NAME": "PORTED_CYL", "PROP_NAME": "LENGTH", "PROP_VALUE": "5000"}, {"COMP_NAME": "fork_r_1", "LIB_NAME": "PORTED_CYL", "PROP_NAME": "TOP_CONN_DISP", "PROP_VALUE": "0"}, {"COMP_NAME": "fork_r_1", "LIB_NAME": "PORTED_CYL", "PROP_NAME": "DIAMETER", "PROP_VALUE": "200"}, {"COMP_NAME": "fork_r_1", "LIB_NAME": "PORTED_CYL", "PROP_NAME": "PORT_THICKNESS", "PROP_VALUE": "100"}, {"COMP_NAME": "fork_r_1", "LIB_NAME": "PORTED_CYL", "PROP_NAME": "LEFT_CONN_DISP", "PROP_VALUE": "0"}, {"COMP_NAME": "fork_r_1", "LIB_NAME": "PORTED_CYL", "PROP_NAME": "FRONT_ANGLE", "PROP_VALUE": "0"}, {"COMP_NAME": "fork_r_1", "LIB_NAME": "PORTED_CYL", "PROP_NAME": "BOTTOM_CONN_DISP", "PROP_VALUE": "0"}, {"COMP_NAME": "fork_l_2", "LIB_NAME": "PORTED_CYL", "PROP_NAME": "RIGHT_CONN_DISP", "PROP_VALUE": "0"}, {"COMP_NAME": "fork_l_2", "LIB_NAME": "PORTED_CYL", "PROP_NAME": "LENGTH", "PROP_VALUE": "5000"}, {"COMP_NAME": "fork_l_2", "LIB_NAME": "PORTED_CYL", "PROP_NAME": "TOP_CONN_DISP", "PROP_VALUE": "0"}, {"COMP_NAME": "fork_l_2", "LIB_NAME": "PORTED_CYL", "PROP_NAME": "DIAMETER", "PROP_VALUE": "200"}, {"COMP_NAME": "fork_l_2", "LIB_NAME": "PORTED_CYL", "PROP_NAME": "PORT_THICKNESS", "PROP_VALUE": "100"}, {"COMP_NAME": "fork_l_2", "LIB_NAME": "PORTED_CYL", "PROP_NAME": "LEFT_CONN_DISP", "PROP_VALUE": "0"}, {"COMP_NAME": "fork_l_2", "LIB_NAME": "PORTED_CYL", "PROP_NAME": "FRONT_ANGLE", "PROP_VALUE": "0"}, {"COMP_NAME": "fork_l_2", "LIB_NAME": "PORTED_CYL", "PROP_NAME": "BOTTOM_CONN_DISP", "PROP_VALUE": "0"}, {"COMP_NAME": "post_r_2", "LIB_NAME": "PORTED_CYL", "PROP_NAME": "RIGHT_CONN_DISP", "PROP_VALUE": "0"}, {"COMP_NAME": "post_r_2", "LIB_NAME": "PORTED_CYL", "PROP_NAME": "LENGTH", "PROP_VALUE": "5000"}, {"COMP_NAME": "post_r_2", "LIB_NAME": "PORTED_CYL", "PROP_NAME": "TOP_CONN_DISP", "PROP_VALUE": "0"}, {"COMP_NAME": "post_r_2", "LIB_NAME": "PORTED_CYL", "PROP_NAME": "DIAMETER", "PROP_VALUE": "200"}, {"COMP_NAME": "post_r_2", "LIB_NAME": "PORTED_CYL", "PROP_NAME": "PORT_THICKNESS", "PROP_VALUE": "100"}, {"COMP_NAME": "post_r_2", "LIB_NAME": "PORTED_CYL", "PROP_NAME": "LEFT_CONN_DISP", "PROP_VALUE": "0"}, {"COMP_NAME": "post_r_2", "LIB_NAME": "PORTED_CYL", "PROP_NAME": "FRONT_ANGLE", "PROP_VALUE": "0"}, {"COMP_NAME": "post_r_2", "LIB_NAME": "PORTED_CYL", "PROP_NAME": "BOTTOM_CONN_DISP", "PROP_VALUE": "0"}, {"COMP_NAME": "fork_l_3", "LIB_NAME": "PORTED_CYL", "PROP_NAME": "RIGHT_CONN_DISP", "PROP_VALUE": "0"}, {"COMP_NAME": "fork_l_3", "LIB_NAME": "PORTED_CYL", "PROP_NAME": "LENGTH", "PROP_VALUE": "5000"}, {"COMP_NAME": "fork_l_3", "LIB_NAME": "PORTED_CYL", "PROP_NAME": "TOP_CONN_DISP", "PROP_VALUE": "0"}, {"COMP_NAME": "fork_l_3", "LIB_NAME": "PORTED_CYL", "PROP_NAME": "DIAMETER", "PROP_VALUE": "200"}, {"COMP_NAME": "fork_l_3", "LIB_NAME": "PORTED_CYL", "PROP_NAME": "PORT_THICKNESS", "PROP_VALUE": "100"}, {"COMP_NAME": "fork_l_3", "LIB_NAME": "PORTED_CYL", "PROP_NAME": "LEFT_CONN_DISP", "PROP_VALUE": "0"}, {"COMP_NAME": "fork_l_3", "LIB_NAME": "PORTED_CYL", "PROP_NAME": "FRONT_ANGLE", "PROP_VALUE": "0"}, {"COMP_NAME": "fork_l_3", "LIB_NAME": "PORTED_CYL", "PROP_NAME": "BOTTOM_CONN_DISP", "PROP_VALUE": "0"}, {"COMP_NAME": "post_l_4", "LIB_NAME": "PORTED_CYL", "PROP_NAME": "RIGHT_CONN_DISP", "PROP_VALUE": "0"}, {"COMP_NAME": "post_l_4", "LIB_NAME": "PORTED_CYL", "PROP_NAME": "LENGTH", "PROP_VALUE": "5000"}, {"COMP_NAME": "post_l_4", "LIB_NAME": "PORTED_CYL", "PROP_NAME": "TOP_CONN_DISP", "PROP_VALUE": "0"}, {"COMP_NAME": "post_l_4", "LIB_NAME": "PORTED_CYL", "PROP_NAME": "DIAMETER", "PROP_VALUE": "200"}, {"COMP_NAME": "post_l_4", "LIB_NAME": "PORTED_CYL", "PROP_NAME": "PORT_THICKNESS", "PROP_VALUE": "100"}, {"COMP_NAME": "post_l_4", "LIB_NAME": "PORTED_CYL", "PROP_NAME": "LEFT_CONN_DISP", "PROP_VALUE": "0"}, {"COMP_NAME": "post_l_4", "LIB_NAME": "PORTED_CYL", "PROP_NAME": "FRONT_ANGLE", "PROP_VALUE": "0"}, {"COMP_NAME": "post_l_4", "LIB_NAME": "PORTED_CYL", "PROP_NAME": "BOTTOM_CONN_DISP", "PROP_VALUE": "0"}, {"COMP_NAME": "post_l_5", "LIB_NAME": "PORTED_CYL", "PROP_NAME": "RIGHT_CONN_DISP", "PROP_VALUE": "0"}, {"COMP_NAME": "post_l_5", "LIB_NAME": "PORTED_CYL", "PROP_NAME": "LENGTH", "PROP_VALUE": "5000"}, {"COMP_NAME": "post_l_5", "LIB_NAME": "PORTED_CYL", "PROP_NAME": "TOP_CONN_DISP", "PROP_VALUE": "0"}, {"COMP_NAME": "post_l_5", "LIB_NAME": "PORTED_CYL", "PROP_NAME": "DIAMETER", "PROP_VALUE": "200"}, {"COMP_NAME": "post_l_5", "LIB_NAME": "PORTED_CYL", "PROP_NAME": "PORT_THICKNESS", "PROP_VALUE": "100"}, {"COMP_NAME": "post_l_5", "LIB_NAME": "PORTED_CYL", "PROP_NAME": "LEFT_CONN_DISP", "PROP_VALUE": "0"}, {"COMP_NAME": "post_l_5", "LIB_NAME": "PORTED_CYL", "PROP_NAME": "FRONT_ANGLE", "PROP_VALUE": "0"}, {"COMP_NAME": "post_l_5", "LIB_NAME": "PORTED_CYL", "PROP_NAME": "BOTTOM_CONN_DISP", "PROP_VALUE": "0"}, {"COMP_NAME": "fork_post_mp_1_prop", "LIB_NAME": "62x5_2_3200_46_1150", "PROP_NAME": "Direction", "PROP_VALUE": "1"}, {"COMP_NAME": "fork_post_mp_1_prop", "LIB_NAME": "62x5_2_3200_46_1150", "PROP_NAME": "Prop_type", "PROP_VALUE": "1"}, {"COMP_NAME": "fork_post_mp_3_motor", "LIB_NAME": "MAGiDRIVE150", "PROP_NAME": "CONTROL_CHANNEL", "PROP_VALUE": "1"}, {"COMP_NAME": "fork_post_mp_4_prop", "LIB_NAME": "62x5_2_3200_46_1150", "PROP_NAME": "Direction", "PROP_VALUE": "1"}, {"COMP_NAME": "fork_post_mp_4_prop", "LIB_NAME": "62x5_2_3200_46_1150", "PROP_NAME": "Prop_type", "PROP_VALUE": "1"}, {"COMP_NAME": "fork_post_mp_5_prop", "LIB_NAME": "62x5_2_3200_46_1150", "PROP_NAME": "Direction", "PROP_VALUE": "1"}, {"COMP_NAME": "fork_post_mp_5_prop", "LIB_NAME": "62x5_2_3200_46_1150", "PROP_NAME": "Prop_type", "PROP_VALUE": "1"}, {"COMP_NAME": "fork_post_mp_7_prop", "LIB_NAME": "62x5_2_3200_46_1150", "PROP_NAME": "Direction", "PROP_VALUE": "1"}, {"COMP_NAME": "fork_post_mp_7_prop", "LIB_NAME": "62x5_2_3200_46_1150", "PROP_NAME": "Prop_type", "PROP_VALUE": "1"}, {"COMP_NAME": "tail_tbar_post_mp_motor", "LIB_NAME": "MAGiDRIVE150", "PROP_NAME": "CONTROL_CHANNEL", "PROP_VALUE": "1"}, {"COMP_NAME": "tail_tbar_post_mp_prop", "LIB_NAME": "62x5_2_3200_46_1150", "PROP_NAME": "Direction", "PROP_VALUE": "1"}, {"COMP_NAME": "tail_tbar_post_mp_prop", "LIB_NAME": "62x5_2_3200_46_1150", "PROP_NAME": "Prop_type", "PROP_VALUE": "1"}, {"COMP_NAME": "cross_tower_middle_TOP", "LIB_NAME": "PORTED_CYL", "PROP_NAME": "RIGHT_CONN_DISP", "PROP_VALUE": "0"}, {"COMP_NAME": "cross_tower_middle_TOP", "LIB_NAME": "PORTED_CYL", "PROP_NAME": "LENGTH", "PROP_VALUE": "5000"}, {"COMP_NAME": "cross_tower_middle_TOP", "LIB_NAME": "PORTED_CYL", "PROP_NAME": "TOP_CONN_DISP", "PROP_VALUE": "0"}, {"COMP_NAME": "cross_tower_middle_TOP", "LIB_NAME": "PORTED_CYL", "PROP_NAME": "DIAMETER", "PROP_VALUE": "200"}, {"COMP_NAME": "cross_tower_middle_TOP", "LIB_NAME": "PORTED_CYL", "PROP_NAME": "PORT_THICKNESS", "PROP_VALUE": "100"}, {"COMP_NAME": "cross_tower_middle_TOP", "LIB_NAME": "PORTED_CYL", "PROP_NAME": "LEFT_CONN_DISP", "PROP_VALUE": "0"}, {"COMP_NAME": "cross_tower_middle_TOP", "LIB_NAME": "PORTED_CYL", "PROP_NAME": "FRONT_ANGLE", "PROP_VALUE": "0"}, {"COMP_NAME": "cross_tower_middle_TOP", "LIB_NAME": "PORTED_CYL", "PROP_NAME": "BOTTOM_CONN_DISP", "PROP_VALUE": "0"}, {"COMP_NAME": "cross_tower_middle_RIGHT", "LIB_NAME": "PORTED_CYL", "PROP_NAME": "RIGHT_CONN_DISP", "PROP_VALUE": "0"}, {"COMP_NAME": "cross_tower_middle_RIGHT", "LIB_NAME": "PORTED_CYL", "PROP_NAME": "LENGTH", "PROP_VALUE": "5000"}, {"COMP_NAME": "cross_tower_middle_RIGHT", "LIB_NAME": "PORTED_CYL", "PROP_NAME": "TOP_CONN_DISP", "PROP_VALUE": "0"}, {"COMP_NAME": "cross_tower_middle_RIGHT", "LIB_NAME": "PORTED_CYL", "PROP_NAME": "DIAMETER", "PROP_VALUE": "200"}, {"COMP_NAME": "cross_tower_middle_RIGHT", "LIB_NAME": "PORTED_CYL", "PROP_NAME": "PORT_THICKNESS", "PROP_VALUE": "100"}, {"COMP_NAME": "cross_tower_middle_RIGHT", "LIB_NAME": "PORTED_CYL", "PROP_NAME": "LEFT_CONN_DISP", "PROP_VALUE": "0"}, {"COMP_NAME": "cross_tower_middle_RIGHT", "LIB_NAME": "PORTED_CYL", "PROP_NAME": "FRONT_ANGLE", "PROP_VALUE": "0"}, {"COMP_NAME": "cross_tower_middle_RIGHT", "LIB_NAME": "PORTED_CYL", "PROP_NAME": "BOTTOM_CONN_DISP", "PROP_VALUE": "0"}, {"COMP_NAME": "Orient", "LIB_NAME": "Orient", "PROP_NAME": "Z_ANGLE", "PROP_VALUE": "0"}]