{
  "left_wing": {
    "CHORD_2": 1400.0,
    "TAPER_OFFSET": "0",
    "CHORD_1": 1400.0,
    "LOAD": 5000.0,
    "SPAN": 8000.0,
    "THICKNESS": 15.0,
    "FLAP_BIAS": "0.5",
    "AILERON_BIAS": "0.5",
    "NACA_PROFILE": 15.0,
    "CADPART": "naca_sym_wing_taper.prt"
  },
  "fuselage": {
    "TAIL_DIAMETER": 200.0,
    "SEAT_1_FB": 1000.0,
    "SEAT_2_FB": 1000.0,
    "LEFT_PORT_DISP": 0.0,
    "FLOOR_HEIGHT": 150.0,
    "SEAT_1_LR": -210.0,
    "SPHERE_DIAMETER": 1520.0,
    "BOTTOM_PORT_DISP": 0.0,
    "PORT_THICKNESS": 100.0,
    "RIGHT_PORT_DISP": 0.0,
    "SEAT_2_LR": 210.0,
    "MIDDLE_LENGTH": 300.0,
    "TOP_PORT_DISP": 0.0,
    "LENGTH": 2000.0,
    "WALL_THICKNESS": "3",
    "CADPART": "fuse_sphere_cone.prt"
  },
  "Orient": {
    "Z_ANGLE": "0",
    "CADPART": "orientuav.prt"
  },
  "right_battery": {
    "MOUNT_SIDE": 1.0,
    "VOLUME_PERCENT": 100.0,
    "CHORD_1": 1400.0,
    "THICKNESS": 15.0,
    "VOLTAGE_REQUEST": 840.0,
    "SPAN": 8000.0,
    "TAPER_OFFSET": "0",
    "CHORD_2": 1400.0,
    "BASE_VOLTAGE": "11.1",
    "CAPACITY": "1.0",
    "MODULE_MASS": "0.004",
    "BATTERY_TYPE": "Wing",
    "MODULE_VOLUME": "87500.0",
    "PEAK_DISCHARGE_RATE": "0.1",
    "CONT_DISCHARGE_RATE": "0.01",
    "CADPART": "mega_battery.prt"
  },
  "cylinder_4": {
    "PORT_THICKNESS": 75.0,
    "BOTTOM_CONN_DISP": "0",
    "DIAMETER": 100.0,
    "LEFT_CONN_DISP": "0",
    "TOP_CONN_DISP": "0",
    "FRONT_ANGLE": 0.0,
    "LENGTH": 1500.0,
    "RIGHT_CONN_DISP": "0",
    "WALL_THICKNESS": "3",
    "CADPART": "fuse_cyl_ported.prt"
  },
  "cylinder_0": {
    "PORT_THICKNESS": 75.0,
    "BOTTOM_CONN_DISP": "0",
    "DIAMETER": 100.0,
    "LEFT_CONN_DISP": "0",
    "TOP_CONN_DISP": "0",
    "FRONT_ANGLE": 0.0,
    "LENGTH": 1500.0,
    "RIGHT_CONN_DISP": "0",
    "WALL_THICKNESS": "3",
    "CADPART": "fuse_cyl_ported.prt"
  },
  "right_wing": {
    "CHORD_2": 1400.0,
    "TAPER_OFFSET": "0",
    "CHORD_1": 1400.0,
    "LOAD": 5000.0,
    "SPAN": 8000.0,
    "THICKNESS": 15.0,
    "FLAP_BIAS": "0.5",
    "AILERON_BIAS": "0.5",
    "NACA_PROFILE": 15.0,
    "CADPART": "naca_sym_wing_taper.prt"
  },
  "left_battery": {
    "MOUNT_SIDE": 2.0,
    "VOLUME_PERCENT": 100.0,
    "CHORD_1": 1400.0,
    "THICKNESS": 15.0,
    "VOLTAGE_REQUEST": 840.0,
    "SPAN": 8000.0,
    "TAPER_OFFSET": "0",
    "CHORD_2": 1400.0,
    "BASE_VOLTAGE": "11.1",
    "CAPACITY": "1.0",
    "MODULE_MASS": "0.004",
    "BATTERY_TYPE": "Wing",
    "MODULE_VOLUME": "87500.0",
    "PEAK_DISCHARGE_RATE": "0.1",
    "CONT_DISCHARGE_RATE": "0.01",
    "CADPART": "mega_battery.prt"
  },
  "cylinder_1": {
    "PORT_THICKNESS": 75.0,
    "BOTTOM_CONN_DISP": "0",
    "DIAMETER": 100.0,
    "LEFT_CONN_DISP": "0",
    "TOP_CONN_DISP": "0",
    "FRONT_ANGLE": 0.0,
    "LENGTH": 1500.0,
    "RIGHT_CONN_DISP": "0",
    "WALL_THICKNESS": "3",
    "CADPART": "fuse_cyl_ported.prt"
  },
  "cylinder_2": {
    "PORT_THICKNESS": 75.0,
    "BOTTOM_CONN_DISP": "0",
    "DIAMETER": 100.0,
    "LEFT_CONN_DISP": "0",
    "TOP_CONN_DISP": "0",
    "FRONT_ANGLE": 0.0,
    "LENGTH": 1500.0,
    "RIGHT_CONN_DISP": "0",
    "WALL_THICKNESS": "3",
    "CADPART": "fuse_cyl_ported.prt"
  },
  "cylinder_3": {
    "PORT_THICKNESS": 75.0,
    "BOTTOM_CONN_DISP": "0",
    "DIAMETER": 100.0,
    "LEFT_CONN_DISP": "0",
    "TOP_CONN_DISP": "0",
    "FRONT_ANGLE": 0.0,
    "LENGTH": 1500.0,
    "RIGHT_CONN_DISP": "0",
    "WALL_THICKNESS": "3",
    "CADPART": "fuse_cyl_ported.prt"
  },
  "passenger1": {
    "WEIGHT": "90",
    "CADPART": "disc_passenger.prt"
  },
  "passenger2": {
    "WEIGHT": "90",
    "CADPART": "disc_passenger.prt"
  },
  "battery_controller": {
    "OUTPUT_VOLTAGE": "1",
    "INPUT_VOLTAGE": "1"
  }
}