{
  "fuselage": {
    "Name": "fuselage",
    "CG": [
      -106.6640827132918,
      -0.0023401622806061683,
      14.814624140685812
    ],
    "MASS": 159.34121889511653,
    "Translation": [
      0.0,
      0.0,
      0.0
    ],
    "Rotation": [
      [
        1.0,
        0.0,
        0.0
      ],
      [
        0.0,
        1.0,
        0.0
      ],
      [
        0.0,
        0.0,
        1.0
      ]
    ]
  },
  "right_wing": {
    "Name": "right_wing",
    "CG": [
      625.1508918028576,
      0.0,
      4000.0000000000014
    ],
    "MASS": 20.391462835134664,
    "Translation": [
      550.0,
      760.0,
      -7.999999999999922
    ],
    "Rotation": [
      [
        -1.0,
        -8.035122827338563e-81,
        0.0
      ],
      [
        4.920093725628002e-97,
        -6.123233995736767e-17,
        1.0
      ],
      [
        -8.035122827338563e-81,
        1.0,
        6.123233995736767e-17
      ]
    ]
  },
  "right_battery": {
    "Name": "right_battery",
    "CG": [
      525.0,
      0.0,
      3980.952380952381
    ],
    "MASS": 26.752,
    "Translation": [
      550.0,
      760.0,
      -7.999999999999929
    ],
    "Rotation": [
      [
        -1.0,
        -8.035122827338563e-81,
        0.0
      ],
      [
        4.920093725628002e-97,
        -6.123233995736767e-17,
        1.0
      ],
      [
        -8.035122827338563e-81,
        1.0,
        6.123233995736767e-17
      ]
    ]
  },
  "passenger2": {
    "Name": "passenger2",
    "CG": [
      -84.7353088765274,
      0.0,
      -541.7015266436733
    ],
    "MASS": 90.0,
    "Translation": [
      5.6292719621909555,
      210.0,
      573.7500000000001
    ],
    "Rotation": [
      [
        0.8660254037844387,
        2.0543219653946353e-18,
        0.49999999999999994
      ],
      [
        -2.3721266794455074e-18,
        1.0,
        0.0
      ],
      [
        -0.49999999999999994,
        -1.1860633397227535e-18,
        0.8660254037844387
      ]
    ]
  },
  "left_wing": {
    "Name": "left_wing",
    "CG": [
      625.1508918028576,
      0.0,
      4000.0000000000014
    ],
    "MASS": 20.391462835134664,
    "Translation": [
      549.9999999999994,
      -8760.0,
      -8.648013878087106e-12
    ],
    "Rotation": [
      [
        -1.0,
        0.0,
        6.614824397802743e-17
      ],
      [
        6.614824397802743e-17,
        -1.0587972742683852e-15,
        1.0
      ],
      [
        7.003758042157557e-32,
        1.0,
        1.0587972742683852e-15
      ]
    ]
  },
  "left_battery": {
    "Name": "left_battery",
    "CG": [
      525.0,
      0.0,
      3980.952380952381
    ],
    "MASS": 26.752,
    "Translation": [
      550.0,
      -8721.904761904763,
      -1.6626700016786344e-12
    ],
    "Rotation": [
      [
        -1.0,
        5.788634513303916e-32,
        0.0
      ],
      [
        0.0,
        -1.8369701987210292e-16,
        1.0
      ],
      [
        5.788634513303916e-32,
        1.0,
        1.8369701987210292e-16
      ]
    ]
  },
  "passenger1": {
    "Name": "passenger1",
    "CG": [
      -84.7353088765274,
      0.0,
      -541.7015266436733
    ],
    "MASS": 90.0,
    "Translation": [
      5.6292719621909555,
      -210.0,
      573.7500000000001
    ],
    "Rotation": [
      [
        0.8660254037844387,
        2.0543219653946353e-18,
        0.49999999999999994
      ],
      [
        -2.3721266794455074e-18,
        1.0,
        0.0
      ],
      [
        -0.49999999999999994,
        -1.1860633397227535e-18,
        0.8660254037844387
      ]
    ]
  },
  "cylinder_0": {
    "Name": "cylinder_0",
    "CG": [
      750.0047788056127,
      0.0,
      0.0
    ],
    "MASS": 5.835893865106039,
    "Translation": [
      -150.0,
      1.2079226507921703e-13,
      -760.0
    ],
    "Rotation": [
      [
        0.0,
        1.6070245654677132e-80,
        -1.0
      ],
      [
        1.2246467991473532e-16,
        -1.0,
        -1.6070245654677132e-80
      ],
      [
        -1.0,
        -1.2246467991473532e-16,
        -1.968037490251201e-96
      ]
    ]
  },
  "cylinder_1": {
    "Name": "cylinder_1",
    "CG": [
      750.0047788056127,
      0.0,
      0.0
    ],
    "MASS": 5.835893865106039,
    "Translation": [
      -150.0,
      3.0448928495132e-13,
      -2260.0
    ],
    "Rotation": [
      [
        0.0,
        1.6070245654677132e-80,
        -1.0
      ],
      [
        1.2246467991473532e-16,
        -1.0,
        -1.6070245654677132e-80
      ],
      [
        -1.0,
        -1.2246467991473532e-16,
        -1.968037490251201e-96
      ]
    ]
  },
  "cylinder_2": {
    "Name": "cylinder_2",
    "CG": [
      750.0047788056127,
      0.0,
      0.0
    ],
    "MASS": 5.835893865106039,
    "Translation": [
      -150.0,
      4.88186304823423e-13,
      -3760.0
    ],
    "Rotation": [
      [
        0.0,
        1.6070245654677132e-80,
        -1.0
      ],
      [
        1.2246467991473532e-16,
        -1.0,
        -1.6070245654677132e-80
      ],
      [
        -1.0,
        -1.2246467991473532e-16,
        -1.968037490251201e-96
      ]
    ]
  },
  "cylinder_3": {
    "Name": "cylinder_3",
    "CG": [
      750.0047788056127,
      0.0,
      0.0
    ],
    "MASS": 5.835893865106039,
    "Translation": [
      -150.0,
      6.718833246955259e-13,
      -5260.0
    ],
    "Rotation": [
      [
        0.0,
        1.6070245654677132e-80,
        -1.0
      ],
      [
        1.2246467991473532e-16,
        -1.0,
        -1.6070245654677132e-80
      ],
      [
        -1.0,
        -1.2246467991473532e-16,
        -1.968037490251201e-96
      ]
    ]
  },
  "cylinder_4": {
    "Name": "cylinder_4",
    "CG": [
      750.0047788056127,
      0.0,
      0.0
    ],
    "MASS": 5.835893865106039,
    "Translation": [
      -150.0,
      8.555803445676289e-13,
      -6760.0
    ],
    "Rotation": [
      [
        0.0,
        1.6070245654677132e-80,
        -1.0
      ],
      [
        1.2246467991473532e-16,
        -1.0,
        -1.6070245654677132e-80
      ],
      [
        -1.0,
        -1.2246467991473532e-16,
        -1.968037490251201e-96
      ]
    ]
  },
  "Orient": {
    "Name": "Orient",
    "CG": [
      0.0,
      0.0,
      0.0
    ],
    "MASS": 1e-07,
    "Translation": [
      0.0,
      0.0,
      0.0
    ],
    "Rotation": [
      [
        1.0,
        0.0,
        0.0
      ],
      [
        0.0,
        1.0,
        0.0
      ],
      [
        0.0,
        0.0,
        1.0
      ]
    ]
  }
}