{
  "left_battery": {
    "MOUNT_SIDE": 2.0,
    "VOLUME_PERCENT": 100.0,
    "CHORD_1": 1400.0,
    "THICKNESS": 15.0,
    "VOLTAGE_REQUEST": 840.0,
    "SPAN": 8000.0,
    "TAPER_OFFSET": "0",
    "CHORD_2": 1400.0,
    "BASE_VOLTAGE": "11.1",
    "CAPACITY": "1.0",
    "MODULE_MASS": "0.004",
    "BATTERY_TYPE": "Wing",
    "MODULE_VOLUME": "87500.0",
    "PEAK_DISCHARGE_RATE": "0.1",
    "CONT_DISCHARGE_RATE": "0.01",
    "CADPART": "mega_battery.prt"
  },
  "post_l_2": {
    "PORT_THICKNESS": 75.0,
    "BOTTOM_CONN_DISP": "0",
    "DIAMETER": 100.0,
    "LEFT_CONN_DISP": "0",
    "TOP_CONN_DISP": "0",
    "FRONT_ANGLE": 270.0,
    "LENGTH": 500.0,
    "RIGHT_CONN_DISP": "0",
    "WALL_THICKNESS": "3",
    "CADPART": "fuse_cyl_ported.prt"
  },
  "right_battery": {
    "MOUNT_SIDE": 1.0,
    "VOLUME_PERCENT": 100.0,
    "CHORD_1": 1400.0,
    "THICKNESS": 15.0,
    "VOLTAGE_REQUEST": 840.0,
    "SPAN": 8000.0,
    "TAPER_OFFSET": "0",
    "CHORD_2": 1400.0,
    "BASE_VOLTAGE": "11.1",
    "CAPACITY": "1.0",
    "MODULE_MASS": "0.004",
    "BATTERY_TYPE": "Wing",
    "MODULE_VOLUME": "87500.0",
    "PEAK_DISCHARGE_RATE": "0.1",
    "CONT_DISCHARGE_RATE": "0.01",
    "CADPART": "mega_battery.prt"
  },
  "post_l_3": {
    "PORT_THICKNESS": 75.0,
    "BOTTOM_CONN_DISP": "0",
    "DIAMETER": 100.0,
    "LEFT_CONN_DISP": "0",
    "TOP_CONN_DISP": "0",
    "FRONT_ANGLE": 270.0,
    "LENGTH": 500.0,
    "RIGHT_CONN_DISP": "0",
    "WALL_THICKNESS": "3",
    "CADPART": "fuse_cyl_ported.prt"
  },
  "fuselage": {
    "TAIL_DIAMETER": 200.0,
    "SEAT_1_FB": 1000.0,
    "SEAT_2_FB": 1000.0,
    "LEFT_PORT_DISP": 0.0,
    "FLOOR_HEIGHT": 150.0,
    "SEAT_1_LR": -210.0,
    "SPHERE_DIAMETER": 1520.0,
    "BOTTOM_PORT_DISP": 300.0,
    "PORT_THICKNESS": 100.0,
    "RIGHT_PORT_DISP": 0.0,
    "SEAT_2_LR": 210.0,
    "MIDDLE_LENGTH": 750.0,
    "TOP_PORT_DISP": 300.0,
    "LENGTH": 2000.0,
    "WALL_THICKNESS": "3",
    "CADPART": "fuse_sphere_cone.prt"
  },
  "fork_l_1": {
    "PORT_THICKNESS": 75.0,
    "BOTTOM_CONN_DISP": "0",
    "DIAMETER": 100.0,
    "LEFT_CONN_DISP": "0",
    "TOP_CONN_DISP": "0",
    "FRONT_ANGLE": 90.0,
    "LENGTH": 1500.0,
    "RIGHT_CONN_DISP": "0",
    "WALL_THICKNESS": "3",
    "CADPART": "fuse_cyl_ported.prt"
  },
  "post_r_1": {
    "PORT_THICKNESS": 75.0,
    "BOTTOM_CONN_DISP": "0",
    "DIAMETER": 100.0,
    "LEFT_CONN_DISP": "0",
    "TOP_CONN_DISP": "0",
    "FRONT_ANGLE": 90.0,
    "LENGTH": 500.0,
    "RIGHT_CONN_DISP": "0",
    "WALL_THICKNESS": "3",
    "CADPART": "fuse_cyl_ported.prt"
  },
  "tbar_post_1": {
    "PORT_THICKNESS": 75.0,
    "BOTTOM_CONN_DISP": "0",
    "DIAMETER": 100.0,
    "LEFT_CONN_DISP": "0",
    "TOP_CONN_DISP": "0",
    "FRONT_ANGLE": 0.0,
    "LENGTH": 1000.0,
    "RIGHT_CONN_DISP": "0",
    "WALL_THICKNESS": "3",
    "CADPART": "fuse_cyl_ported.prt"
  },
  "cylinder_1": {
    "PORT_THICKNESS": 75.0,
    "BOTTOM_CONN_DISP": "0",
    "DIAMETER": 100.0,
    "LEFT_CONN_DISP": "0",
    "TOP_CONN_DISP": "0",
    "FRONT_ANGLE": 0.0,
    "LENGTH": 2000.0,
    "RIGHT_CONN_DISP": "0",
    "WALL_THICKNESS": "3",
    "CADPART": "fuse_cyl_ported.prt"
  },
  "post_l_1": {
    "PORT_THICKNESS": 75.0,
    "BOTTOM_CONN_DISP": "0",
    "DIAMETER": 100.0,
    "LEFT_CONN_DISP": "0",
    "TOP_CONN_DISP": "0",
    "FRONT_ANGLE": 270.0,
    "LENGTH": 500.0,
    "RIGHT_CONN_DISP": "0",
    "WALL_THICKNESS": "3",
    "CADPART": "fuse_cyl_ported.prt"
  },
  "fork_r_3": {
    "PORT_THICKNESS": 75.0,
    "BOTTOM_CONN_DISP": "0",
    "DIAMETER": 100.0,
    "LEFT_CONN_DISP": "0",
    "TOP_CONN_DISP": "0",
    "FRONT_ANGLE": 90.0,
    "LENGTH": 1500.0,
    "RIGHT_CONN_DISP": "0",
    "WALL_THICKNESS": "3",
    "CADPART": "fuse_cyl_ported.prt"
  },
  "cylinder_2": {
    "PORT_THICKNESS": 75.0,
    "BOTTOM_CONN_DISP": "0",
    "DIAMETER": 100.0,
    "LEFT_CONN_DISP": "0",
    "TOP_CONN_DISP": "0",
    "FRONT_ANGLE": 0.0,
    "LENGTH": 2000.0,
    "RIGHT_CONN_DISP": "0",
    "WALL_THICKNESS": "3",
    "CADPART": "fuse_cyl_ported.prt"
  },
  "fork_r_4": {
    "PORT_THICKNESS": 75.0,
    "BOTTOM_CONN_DISP": "0",
    "DIAMETER": 100.0,
    "LEFT_CONN_DISP": "0",
    "TOP_CONN_DISP": "0",
    "FRONT_ANGLE": 90.0,
    "LENGTH": 1500.0,
    "RIGHT_CONN_DISP": "0",
    "WALL_THICKNESS": "3",
    "CADPART": "fuse_cyl_ported.prt"
  },
  "post_r_4": {
    "PORT_THICKNESS": 75.0,
    "BOTTOM_CONN_DISP": "0",
    "DIAMETER": 100.0,
    "LEFT_CONN_DISP": "0",
    "TOP_CONN_DISP": "0",
    "FRONT_ANGLE": 90.0,
    "LENGTH": 500.0,
    "RIGHT_CONN_DISP": "0",
    "WALL_THICKNESS": "3",
    "CADPART": "fuse_cyl_ported.prt"
  },
  "fork_l_5": {
    "PORT_THICKNESS": 75.0,
    "BOTTOM_CONN_DISP": "0",
    "DIAMETER": 100.0,
    "LEFT_CONN_DISP": "0",
    "TOP_CONN_DISP": "0",
    "FRONT_ANGLE": 90.0,
    "LENGTH": 1500.0,
    "RIGHT_CONN_DISP": "0",
    "WALL_THICKNESS": "3",
    "CADPART": "fuse_cyl_ported.prt"
  },
  "post_r_3": {
    "PORT_THICKNESS": 75.0,
    "BOTTOM_CONN_DISP": "0",
    "DIAMETER": 100.0,
    "LEFT_CONN_DISP": "0",
    "TOP_CONN_DISP": "0",
    "FRONT_ANGLE": 90.0,
    "LENGTH": 500.0,
    "RIGHT_CONN_DISP": "0",
    "WALL_THICKNESS": "3",
    "CADPART": "fuse_cyl_ported.prt"
  },
  "post_r_5": {
    "PORT_THICKNESS": 75.0,
    "BOTTOM_CONN_DISP": "0",
    "DIAMETER": 100.0,
    "LEFT_CONN_DISP": "0",
    "TOP_CONN_DISP": "0",
    "FRONT_ANGLE": 90.0,
    "LENGTH": 500.0,
    "RIGHT_CONN_DISP": "0",
    "WALL_THICKNESS": "3",
    "CADPART": "fuse_cyl_ported.prt"
  },
  "fork_l_4": {
    "PORT_THICKNESS": 75.0,
    "BOTTOM_CONN_DISP": "0",
    "DIAMETER": 100.0,
    "LEFT_CONN_DISP": "0",
    "TOP_CONN_DISP": "0",
    "FRONT_ANGLE": 90.0,
    "LENGTH": 1500.0,
    "RIGHT_CONN_DISP": "0",
    "WALL_THICKNESS": "3",
    "CADPART": "fuse_cyl_ported.prt"
  },
  "fork_r_5": {
    "PORT_THICKNESS": 75.0,
    "BOTTOM_CONN_DISP": "0",
    "DIAMETER": 100.0,
    "LEFT_CONN_DISP": "0",
    "TOP_CONN_DISP": "0",
    "FRONT_ANGLE": 90.0,
    "LENGTH": 1500.0,
    "RIGHT_CONN_DISP": "0",
    "WALL_THICKNESS": "3",
    "CADPART": "fuse_cyl_ported.prt"
  },
  "wing_pair_1_r": {
    "CHORD_2": 500.0,
    "TAPER_OFFSET": "0",
    "CHORD_1": 500.0,
    "LOAD": 1000.0,
    "SPAN": 3000.0,
    "THICKNESS": 6.0,
    "FLAP_BIAS": "0.5",
    "AILERON_BIAS": "0.5",
    "NACA_PROFILE": 6.0,
    "CADPART": "naca_sym_wing_taper.prt"
  },
  "cross_tower_bottom_RIGHT": {
    "PORT_THICKNESS": 75.0,
    "BOTTOM_CONN_DISP": "0",
    "DIAMETER": 100.0,
    "LEFT_CONN_DISP": "0",
    "TOP_CONN_DISP": "0",
    "FRONT_ANGLE": 0.0,
    "LENGTH": 300.0,
    "RIGHT_CONN_DISP": "0",
    "WALL_THICKNESS": "3",
    "CADPART": "fuse_cyl_ported.prt"
  },
  "cross_tower_middle": {
    "PORT_THICKNESS": 75.0,
    "BOTTOM_CONN_DISP": "0",
    "DIAMETER": 100.0,
    "LEFT_CONN_DISP": "0",
    "TOP_CONN_DISP": "0",
    "FRONT_ANGLE": 45.0,
    "LENGTH": 100.0,
    "RIGHT_CONN_DISP": "0",
    "WALL_THICKNESS": "3",
    "CADPART": "fuse_cyl_ported.prt"
  },
  "wing_pair_1": {
    "PORT_THICKNESS": 75.0,
    "BOTTOM_CONN_DISP": "0",
    "DIAMETER": 100.0,
    "LEFT_CONN_DISP": "0",
    "TOP_CONN_DISP": "0",
    "FRONT_ANGLE": 45.0,
    "LENGTH": 1500.0,
    "RIGHT_CONN_DISP": "0",
    "WALL_THICKNESS": "3",
    "CADPART": "fuse_cyl_ported.prt"
  },
  "tbar_cross_2": {
    "PORT_THICKNESS": 75.0,
    "BOTTOM_CONN_DISP": "0",
    "DIAMETER": 100.0,
    "LEFT_CONN_DISP": "0",
    "TOP_CONN_DISP": "0",
    "FRONT_ANGLE": 0.0,
    "LENGTH": 1000.0,
    "RIGHT_CONN_DISP": "0",
    "WALL_THICKNESS": "3",
    "CADPART": "fuse_cyl_ported.prt"
  },
  "cross_tower_middle_LEFT": {
    "PORT_THICKNESS": 75.0,
    "BOTTOM_CONN_DISP": "0",
    "DIAMETER": 100.0,
    "LEFT_CONN_DISP": "0",
    "TOP_CONN_DISP": "0",
    "FRONT_ANGLE": 0.0,
    "LENGTH": 300.0,
    "RIGHT_CONN_DISP": "0",
    "WALL_THICKNESS": "3",
    "CADPART": "fuse_cyl_ported.prt"
  },
  "cross_tower_top_TOP": {
    "PORT_THICKNESS": 75.0,
    "BOTTOM_CONN_DISP": "0",
    "DIAMETER": 100.0,
    "LEFT_CONN_DISP": "0",
    "TOP_CONN_DISP": "0",
    "FRONT_ANGLE": 0.0,
    "LENGTH": 300.0,
    "RIGHT_CONN_DISP": "0",
    "WALL_THICKNESS": "3",
    "CADPART": "fuse_cyl_ported.prt"
  },
  "cross_tower_top_LEFT": {
    "PORT_THICKNESS": 75.0,
    "BOTTOM_CONN_DISP": "0",
    "DIAMETER": 100.0,
    "LEFT_CONN_DISP": "0",
    "TOP_CONN_DISP": "0",
    "FRONT_ANGLE": 0.0,
    "LENGTH": 300.0,
    "RIGHT_CONN_DISP": "0",
    "WALL_THICKNESS": "3",
    "CADPART": "fuse_cyl_ported.prt"
  },
  "cross_tower_top_RIGHT": {
    "PORT_THICKNESS": 75.0,
    "BOTTOM_CONN_DISP": "0",
    "DIAMETER": 100.0,
    "LEFT_CONN_DISP": "0",
    "TOP_CONN_DISP": "0",
    "FRONT_ANGLE": 0.0,
    "LENGTH": 300.0,
    "RIGHT_CONN_DISP": "0",
    "WALL_THICKNESS": "3",
    "CADPART": "fuse_cyl_ported.prt"
  },
  "wing_pair_1_l": {
    "CHORD_2": 500.0,
    "TAPER_OFFSET": "0",
    "CHORD_1": 500.0,
    "LOAD": 1000.0,
    "SPAN": 3000.0,
    "THICKNESS": 6.0,
    "FLAP_BIAS": "0.5",
    "AILERON_BIAS": "0.5",
    "NACA_PROFILE": 6.0,
    "CADPART": "naca_sym_wing_taper.prt"
  },
  "cross_tower_bottom": {
    "PORT_THICKNESS": 75.0,
    "BOTTOM_CONN_DISP": "0",
    "DIAMETER": 100.0,
    "LEFT_CONN_DISP": "0",
    "TOP_CONN_DISP": "0",
    "FRONT_ANGLE": 0.0,
    "LENGTH": 100.0,
    "RIGHT_CONN_DISP": "0",
    "WALL_THICKNESS": "3",
    "CADPART": "fuse_cyl_ported.prt"
  },
  "cylinder_0": {
    "PORT_THICKNESS": 75.0,
    "BOTTOM_CONN_DISP": "0",
    "DIAMETER": 100.0,
    "LEFT_CONN_DISP": "0",
    "TOP_CONN_DISP": "0",
    "FRONT_ANGLE": 0.0,
    "LENGTH": 2000.0,
    "RIGHT_CONN_DISP": "0",
    "WALL_THICKNESS": "3",
    "CADPART": "fuse_cyl_ported.prt"
  },
  "tbar_cross_1": {
    "PORT_THICKNESS": 75.0,
    "BOTTOM_CONN_DISP": "0",
    "DIAMETER": 100.0,
    "LEFT_CONN_DISP": "0",
    "TOP_CONN_DISP": "0",
    "FRONT_ANGLE": 0.0,
    "LENGTH": 1000.0,
    "RIGHT_CONN_DISP": "0",
    "WALL_THICKNESS": "3",
    "CADPART": "fuse_cyl_ported.prt"
  },
  "cross_tower_middle_BOTTOM": {
    "PORT_THICKNESS": 75.0,
    "BOTTOM_CONN_DISP": "0",
    "DIAMETER": 100.0,
    "LEFT_CONN_DISP": "0",
    "TOP_CONN_DISP": "0",
    "FRONT_ANGLE": 0.0,
    "LENGTH": 300.0,
    "RIGHT_CONN_DISP": "0",
    "WALL_THICKNESS": "3",
    "CADPART": "fuse_cyl_ported.prt"
  },
  "fork_r_2": {
    "PORT_THICKNESS": 75.0,
    "BOTTOM_CONN_DISP": "0",
    "DIAMETER": 100.0,
    "LEFT_CONN_DISP": "0",
    "TOP_CONN_DISP": "0",
    "FRONT_ANGLE": 90.0,
    "LENGTH": 1500.0,
    "RIGHT_CONN_DISP": "0",
    "WALL_THICKNESS": "3",
    "CADPART": "fuse_cyl_ported.prt"
  },
  "cross_tower_top_BOTTOM": {
    "PORT_THICKNESS": 75.0,
    "BOTTOM_CONN_DISP": "0",
    "DIAMETER": 100.0,
    "LEFT_CONN_DISP": "0",
    "TOP_CONN_DISP": "0",
    "FRONT_ANGLE": 0.0,
    "LENGTH": 300.0,
    "RIGHT_CONN_DISP": "0",
    "WALL_THICKNESS": "3",
    "CADPART": "fuse_cyl_ported.prt"
  },
  "cylinder_3": {
    "PORT_THICKNESS": 75.0,
    "BOTTOM_CONN_DISP": "0",
    "DIAMETER": 100.0,
    "LEFT_CONN_DISP": "0",
    "TOP_CONN_DISP": "0",
    "FRONT_ANGLE": 0.0,
    "LENGTH": 2000.0,
    "RIGHT_CONN_DISP": "0",
    "WALL_THICKNESS": "3",
    "CADPART": "fuse_cyl_ported.prt"
  },
  "cross_tower_bottom_LEFT": {
    "PORT_THICKNESS": 75.0,
    "BOTTOM_CONN_DISP": "0",
    "DIAMETER": 100.0,
    "LEFT_CONN_DISP": "0",
    "TOP_CONN_DISP": "0",
    "FRONT_ANGLE": 0.0,
    "LENGTH": 300.0,
    "RIGHT_CONN_DISP": "0",
    "WALL_THICKNESS": "3",
    "CADPART": "fuse_cyl_ported.prt"
  },
  "cross_tower_top": {
    "PORT_THICKNESS": 75.0,
    "BOTTOM_CONN_DISP": "0",
    "DIAMETER": 100.0,
    "LEFT_CONN_DISP": "0",
    "TOP_CONN_DISP": "0",
    "FRONT_ANGLE": 0.0,
    "LENGTH": 100.0,
    "RIGHT_CONN_DISP": "0",
    "WALL_THICKNESS": "3",
    "CADPART": "fuse_cyl_ported.prt"
  },
  "tbar_post_2": {
    "PORT_THICKNESS": 75.0,
    "BOTTOM_CONN_DISP": "0",
    "DIAMETER": 100.0,
    "LEFT_CONN_DISP": "0",
    "TOP_CONN_DISP": "0",
    "FRONT_ANGLE": 0.0,
    "LENGTH": 1000.0,
    "RIGHT_CONN_DISP": "0",
    "WALL_THICKNESS": "3",
    "CADPART": "fuse_cyl_ported.prt"
  },
  "cross_tower_bottom_TOP": {
    "PORT_THICKNESS": 75.0,
    "BOTTOM_CONN_DISP": "0",
    "DIAMETER": 100.0,
    "LEFT_CONN_DISP": "0",
    "TOP_CONN_DISP": "0",
    "FRONT_ANGLE": 0.0,
    "LENGTH": 300.0,
    "RIGHT_CONN_DISP": "0",
    "WALL_THICKNESS": "3",
    "CADPART": "fuse_cyl_ported.prt"
  },
  "cross_tower_bottom_BOTTOM": {
    "PORT_THICKNESS": 75.0,
    "BOTTOM_CONN_DISP": "0",
    "DIAMETER": 100.0,
    "LEFT_CONN_DISP": "0",
    "TOP_CONN_DISP": "0",
    "FRONT_ANGLE": 0.0,
    "LENGTH": 300.0,
    "RIGHT_CONN_DISP": "0",
    "WALL_THICKNESS": "3",
    "CADPART": "fuse_cyl_ported.prt"
  },
  "right_wing": {
    "CHORD_2": 1400.0,
    "TAPER_OFFSET": "0",
    "CHORD_1": 1400.0,
    "LOAD": 5000.0,
    "SPAN": 8000.0,
    "THICKNESS": 15.0,
    "FLAP_BIAS": "0.5",
    "AILERON_BIAS": "0.5",
    "NACA_PROFILE": 15.0,
    "CADPART": "naca_sym_wing_taper.prt"
  },
  "left_wing": {
    "CHORD_2": 1400.0,
    "TAPER_OFFSET": "0",
    "CHORD_1": 1400.0,
    "LOAD": 5000.0,
    "SPAN": 8000.0,
    "THICKNESS": 15.0,
    "FLAP_BIAS": "0.5",
    "AILERON_BIAS": "0.5",
    "NACA_PROFILE": 15.0,
    "CADPART": "naca_sym_wing_taper.prt"
  },
  "fork_r_1": {
    "PORT_THICKNESS": 75.0,
    "BOTTOM_CONN_DISP": "0",
    "DIAMETER": 100.0,
    "LEFT_CONN_DISP": "0",
    "TOP_CONN_DISP": "0",
    "FRONT_ANGLE": 90.0,
    "LENGTH": 1500.0,
    "RIGHT_CONN_DISP": "0",
    "WALL_THICKNESS": "3",
    "CADPART": "fuse_cyl_ported.prt"
  },
  "fork_l_2": {
    "PORT_THICKNESS": 75.0,
    "BOTTOM_CONN_DISP": "0",
    "DIAMETER": 100.0,
    "LEFT_CONN_DISP": "0",
    "TOP_CONN_DISP": "0",
    "FRONT_ANGLE": 90.0,
    "LENGTH": 1500.0,
    "RIGHT_CONN_DISP": "0",
    "WALL_THICKNESS": "3",
    "CADPART": "fuse_cyl_ported.prt"
  },
  "post_r_2": {
    "PORT_THICKNESS": 75.0,
    "BOTTOM_CONN_DISP": "0",
    "DIAMETER": 100.0,
    "LEFT_CONN_DISP": "0",
    "TOP_CONN_DISP": "0",
    "FRONT_ANGLE": 90.0,
    "LENGTH": 500.0,
    "RIGHT_CONN_DISP": "0",
    "WALL_THICKNESS": "3",
    "CADPART": "fuse_cyl_ported.prt"
  },
  "fork_l_3": {
    "PORT_THICKNESS": 75.0,
    "BOTTOM_CONN_DISP": "0",
    "DIAMETER": 100.0,
    "LEFT_CONN_DISP": "0",
    "TOP_CONN_DISP": "0",
    "FRONT_ANGLE": 90.0,
    "LENGTH": 1500.0,
    "RIGHT_CONN_DISP": "0",
    "WALL_THICKNESS": "3",
    "CADPART": "fuse_cyl_ported.prt"
  },
  "post_l_4": {
    "PORT_THICKNESS": 75.0,
    "BOTTOM_CONN_DISP": "0",
    "DIAMETER": 100.0,
    "LEFT_CONN_DISP": "0",
    "TOP_CONN_DISP": "0",
    "FRONT_ANGLE": 270.0,
    "LENGTH": 500.0,
    "RIGHT_CONN_DISP": "0",
    "WALL_THICKNESS": "3",
    "CADPART": "fuse_cyl_ported.prt"
  },
  "post_l_5": {
    "PORT_THICKNESS": 75.0,
    "BOTTOM_CONN_DISP": "0",
    "DIAMETER": 100.0,
    "LEFT_CONN_DISP": "0",
    "TOP_CONN_DISP": "0",
    "FRONT_ANGLE": 270.0,
    "LENGTH": 500.0,
    "RIGHT_CONN_DISP": "0",
    "WALL_THICKNESS": "3",
    "CADPART": "fuse_cyl_ported.prt"
  },
  "cross_tower_middle_TOP": {
    "PORT_THICKNESS": 75.0,
    "BOTTOM_CONN_DISP": "0",
    "DIAMETER": 100.0,
    "LEFT_CONN_DISP": "0",
    "TOP_CONN_DISP": "0",
    "FRONT_ANGLE": 0.0,
    "LENGTH": 300.0,
    "RIGHT_CONN_DISP": "0",
    "WALL_THICKNESS": "3",
    "CADPART": "fuse_cyl_ported.prt"
  },
  "cross_tower_middle_RIGHT": {
    "PORT_THICKNESS": 75.0,
    "BOTTOM_CONN_DISP": "0",
    "DIAMETER": 100.0,
    "LEFT_CONN_DISP": "0",
    "TOP_CONN_DISP": "0",
    "FRONT_ANGLE": 0.0,
    "LENGTH": 300.0,
    "RIGHT_CONN_DISP": "0",
    "WALL_THICKNESS": "3",
    "CADPART": "fuse_cyl_ported.prt"
  },
  "Orient": {
    "Z_ANGLE": "0",
    "CADPART": "orientuav.prt"
  },
  "passenger2": {
    "WEIGHT": "90",
    "CADPART": "disc_passenger.prt"
  },
  "t_cross_mp_bottom_prop": {
    "WEIGHT": "0.831",
    "HUB_THICKNESS": "118.10999999999999",
    "PITCH": "127.0",
    "MODEL": "62x5_2_3200_46_1150",
    "DIAMETER": "1574.8",
    "PERFORMANCE_FILE": "62x5_2_3200_46_1150.dat",
    "SHAFT_DIAMETER": "47",
    "DIRECTION": 1.0,
    "PROP_TYPE": 1.0,
    "CADPART": "para_prop.prt"
  },
  "fork_post_mp_3_prop": {
    "WEIGHT": "0.831",
    "HUB_THICKNESS": "118.10999999999999",
    "PITCH": "127.0",
    "MODEL": "62x5_2_3200_46_1150",
    "DIAMETER": "1574.8",
    "PERFORMANCE_FILE": "62x5_2_3200_46_1150.dat",
    "SHAFT_DIAMETER": "47",
    "DIRECTION": 1.0,
    "PROP_TYPE": 1.0,
    "CADPART": "para_prop.prt"
  },
  "fork_post_mp_8_prop": {
    "WEIGHT": "0.831",
    "HUB_THICKNESS": "118.10999999999999",
    "PITCH": "127.0",
    "MODEL": "62x5_2_3200_46_1150",
    "DIAMETER": "1574.8",
    "PERFORMANCE_FILE": "62x5_2_3200_46_1150.dat",
    "SHAFT_DIAMETER": "47",
    "DIRECTION": 1.0,
    "PROP_TYPE": 1.0,
    "CADPART": "para_prop.prt"
  },
  "fork_post_mp_10_motor": {
    "LENGTH": "140.0",
    "ESC_BEC_CLASS": "nan",
    "WEIGHT": "35.0",
    "COST": "0",
    "KV": "5.25",
    "POLES": "nan",
    "MAX_CELLS": "217",
    "CAN_DIAMETER": "381.0",
    "KM": "1.5752254154908345",
    "MODEL": "MAGiDRIVE150",
    "ADAPTER_LENGTH": "nan",
    "KT": "1.8189136353359467",
    "ADAPTER_DIAMETER": "nan",
    "MIN_CELLS": "108",
    "PROP_SIZE_REC": "nan",
    "INTERNAL_RESISTANCE": "1333.3333333333333",
    "MAX_CURRENT": "300.0",
    "MAX_POWER": "120000.0",
    "SHAFT_DIAMETER": "47.0",
    "CAN_LENGTH": "130.0",
    "IO_IDLE_CURRENT_10V": "8.16",
    "PROP_PITCH_REC": "nan",
    "TOTAL_LENGTH": "203.0",
    "CONTROL_CHANNEL": "1",
    "CADPART": "para_motor.prt"
  },
  "t_post_mp_bottom_motor": {
    "LENGTH": "140.0",
    "ESC_BEC_CLASS": "nan",
    "WEIGHT": "35.0",
    "COST": "0",
    "KV": "5.25",
    "POLES": "nan",
    "MAX_CELLS": "217",
    "CAN_DIAMETER": "381.0",
    "KM": "1.5752254154908345",
    "MODEL": "MAGiDRIVE150",
    "ADAPTER_LENGTH": "nan",
    "KT": "1.8189136353359467",
    "ADAPTER_DIAMETER": "nan",
    "MIN_CELLS": "108",
    "PROP_SIZE_REC": "nan",
    "INTERNAL_RESISTANCE": "1333.3333333333333",
    "MAX_CURRENT": "300.0",
    "MAX_POWER": "120000.0",
    "SHAFT_DIAMETER": "47.0",
    "CAN_LENGTH": "130.0",
    "IO_IDLE_CURRENT_10V": "8.16",
    "PROP_PITCH_REC": "nan",
    "TOTAL_LENGTH": "203.0",
    "CONTROL_CHANNEL": "1",
    "CADPART": "para_motor.prt"
  },
  "t_post_mp_bottom_prop": {
    "WEIGHT": "0.831",
    "HUB_THICKNESS": "118.10999999999999",
    "PITCH": "127.0",
    "MODEL": "62x5_2_3200_46_1150",
    "DIAMETER": "1574.8",
    "PERFORMANCE_FILE": "62x5_2_3200_46_1150.dat",
    "SHAFT_DIAMETER": "47",
    "DIRECTION": -1.0,
    "PROP_TYPE": 1.0,
    "CADPART": "para_prop.prt"
  },
  "fork_post_mp_2_prop": {
    "WEIGHT": "0.831",
    "HUB_THICKNESS": "118.10999999999999",
    "PITCH": "127.0",
    "MODEL": "62x5_2_3200_46_1150",
    "DIAMETER": "1574.8",
    "PERFORMANCE_FILE": "62x5_2_3200_46_1150.dat",
    "SHAFT_DIAMETER": "47",
    "DIRECTION": 1.0,
    "PROP_TYPE": 1.0,
    "CADPART": "para_prop.prt"
  },
  "tail_tbar_cross_mp_motor": {
    "LENGTH": "140.0",
    "ESC_BEC_CLASS": "nan",
    "WEIGHT": "35.0",
    "COST": "0",
    "KV": "5.25",
    "POLES": "nan",
    "MAX_CELLS": "217",
    "CAN_DIAMETER": "381.0",
    "KM": "1.5752254154908345",
    "MODEL": "MAGiDRIVE150",
    "ADAPTER_LENGTH": "nan",
    "KT": "1.8189136353359467",
    "ADAPTER_DIAMETER": "nan",
    "MIN_CELLS": "108",
    "PROP_SIZE_REC": "nan",
    "INTERNAL_RESISTANCE": "1333.3333333333333",
    "MAX_CURRENT": "300.0",
    "MAX_POWER": "120000.0",
    "SHAFT_DIAMETER": "47.0",
    "CAN_LENGTH": "130.0",
    "IO_IDLE_CURRENT_10V": "8.16",
    "PROP_PITCH_REC": "nan",
    "TOTAL_LENGTH": "203.0",
    "CONTROL_CHANNEL": "1",
    "CADPART": "para_motor.prt"
  },
  "fork_post_mp_1_motor": {
    "LENGTH": "140.0",
    "ESC_BEC_CLASS": "nan",
    "WEIGHT": "35.0",
    "COST": "0",
    "KV": "5.25",
    "POLES": "nan",
    "MAX_CELLS": "217",
    "CAN_DIAMETER": "381.0",
    "KM": "1.5752254154908345",
    "MODEL": "MAGiDRIVE150",
    "ADAPTER_LENGTH": "nan",
    "KT": "1.8189136353359467",
    "ADAPTER_DIAMETER": "nan",
    "MIN_CELLS": "108",
    "PROP_SIZE_REC": "nan",
    "INTERNAL_RESISTANCE": "1333.3333333333333",
    "MAX_CURRENT": "300.0",
    "MAX_POWER": "120000.0",
    "SHAFT_DIAMETER": "47.0",
    "CAN_LENGTH": "130.0",
    "IO_IDLE_CURRENT_10V": "8.16",
    "PROP_PITCH_REC": "nan",
    "TOTAL_LENGTH": "203.0",
    "CONTROL_CHANNEL": "1",
    "CADPART": "para_motor.prt"
  },
  "fork_post_mp_2_motor": {
    "LENGTH": "140.0",
    "ESC_BEC_CLASS": "nan",
    "WEIGHT": "35.0",
    "COST": "0",
    "KV": "5.25",
    "POLES": "nan",
    "MAX_CELLS": "217",
    "CAN_DIAMETER": "381.0",
    "KM": "1.5752254154908345",
    "MODEL": "MAGiDRIVE150",
    "ADAPTER_LENGTH": "nan",
    "KT": "1.8189136353359467",
    "ADAPTER_DIAMETER": "nan",
    "MIN_CELLS": "108",
    "PROP_SIZE_REC": "nan",
    "INTERNAL_RESISTANCE": "1333.3333333333333",
    "MAX_CURRENT": "300.0",
    "MAX_POWER": "120000.0",
    "SHAFT_DIAMETER": "47.0",
    "CAN_LENGTH": "130.0",
    "IO_IDLE_CURRENT_10V": "8.16",
    "PROP_PITCH_REC": "nan",
    "TOTAL_LENGTH": "203.0",
    "CONTROL_CHANNEL": "1",
    "CADPART": "para_motor.prt"
  },
  "tail_tbar_cross_mp_prop": {
    "WEIGHT": "0.831",
    "HUB_THICKNESS": "118.10999999999999",
    "PITCH": "127.0",
    "MODEL": "62x5_2_3200_46_1150",
    "DIAMETER": "1574.8",
    "PERFORMANCE_FILE": "62x5_2_3200_46_1150.dat",
    "SHAFT_DIAMETER": "47",
    "DIRECTION": 1.0,
    "PROP_TYPE": -1.0,
    "CADPART": "para_prop.prt"
  },
  "fork_post_mp_6_motor": {
    "LENGTH": "140.0",
    "ESC_BEC_CLASS": "nan",
    "WEIGHT": "35.0",
    "COST": "0",
    "KV": "5.25",
    "POLES": "nan",
    "MAX_CELLS": "217",
    "CAN_DIAMETER": "381.0",
    "KM": "1.5752254154908345",
    "MODEL": "MAGiDRIVE150",
    "ADAPTER_LENGTH": "nan",
    "KT": "1.8189136353359467",
    "ADAPTER_DIAMETER": "nan",
    "MIN_CELLS": "108",
    "PROP_SIZE_REC": "nan",
    "INTERNAL_RESISTANCE": "1333.3333333333333",
    "MAX_CURRENT": "300.0",
    "MAX_POWER": "120000.0",
    "SHAFT_DIAMETER": "47.0",
    "CAN_LENGTH": "130.0",
    "IO_IDLE_CURRENT_10V": "8.16",
    "PROP_PITCH_REC": "nan",
    "TOTAL_LENGTH": "203.0",
    "CONTROL_CHANNEL": "1",
    "CADPART": "para_motor.prt"
  },
  "fork_post_mp_4_motor": {
    "LENGTH": "140.0",
    "ESC_BEC_CLASS": "nan",
    "WEIGHT": "35.0",
    "COST": "0",
    "KV": "5.25",
    "POLES": "nan",
    "MAX_CELLS": "217",
    "CAN_DIAMETER": "381.0",
    "KM": "1.5752254154908345",
    "MODEL": "MAGiDRIVE150",
    "ADAPTER_LENGTH": "nan",
    "KT": "1.8189136353359467",
    "ADAPTER_DIAMETER": "nan",
    "MIN_CELLS": "108",
    "PROP_SIZE_REC": "nan",
    "INTERNAL_RESISTANCE": "1333.3333333333333",
    "MAX_CURRENT": "300.0",
    "MAX_POWER": "120000.0",
    "SHAFT_DIAMETER": "47.0",
    "CAN_LENGTH": "130.0",
    "IO_IDLE_CURRENT_10V": "8.16",
    "PROP_PITCH_REC": "nan",
    "TOTAL_LENGTH": "203.0",
    "CONTROL_CHANNEL": "1",
    "CADPART": "para_motor.prt"
  },
  "fork_post_mp_7_motor": {
    "LENGTH": "140.0",
    "ESC_BEC_CLASS": "nan",
    "WEIGHT": "35.0",
    "COST": "0",
    "KV": "5.25",
    "POLES": "nan",
    "MAX_CELLS": "217",
    "CAN_DIAMETER": "381.0",
    "KM": "1.5752254154908345",
    "MODEL": "MAGiDRIVE150",
    "ADAPTER_LENGTH": "nan",
    "KT": "1.8189136353359467",
    "ADAPTER_DIAMETER": "nan",
    "MIN_CELLS": "108",
    "PROP_SIZE_REC": "nan",
    "INTERNAL_RESISTANCE": "1333.3333333333333",
    "MAX_CURRENT": "300.0",
    "MAX_POWER": "120000.0",
    "SHAFT_DIAMETER": "47.0",
    "CAN_LENGTH": "130.0",
    "IO_IDLE_CURRENT_10V": "8.16",
    "PROP_PITCH_REC": "nan",
    "TOTAL_LENGTH": "203.0",
    "CONTROL_CHANNEL": "1",
    "CADPART": "para_motor.prt"
  },
  "fork_post_mp_9_prop": {
    "WEIGHT": "0.831",
    "HUB_THICKNESS": "118.10999999999999",
    "PITCH": "127.0",
    "MODEL": "62x5_2_3200_46_1150",
    "DIAMETER": "1574.8",
    "PERFORMANCE_FILE": "62x5_2_3200_46_1150.dat",
    "SHAFT_DIAMETER": "47",
    "DIRECTION": 1.0,
    "PROP_TYPE": 1.0,
    "CADPART": "para_prop.prt"
  },
  "fork_post_mp_5_motor": {
    "LENGTH": "140.0",
    "ESC_BEC_CLASS": "nan",
    "WEIGHT": "35.0",
    "COST": "0",
    "KV": "5.25",
    "POLES": "nan",
    "MAX_CELLS": "217",
    "CAN_DIAMETER": "381.0",
    "KM": "1.5752254154908345",
    "MODEL": "MAGiDRIVE150",
    "ADAPTER_LENGTH": "nan",
    "KT": "1.8189136353359467",
    "ADAPTER_DIAMETER": "nan",
    "MIN_CELLS": "108",
    "PROP_SIZE_REC": "nan",
    "INTERNAL_RESISTANCE": "1333.3333333333333",
    "MAX_CURRENT": "300.0",
    "MAX_POWER": "120000.0",
    "SHAFT_DIAMETER": "47.0",
    "CAN_LENGTH": "130.0",
    "IO_IDLE_CURRENT_10V": "8.16",
    "PROP_PITCH_REC": "nan",
    "TOTAL_LENGTH": "203.0",
    "CONTROL_CHANNEL": "1",
    "CADPART": "para_motor.prt"
  },
  "fork_post_mp_6_prop": {
    "WEIGHT": "0.831",
    "HUB_THICKNESS": "118.10999999999999",
    "PITCH": "127.0",
    "MODEL": "62x5_2_3200_46_1150",
    "DIAMETER": "1574.8",
    "PERFORMANCE_FILE": "62x5_2_3200_46_1150.dat",
    "SHAFT_DIAMETER": "47",
    "DIRECTION": 1.0,
    "PROP_TYPE": 1.0,
    "CADPART": "para_prop.prt"
  },
  "fork_post_mp_8_motor": {
    "LENGTH": "140.0",
    "ESC_BEC_CLASS": "nan",
    "WEIGHT": "35.0",
    "COST": "0",
    "KV": "5.25",
    "POLES": "nan",
    "MAX_CELLS": "217",
    "CAN_DIAMETER": "381.0",
    "KM": "1.5752254154908345",
    "MODEL": "MAGiDRIVE150",
    "ADAPTER_LENGTH": "nan",
    "KT": "1.8189136353359467",
    "ADAPTER_DIAMETER": "nan",
    "MIN_CELLS": "108",
    "PROP_SIZE_REC": "nan",
    "INTERNAL_RESISTANCE": "1333.3333333333333",
    "MAX_CURRENT": "300.0",
    "MAX_POWER": "120000.0",
    "SHAFT_DIAMETER": "47.0",
    "CAN_LENGTH": "130.0",
    "IO_IDLE_CURRENT_10V": "8.16",
    "PROP_PITCH_REC": "nan",
    "TOTAL_LENGTH": "203.0",
    "CONTROL_CHANNEL": "1",
    "CADPART": "para_motor.prt"
  },
  "fork_post_mp_9_motor": {
    "LENGTH": "140.0",
    "ESC_BEC_CLASS": "nan",
    "WEIGHT": "35.0",
    "COST": "0",
    "KV": "5.25",
    "POLES": "nan",
    "MAX_CELLS": "217",
    "CAN_DIAMETER": "381.0",
    "KM": "1.5752254154908345",
    "MODEL": "MAGiDRIVE150",
    "ADAPTER_LENGTH": "nan",
    "KT": "1.8189136353359467",
    "ADAPTER_DIAMETER": "nan",
    "MIN_CELLS": "108",
    "PROP_SIZE_REC": "nan",
    "INTERNAL_RESISTANCE": "1333.3333333333333",
    "MAX_CURRENT": "300.0",
    "MAX_POWER": "120000.0",
    "SHAFT_DIAMETER": "47.0",
    "CAN_LENGTH": "130.0",
    "IO_IDLE_CURRENT_10V": "8.16",
    "PROP_PITCH_REC": "nan",
    "TOTAL_LENGTH": "203.0",
    "CONTROL_CHANNEL": "1",
    "CADPART": "para_motor.prt"
  },
  "t_cross_mp_bottom_motor": {
    "LENGTH": "140.0",
    "ESC_BEC_CLASS": "nan",
    "WEIGHT": "35.0",
    "COST": "0",
    "KV": "5.25",
    "POLES": "nan",
    "MAX_CELLS": "217",
    "CAN_DIAMETER": "381.0",
    "KM": "1.5752254154908345",
    "MODEL": "MAGiDRIVE150",
    "ADAPTER_LENGTH": "nan",
    "KT": "1.8189136353359467",
    "ADAPTER_DIAMETER": "nan",
    "MIN_CELLS": "108",
    "PROP_SIZE_REC": "nan",
    "INTERNAL_RESISTANCE": "1333.3333333333333",
    "MAX_CURRENT": "300.0",
    "MAX_POWER": "120000.0",
    "SHAFT_DIAMETER": "47.0",
    "CAN_LENGTH": "130.0",
    "IO_IDLE_CURRENT_10V": "8.16",
    "PROP_PITCH_REC": "nan",
    "TOTAL_LENGTH": "203.0",
    "CONTROL_CHANNEL": "1",
    "CADPART": "para_motor.prt"
  },
  "fork_post_mp_10_prop": {
    "WEIGHT": "0.831",
    "HUB_THICKNESS": "118.10999999999999",
    "PITCH": "127.0",
    "MODEL": "62x5_2_3200_46_1150",
    "DIAMETER": "1574.8",
    "PERFORMANCE_FILE": "62x5_2_3200_46_1150.dat",
    "SHAFT_DIAMETER": "47",
    "DIRECTION": 1.0,
    "PROP_TYPE": 1.0,
    "CADPART": "para_prop.prt"
  },
  "passenger1": {
    "WEIGHT": "90",
    "CADPART": "disc_passenger.prt"
  },
  "fork_post_mp_1_prop": {
    "WEIGHT": "0.831",
    "HUB_THICKNESS": "118.10999999999999",
    "PITCH": "127.0",
    "MODEL": "62x5_2_3200_46_1150",
    "DIAMETER": "1574.8",
    "PERFORMANCE_FILE": "62x5_2_3200_46_1150.dat",
    "SHAFT_DIAMETER": "47",
    "DIRECTION": 1.0,
    "PROP_TYPE": 1.0,
    "CADPART": "para_prop.prt"
  },
  "fork_post_mp_3_motor": {
    "LENGTH": "140.0",
    "ESC_BEC_CLASS": "nan",
    "WEIGHT": "35.0",
    "COST": "0",
    "KV": "5.25",
    "POLES": "nan",
    "MAX_CELLS": "217",
    "CAN_DIAMETER": "381.0",
    "KM": "1.5752254154908345",
    "MODEL": "MAGiDRIVE150",
    "ADAPTER_LENGTH": "nan",
    "KT": "1.8189136353359467",
    "ADAPTER_DIAMETER": "nan",
    "MIN_CELLS": "108",
    "PROP_SIZE_REC": "nan",
    "INTERNAL_RESISTANCE": "1333.3333333333333",
    "MAX_CURRENT": "300.0",
    "MAX_POWER": "120000.0",
    "SHAFT_DIAMETER": "47.0",
    "CAN_LENGTH": "130.0",
    "IO_IDLE_CURRENT_10V": "8.16",
    "PROP_PITCH_REC": "nan",
    "TOTAL_LENGTH": "203.0",
    "CONTROL_CHANNEL": "1",
    "CADPART": "para_motor.prt"
  },
  "fork_post_mp_4_prop": {
    "WEIGHT": "0.831",
    "HUB_THICKNESS": "118.10999999999999",
    "PITCH": "127.0",
    "MODEL": "62x5_2_3200_46_1150",
    "DIAMETER": "1574.8",
    "PERFORMANCE_FILE": "62x5_2_3200_46_1150.dat",
    "SHAFT_DIAMETER": "47",
    "DIRECTION": 1.0,
    "PROP_TYPE": 1.0,
    "CADPART": "para_prop.prt"
  },
  "fork_post_mp_5_prop": {
    "WEIGHT": "0.831",
    "HUB_THICKNESS": "118.10999999999999",
    "PITCH": "127.0",
    "MODEL": "62x5_2_3200_46_1150",
    "DIAMETER": "1574.8",
    "PERFORMANCE_FILE": "62x5_2_3200_46_1150.dat",
    "SHAFT_DIAMETER": "47",
    "DIRECTION": 1.0,
    "PROP_TYPE": 1.0,
    "CADPART": "para_prop.prt"
  },
  "fork_post_mp_7_prop": {
    "WEIGHT": "0.831",
    "HUB_THICKNESS": "118.10999999999999",
    "PITCH": "127.0",
    "MODEL": "62x5_2_3200_46_1150",
    "DIAMETER": "1574.8",
    "PERFORMANCE_FILE": "62x5_2_3200_46_1150.dat",
    "SHAFT_DIAMETER": "47",
    "DIRECTION": 1.0,
    "PROP_TYPE": 1.0,
    "CADPART": "para_prop.prt"
  },
  "tail_tbar_post_mp_motor": {
    "LENGTH": "140.0",
    "ESC_BEC_CLASS": "nan",
    "WEIGHT": "35.0",
    "COST": "0",
    "KV": "5.25",
    "POLES": "nan",
    "MAX_CELLS": "217",
    "CAN_DIAMETER": "381.0",
    "KM": "1.5752254154908345",
    "MODEL": "MAGiDRIVE150",
    "ADAPTER_LENGTH": "nan",
    "KT": "1.8189136353359467",
    "ADAPTER_DIAMETER": "nan",
    "MIN_CELLS": "108",
    "PROP_SIZE_REC": "nan",
    "INTERNAL_RESISTANCE": "1333.3333333333333",
    "MAX_CURRENT": "300.0",
    "MAX_POWER": "120000.0",
    "SHAFT_DIAMETER": "47.0",
    "CAN_LENGTH": "130.0",
    "IO_IDLE_CURRENT_10V": "8.16",
    "PROP_PITCH_REC": "nan",
    "TOTAL_LENGTH": "203.0",
    "CONTROL_CHANNEL": "1",
    "CADPART": "para_motor.prt"
  },
  "tail_tbar_post_mp_prop": {
    "WEIGHT": "0.831",
    "HUB_THICKNESS": "118.10999999999999",
    "PITCH": "127.0",
    "MODEL": "62x5_2_3200_46_1150",
    "DIAMETER": "1574.8",
    "PERFORMANCE_FILE": "62x5_2_3200_46_1150.dat",
    "SHAFT_DIAMETER": "47",
    "DIRECTION": 1.0,
    "PROP_TYPE": 1.0,
    "CADPART": "para_prop.prt"
  },
  "battery_controller": {
    "OUTPUT_VOLTAGE": "1",
    "INPUT_VOLTAGE": "1"
  }
}