[{"DESIGN_PARAM": "fuselage_MIDDLE_LENGTH", "DESIGN_PARAM_VAL": "300", "COMPONENT_NAME": "fuselage", "COMPONENT_PARAM": "MIDDLE_LENGTH"}, {"DESIGN_PARAM": "fuselage_FLOOR_HEIGHT", "DESIGN_PARAM_VAL": "150", "COMPONENT_NAME": "fuselage", "COMPONENT_PARAM": "FLOOR_HEIGHT"}, {"DESIGN_PARAM": "fuselage_SEAT_1_FB", "DESIGN_PARAM_VAL": "1000", "COMPONENT_NAME": "fuselage", "COMPONENT_PARAM": "SEAT_1_FB"}, {"DESIGN_PARAM": "fuselage_PORT_THICKNESS", "DESIGN_PARAM_VAL": "100", "COMPONENT_NAME": "fuselage", "COMPONENT_PARAM": "PORT_THICKNESS"}, {"DESIGN_PARAM": "fuselage_LEFT_PORT_DISP", "DESIGN_PARAM_VAL": "0", "COMPONENT_NAME": "fuselage", "COMPONENT_PARAM": "LEFT_PORT_DISP"}, {"DESIGN_PARAM": "fuselage_RIGHT_PORT_DISP", "DESIGN_PARAM_VAL": "0", "COMPONENT_NAME": "fuselage", "COMPONENT_PARAM": "RIGHT_PORT_DISP"}, {"DESIGN_PARAM": "fuselage_LENGTH", "DESIGN_PARAM_VAL": "2000", "COMPONENT_NAME": "fuselage", "COMPONENT_PARAM": "LENGTH"}, {"DESIGN_PARAM": "right_battery_CHORD_1", "DESIGN_PARAM_VAL": "1400", "COMPONENT_NAME": "right_battery", "COMPONENT_PARAM": "CHORD_1"}, {"DESIGN_PARAM": "fuselage_SPHERE_DIAMETER", "DESIGN_PARAM_VAL": "1520", "COMPONENT_NAME": "fuselage", "COMPONENT_PARAM": "SPHERE_DIAMETER"}, {"DESIGN_PARAM": "fuselage_SEAT_2_LR", "DESIGN_PARAM_VAL": "210", "COMPONENT_NAME": "fuselage", "COMPONENT_PARAM": "SEAT_2_LR"}, {"DESIGN_PARAM": "fuselage_TAIL_DIAMETER", "DESIGN_PARAM_VAL": "200", "COMPONENT_NAME": "fuselage", "COMPONENT_PARAM": "TAIL_DIAMETER"}, {"DESIGN_PARAM": "fuselage_BOTTOM_PORT_DISP", "DESIGN_PARAM_VAL": "0", "COMPONENT_NAME": "fuselage", "COMPONENT_PARAM": "BOTTOM_PORT_DISP"}, {"DESIGN_PARAM": "left_wing_LOAD", "DESIGN_PARAM_VAL": "5000", "COMPONENT_NAME": "left_wing", "COMPONENT_PARAM": "LOAD"}, {"DESIGN_PARAM": "left_wing_THICKNESS", "DESIGN_PARAM_VAL": "15", "COMPONENT_NAME": "left_wing", "COMPONENT_PARAM": "THICKNESS"}, {"DESIGN_PARAM": "right_battery_VOLUME_PERCENT", "DESIGN_PARAM_VAL": "100", "COMPONENT_NAME": "right_battery", "COMPONENT_PARAM": "VOLUME_PERCENT"}, {"DESIGN_PARAM": "cylinder_3_LENGTH", "DESIGN_PARAM_VAL": "1500", "COMPONENT_NAME": "cylinder_3", "COMPONENT_PARAM": "LENGTH"}, {"DESIGN_PARAM": "right_battery_THICKNESS", "DESIGN_PARAM_VAL": "15", "COMPONENT_NAME": "right_battery", "COMPONENT_PARAM": "THICKNESS"}, {"DESIGN_PARAM": "fuselage_SEAT_1_LR", "DESIGN_PARAM_VAL": "-210", "COMPONENT_NAME": "fuselage", "COMPONENT_PARAM": "SEAT_1_LR"}, {"DESIGN_PARAM": "fuselage_SEAT_2_FB", "DESIGN_PARAM_VAL": "1000", "COMPONENT_NAME": "fuselage", "COMPONENT_PARAM": "SEAT_2_FB"}, {"DESIGN_PARAM": "left_battery_VOLUME_PERCENT", "DESIGN_PARAM_VAL": "100", "COMPONENT_NAME": "left_battery", "COMPONENT_PARAM": "VOLUME_PERCENT"}, {"DESIGN_PARAM": "right_wing_SPAN", "DESIGN_PARAM_VAL": "8000", "COMPONENT_NAME": "right_wing", "COMPONENT_PARAM": "SPAN"}, {"DESIGN_PARAM": "cylinder_2_PORT_THICKNESS", "DESIGN_PARAM_VAL": "75.0", "COMPONENT_NAME": "cylinder_2", "COMPONENT_PARAM": "PORT_THICKNESS"}, {"DESIGN_PARAM": "cylinder_1_DIAMETER", "DESIGN_PARAM_VAL": "100", "COMPONENT_NAME": "cylinder_1", "COMPONENT_PARAM": "DIAMETER"}, {"DESIGN_PARAM": "cylinder_1_PORT_THICKNESS", "DESIGN_PARAM_VAL": "75.0", "COMPONENT_NAME": "cylinder_1", "COMPONENT_PARAM": "PORT_THICKNESS"}, {"DESIGN_PARAM": "right_battery_VOLTAGE_REQUEST", "DESIGN_PARAM_VAL": "840", "COMPONENT_NAME": "right_battery", "COMPONENT_PARAM": "VOLTAGE_REQUEST"}, {"DESIGN_PARAM": "left_battery_THICKNESS", "DESIGN_PARAM_VAL": "15", "COMPONENT_NAME": "left_battery", "COMPONENT_PARAM": "THICKNESS"}, {"DESIGN_PARAM": "cylinder_4_LENGTH", "DESIGN_PARAM_VAL": "1500", "COMPONENT_NAME": "cylinder_4", "COMPONENT_PARAM": "LENGTH"}, {"DESIGN_PARAM": "left_battery_MOUNT_SIDE", "DESIGN_PARAM_VAL": "2", "COMPONENT_NAME": "left_battery", "COMPONENT_PARAM": "MOUNT_SIDE"}, {"DESIGN_PARAM": "cylinder_2_LENGTH", "DESIGN_PARAM_VAL": "1500", "COMPONENT_NAME": "cylinder_2", "COMPONENT_PARAM": "LENGTH"}, {"DESIGN_PARAM": "cylinder_3_DIAMETER", "DESIGN_PARAM_VAL": "100", "COMPONENT_NAME": "cylinder_3", "COMPONENT_PARAM": "DIAMETER"}, {"DESIGN_PARAM": "right_wing_CHORD_2", "DESIGN_PARAM_VAL": "1400", "COMPONENT_NAME": "right_wing", "COMPONENT_PARAM": "CHORD_2"}, {"DESIGN_PARAM": "right_battery_CHORD_2", "DESIGN_PARAM_VAL": "1400", "COMPONENT_NAME": "right_battery", "COMPONENT_PARAM": "CHORD_2"}, {"DESIGN_PARAM": "cylinder_4_PORT_THICKNESS", "DESIGN_PARAM_VAL": "75.0", "COMPONENT_NAME": "cylinder_4", "COMPONENT_PARAM": "PORT_THICKNESS"}, {"DESIGN_PARAM": "fuselage_TOP_PORT_DISP", "DESIGN_PARAM_VAL": "0", "COMPONENT_NAME": "fuselage", "COMPONENT_PARAM": "TOP_PORT_DISP"}, {"DESIGN_PARAM": "right_battery_SPAN", "DESIGN_PARAM_VAL": "8000", "COMPONENT_NAME": "right_battery", "COMPONENT_PARAM": "SPAN"}, {"DESIGN_PARAM": "right_wing_NACA_Profile", "DESIGN_PARAM_VAL": "0015", "COMPONENT_NAME": "right_wing", "COMPONENT_PARAM": "NACA_Profile"}, {"DESIGN_PARAM": "left_battery_SPAN", "DESIGN_PARAM_VAL": "8000", "COMPONENT_NAME": "left_battery", "COMPONENT_PARAM": "SPAN"}, {"DESIGN_PARAM": "cylinder_0_DIAMETER", "DESIGN_PARAM_VAL": "100", "COMPONENT_NAME": "cylinder_0", "COMPONENT_PARAM": "DIAMETER"}, {"DESIGN_PARAM": "cylinder_1_LENGTH", "DESIGN_PARAM_VAL": "1500", "COMPONENT_NAME": "cylinder_1", "COMPONENT_PARAM": "LENGTH"}, {"DESIGN_PARAM": "cylinder_1_FRONT_ANGLE", "DESIGN_PARAM_VAL": "0", "COMPONENT_NAME": "cylinder_1", "COMPONENT_PARAM": "FRONT_ANGLE"}, {"DESIGN_PARAM": "cylinder_2_DIAMETER", "DESIGN_PARAM_VAL": "100", "COMPONENT_NAME": "cylinder_2", "COMPONENT_PARAM": "DIAMETER"}, {"DESIGN_PARAM": "left_wing_NACA_Profile", "DESIGN_PARAM_VAL": "0015", "COMPONENT_NAME": "left_wing", "COMPONENT_PARAM": "NACA_Profile"}, {"DESIGN_PARAM": "cylinder_3_PORT_THICKNESS", "DESIGN_PARAM_VAL": "75.0", "COMPONENT_NAME": "cylinder_3", "COMPONENT_PARAM": "PORT_THICKNESS"}, {"DESIGN_PARAM": "cylinder_4_DIAMETER", "DESIGN_PARAM_VAL": "100", "COMPONENT_NAME": "cylinder_4", "COMPONENT_PARAM": "DIAMETER"}, {"DESIGN_PARAM": "right_battery_MOUNT_SIDE", "DESIGN_PARAM_VAL": "1", "COMPONENT_NAME": "right_battery", "COMPONENT_PARAM": "MOUNT_SIDE"}, {"DESIGN_PARAM": "cylinder_2_FRONT_ANGLE", "DESIGN_PARAM_VAL": "0", "COMPONENT_NAME": "cylinder_2", "COMPONENT_PARAM": "FRONT_ANGLE"}, {"DESIGN_PARAM": "left_battery_CHORD_2", "DESIGN_PARAM_VAL": "1400", "COMPONENT_NAME": "left_battery", "COMPONENT_PARAM": "CHORD_2"}, {"DESIGN_PARAM": "cylinder_4_FRONT_ANGLE", "DESIGN_PARAM_VAL": "0", "COMPONENT_NAME": "cylinder_4", "COMPONENT_PARAM": "FRONT_ANGLE"}, {"DESIGN_PARAM": "right_wing_THICKNESS", "DESIGN_PARAM_VAL": "15", "COMPONENT_NAME": "right_wing", "COMPONENT_PARAM": "THICKNESS"}, {"DESIGN_PARAM": "right_wing_CHORD_1", "DESIGN_PARAM_VAL": "1400", "COMPONENT_NAME": "right_wing", "COMPONENT_PARAM": "CHORD_1"}, {"DESIGN_PARAM": "right_wing_LOAD", "DESIGN_PARAM_VAL": "5000", "COMPONENT_NAME": "right_wing", "COMPONENT_PARAM": "LOAD"}, {"DESIGN_PARAM": "left_wing_CHORD_1", "DESIGN_PARAM_VAL": "1400", "COMPONENT_NAME": "left_wing", "COMPONENT_PARAM": "CHORD_1"}, {"DESIGN_PARAM": "left_wing_CHORD_2", "DESIGN_PARAM_VAL": "1400", "COMPONENT_NAME": "left_wing", "COMPONENT_PARAM": "CHORD_2"}, {"DESIGN_PARAM": "left_wing_SPAN", "DESIGN_PARAM_VAL": "8000", "COMPONENT_NAME": "left_wing", "COMPONENT_PARAM": "SPAN"}, {"DESIGN_PARAM": "left_battery_CHORD_1", "DESIGN_PARAM_VAL": "1400", "COMPONENT_NAME": "left_battery", "COMPONENT_PARAM": "CHORD_1"}, {"DESIGN_PARAM": "left_battery_VOLTAGE_REQUEST", "DESIGN_PARAM_VAL": "840", "COMPONENT_NAME": "left_battery", "COMPONENT_PARAM": "VOLTAGE_REQUEST"}, {"DESIGN_PARAM": "cylinder_0_LENGTH", "DESIGN_PARAM_VAL": "1500", "COMPONENT_NAME": "cylinder_0", "COMPONENT_PARAM": "LENGTH"}, {"DESIGN_PARAM": "cylinder_0_PORT_THICKNESS", "DESIGN_PARAM_VAL": "75.0", "COMPONENT_NAME": "cylinder_0", "COMPONENT_PARAM": "PORT_THICKNESS"}, {"DESIGN_PARAM": "cylinder_0_FRONT_ANGLE", "DESIGN_PARAM_VAL": "0", "COMPONENT_NAME": "cylinder_0", "COMPONENT_PARAM": "FRONT_ANGLE"}, {"DESIGN_PARAM": "cylinder_3_FRONT_ANGLE", "DESIGN_PARAM_VAL": "0", "COMPONENT_NAME": "cylinder_3", "COMPONENT_PARAM": "FRONT_ANGLE"}]