[{"FROM_COMP": "battery_controller", "FROM_CONN": "BatteryPower", "TO_COMP": "right_battery", "TO_CONN": "PowerBus"}, {"FROM_COMP": "battery_controller", "FROM_CONN": "BatteryPower", "TO_COMP": "left_battery", "TO_CONN": "PowerBus"}, {"FROM_COMP": "passenger1", "FROM_CONN": "Connector", "TO_COMP": "fuselage", "TO_CONN": "SEAT_1_CONNECTOR"}, {"FROM_COMP": "left_wing", "FROM_CONN": "Battery_Connector_2", "TO_COMP": "left_battery", "TO_CONN": "Battery_Connector_2_out"}, {"FROM_COMP": "left_wing", "FROM_CONN": "Connector_2", "TO_COMP": "fuselage", "TO_CONN": "LEFT_CONNECTOR"}, {"FROM_COMP": "fuselage", "FROM_CONN": "RIGHT_CONNECTOR", "TO_COMP": "right_wing", "TO_CONN": "Connector_1"}, {"FROM_COMP": "fuselage", "FROM_CONN": "SEAT_2_CONNECTOR", "TO_COMP": "passenger2", "TO_CONN": "Connector"}, {"FROM_COMP": "fuselage", "FROM_CONN": "LEFT_CONNECTOR", "TO_COMP": "left_wing", "TO_CONN": "Connector_2"}, {"FROM_COMP": "fuselage", "FROM_CONN": "SEAT_1_CONNECTOR", "TO_COMP": "passenger1", "TO_CONN": "Connector"}, {"FROM_COMP": "fuselage", "FROM_CONN": "TOP_CONNECTOR", "TO_COMP": "cylinder_0", "TO_CONN": "FRONT_CONNECTOR"}, {"FROM_COMP": "fuselage", "FROM_CONN": "ORIENT", "TO_COMP": "Orient", "TO_CONN": "ORIENTCONN"}, {"FROM_COMP": "Orient", "FROM_CONN": "ORIENTCONN", "TO_COMP": "fuselage", "TO_CONN": "ORIENT"}, {"FROM_COMP": "right_battery", "FROM_CONN": "PowerBus", "TO_COMP": "battery_controller", "TO_CONN": "BatteryPower"}, {"FROM_COMP": "right_battery", "FROM_CONN": "Battery_Connector_1_out", "TO_COMP": "right_wing", "TO_CONN": "Battery_Connector_1"}, {"FROM_COMP": "cylinder_4", "FROM_CONN": "FRONT_CONNECTOR", "TO_COMP": "cylinder_3", "TO_CONN": "REAR_CONNECTOR"}, {"FROM_COMP": "cylinder_0", "FROM_CONN": "REAR_CONNECTOR", "TO_COMP": "cylinder_1", "TO_CONN": "FRONT_CONNECTOR"}, {"FROM_COMP": "cylinder_0", "FROM_CONN": "FRONT_CONNECTOR", "TO_COMP": "fuselage", "TO_CONN": "TOP_CONNECTOR"}, {"FROM_COMP": "passenger2", "FROM_CONN": "Connector", "TO_COMP": "fuselage", "TO_CONN": "SEAT_2_CONNECTOR"}, {"FROM_COMP": "right_wing", "FROM_CONN": "Connector_1", "TO_COMP": "fuselage", "TO_CONN": "RIGHT_CONNECTOR"}, {"FROM_COMP": "right_wing", "FROM_CONN": "Battery_Connector_1", "TO_COMP": "right_battery", "TO_CONN": "Battery_Connector_1_out"}, {"FROM_COMP": "left_battery", "FROM_CONN": "Battery_Connector_2_out", "TO_COMP": "left_wing", "TO_CONN": "Battery_Connector_2"}, {"FROM_COMP": "left_battery", "FROM_CONN": "PowerBus", "TO_COMP": "battery_controller", "TO_CONN": "BatteryPower"}, {"FROM_COMP": "cylinder_1", "FROM_CONN": "FRONT_CONNECTOR", "TO_COMP": "cylinder_0", "TO_CONN": "REAR_CONNECTOR"}, {"FROM_COMP": "cylinder_1", "FROM_CONN": "REAR_CONNECTOR", "TO_COMP": "cylinder_2", "TO_CONN": "FRONT_CONNECTOR"}, {"FROM_COMP": "cylinder_2", "FROM_CONN": "REAR_CONNECTOR", "TO_COMP": "cylinder_3", "TO_CONN": "FRONT_CONNECTOR"}, {"FROM_COMP": "cylinder_2", "FROM_CONN": "FRONT_CONNECTOR", "TO_COMP": "cylinder_1", "TO_CONN": "REAR_CONNECTOR"}, {"FROM_COMP": "cylinder_3", "FROM_CONN": "REAR_CONNECTOR", "TO_COMP": "cylinder_4", "TO_CONN": "FRONT_CONNECTOR"}, {"FROM_COMP": "cylinder_3", "FROM_CONN": "FRONT_CONNECTOR", "TO_COMP": "cylinder_2", "TO_CONN": "REAR_CONNECTOR"}]