[{"FROM_COMP": "passenger1", "LIB_COMPONENT": "Passenger", "CAD_PRT": "disc_passenger.prt"}, {"FROM_COMP": "left_wing", "LIB_COMPONENT": "naca_wing", "CAD_PRT": "naca_sym_wing_taper.prt"}, {"FROM_COMP": "fuselage", "LIB_COMPONENT": "FUSE_SPHERE_CYL_CONE", "CAD_PRT": "fuse_sphere_cone.prt"}, {"FROM_COMP": "Orient", "LIB_COMPONENT": "Orient", "CAD_PRT": "orientuav.prt"}, {"FROM_COMP": "right_battery", "LIB_COMPONENT": "VitalyBeta", "CAD_PRT": "mega_battery.prt"}, {"FROM_COMP": "cylinder_4", "LIB_COMPONENT": "PORTED_CYL", "CAD_PRT": "fuse_cyl_ported.prt"}, {"FROM_COMP": "cylinder_0", "LIB_COMPONENT": "PORTED_CYL", "CAD_PRT": "fuse_cyl_ported.prt"}, {"FROM_COMP": "passenger2", "LIB_COMPONENT": "Passenger", "CAD_PRT": "disc_passenger.prt"}, {"FROM_COMP": "right_wing", "LIB_COMPONENT": "naca_wing", "CAD_PRT": "naca_sym_wing_taper.prt"}, {"FROM_COMP": "left_battery", "LIB_COMPONENT": "VitalyBeta", "CAD_PRT": "mega_battery.prt"}, {"FROM_COMP": "cylinder_1", "LIB_COMPONENT": "PORTED_CYL", "CAD_PRT": "fuse_cyl_ported.prt"}, {"FROM_COMP": "cylinder_2", "LIB_COMPONENT": "PORTED_CYL", "CAD_PRT": "fuse_cyl_ported.prt"}, {"FROM_COMP": "cylinder_3", "LIB_COMPONENT": "PORTED_CYL", "CAD_PRT": "fuse_cyl_ported.prt"}]