[{"COMP_NAME": "battery_controller", "LIB_NAME": "BatteryController", "PROP_NAME": "Output_Voltage", "PROP_VALUE": "1"}, {"COMP_NAME": "battery_controller", "LIB_NAME": "BatteryController", "PROP_NAME": "Input_Voltage", "PROP_VALUE": "1"}, {"COMP_NAME": "left_wing", "LIB_NAME": "naca_wing", "PROP_NAME": "THICKNESS", "PROP_VALUE": "12"}, {"COMP_NAME": "left_wing", "LIB_NAME": "naca_wing", "PROP_NAME": "FLAP_BIAS", "PROP_VALUE": "0.5"}, {"COMP_NAME": "left_wing", "LIB_NAME": "naca_wing", "PROP_NAME": "CHORD_1", "PROP_VALUE": "1000"}, {"COMP_NAME": "left_wing", "LIB_NAME": "naca_wing", "PROP_NAME": "LOAD", "PROP_VALUE": "1.28106e+011"}, {"COMP_NAME": "left_wing", "LIB_NAME": "naca_wing", "PROP_NAME": "AILERON_BIAS", "PROP_VALUE": "0.5"}, {"COMP_NAME": "left_wing", "LIB_NAME": "naca_wing", "PROP_NAME": "TAPER_OFFSET", "PROP_VALUE": "0"}, {"COMP_NAME": "left_wing", "LIB_NAME": "naca_wing", "PROP_NAME": "CHORD_2", "PROP_VALUE": "1000"}, {"COMP_NAME": "left_wing", "LIB_NAME": "naca_wing", "PROP_NAME": "SPAN", "PROP_VALUE": "10000"}, {"COMP_NAME": "left_wing", "LIB_NAME": "naca_wing", "PROP_NAME": "NACA_Profile", "PROP_VALUE": "0012"}, {"COMP_NAME": "fuselage", "LIB_NAME": "FUSE_SPHERE_CYL_CONE", "PROP_NAME": "RIGHT_PORT_DISP", "PROP_VALUE": "0"}, {"COMP_NAME": "fuselage", "LIB_NAME": "FUSE_SPHERE_CYL_CONE", "PROP_NAME": "SEAT_2_LR", "PROP_VALUE": "200"}, {"COMP_NAME": "fuselage", "LIB_NAME": "FUSE_SPHERE_CYL_CONE", "PROP_NAME": "TAIL_DIAMETER", "PROP_VALUE": "200"}, {"COMP_NAME": "fuselage", "LIB_NAME": "FUSE_SPHERE_CYL_CONE", "PROP_NAME": "SPHERE_DIAMETER", "PROP_VALUE": "1520"}, {"COMP_NAME": "fuselage", "LIB_NAME": "FUSE_SPHERE_CYL_CONE", "PROP_NAME": "LENGTH", "PROP_VALUE": "2000"}, {"COMP_NAME": "fuselage", "LIB_NAME": "FUSE_SPHERE_CYL_CONE", "PROP_NAME": "TOP_PORT_DISP", "PROP_VALUE": "0"}, {"COMP_NAME": "fuselage", "LIB_NAME": "FUSE_SPHERE_CYL_CONE", "PROP_NAME": "SEAT_1_FB", "PROP_VALUE": "1000"}, {"COMP_NAME": "fuselage", "LIB_NAME": "FUSE_SPHERE_CYL_CONE", "PROP_NAME": "SEAT_2_FB", "PROP_VALUE": "1000"}, {"COMP_NAME": "fuselage", "LIB_NAME": "FUSE_SPHERE_CYL_CONE", "PROP_NAME": "BOTTOM_PORT_DISP", "PROP_VALUE": "0"}, {"COMP_NAME": "fuselage", "LIB_NAME": "FUSE_SPHERE_CYL_CONE", "PROP_NAME": "MIDDLE_LENGTH", "PROP_VALUE": "750"}, {"COMP_NAME": "fuselage", "LIB_NAME": "FUSE_SPHERE_CYL_CONE", "PROP_NAME": "LEFT_PORT_DISP", "PROP_VALUE": "0"}, {"COMP_NAME": "fuselage", "LIB_NAME": "FUSE_SPHERE_CYL_CONE", "PROP_NAME": "SEAT_1_LR", "PROP_VALUE": "-200"}, {"COMP_NAME": "fuselage", "LIB_NAME": "FUSE_SPHERE_CYL_CONE", "PROP_NAME": "PORT_THICKNESS", "PROP_VALUE": "100"}, {"COMP_NAME": "fuselage", "LIB_NAME": "FUSE_SPHERE_CYL_CONE", "PROP_NAME": "FLOOR_HEIGHT", "PROP_VALUE": "150"}, {"COMP_NAME": "Orient", "LIB_NAME": "Orient", "PROP_NAME": "Z_ANGLE", "PROP_VALUE": "0"}, {"COMP_NAME": "right_battery", "LIB_NAME": "VitalyBeta", "PROP_NAME": "VOLTAGE_REQUEST", "PROP_VALUE": "800"}, {"COMP_NAME": "right_battery", "LIB_NAME": "VitalyBeta", "PROP_NAME": "CHORD_1", "PROP_VALUE": "1000"}, {"COMP_NAME": "right_battery", "LIB_NAME": "VitalyBeta", "PROP_NAME": "VOLUME_PERCENT", "PROP_VALUE": "100"}, {"COMP_NAME": "right_battery", "LIB_NAME": "VitalyBeta", "PROP_NAME": "CHORD_2", "PROP_VALUE": "1000"}, {"COMP_NAME": "right_battery", "LIB_NAME": "VitalyBeta", "PROP_NAME": "TAPER_OFFSET", "PROP_VALUE": "0"}, {"COMP_NAME": "right_battery", "LIB_NAME": "VitalyBeta", "PROP_NAME": "SPAN", "PROP_VALUE": "10000"}, {"COMP_NAME": "right_battery", "LIB_NAME": "VitalyBeta", "PROP_NAME": "THICKNESS", "PROP_VALUE": "200"}, {"COMP_NAME": "right_battery", "LIB_NAME": "VitalyBeta", "PROP_NAME": "MOUNT_SIDE", "PROP_VALUE": "1"}, {"COMP_NAME": "cylinder_4", "LIB_NAME": "PORTED_CYL", "PROP_NAME": "RIGHT_CONN_DISP", "PROP_VALUE": "0"}, {"COMP_NAME": "cylinder_4", "LIB_NAME": "PORTED_CYL", "PROP_NAME": "LENGTH", "PROP_VALUE": "5000"}, {"COMP_NAME": "cylinder_4", "LIB_NAME": "PORTED_CYL", "PROP_NAME": "TOP_CONN_DISP", "PROP_VALUE": "0"}, {"COMP_NAME": "cylinder_4", "LIB_NAME": "PORTED_CYL", "PROP_NAME": "DIAMETER", "PROP_VALUE": "200"}, {"COMP_NAME": "cylinder_4", "LIB_NAME": "PORTED_CYL", "PROP_NAME": "PORT_THICKNESS", "PROP_VALUE": "100"}, {"COMP_NAME": "cylinder_4", "LIB_NAME": "PORTED_CYL", "PROP_NAME": "LEFT_CONN_DISP", "PROP_VALUE": "0"}, {"COMP_NAME": "cylinder_4", "LIB_NAME": "PORTED_CYL", "PROP_NAME": "FRONT_ANGLE", "PROP_VALUE": "0"}, {"COMP_NAME": "cylinder_4", "LIB_NAME": "PORTED_CYL", "PROP_NAME": "BOTTOM_CONN_DISP", "PROP_VALUE": "0"}, {"COMP_NAME": "cylinder_0", "LIB_NAME": "PORTED_CYL", "PROP_NAME": "RIGHT_CONN_DISP", "PROP_VALUE": "0"}, {"COMP_NAME": "cylinder_0", "LIB_NAME": "PORTED_CYL", "PROP_NAME": "LENGTH", "PROP_VALUE": "5000"}, {"COMP_NAME": "cylinder_0", "LIB_NAME": "PORTED_CYL", "PROP_NAME": "TOP_CONN_DISP", "PROP_VALUE": "0"}, {"COMP_NAME": "cylinder_0", "LIB_NAME": "PORTED_CYL", "PROP_NAME": "DIAMETER", "PROP_VALUE": "200"}, {"COMP_NAME": "cylinder_0", "LIB_NAME": "PORTED_CYL", "PROP_NAME": "PORT_THICKNESS", "PROP_VALUE": "100"}, {"COMP_NAME": "cylinder_0", "LIB_NAME": "PORTED_CYL", "PROP_NAME": "LEFT_CONN_DISP", "PROP_VALUE": "0"}, {"COMP_NAME": "cylinder_0", "LIB_NAME": "PORTED_CYL", "PROP_NAME": "FRONT_ANGLE", "PROP_VALUE": "0"}, {"COMP_NAME": "cylinder_0", "LIB_NAME": "PORTED_CYL", "PROP_NAME": "BOTTOM_CONN_DISP", "PROP_VALUE": "0"}, {"COMP_NAME": "right_wing", "LIB_NAME": "naca_wing", "PROP_NAME": "THICKNESS", "PROP_VALUE": "12"}, {"COMP_NAME": "right_wing", "LIB_NAME": "naca_wing", "PROP_NAME": "FLAP_BIAS", "PROP_VALUE": "0.5"}, {"COMP_NAME": "right_wing", "LIB_NAME": "naca_wing", "PROP_NAME": "CHORD_1", "PROP_VALUE": "1000"}, {"COMP_NAME": "right_wing", "LIB_NAME": "naca_wing", "PROP_NAME": "LOAD", "PROP_VALUE": "1.28106e+011"}, {"COMP_NAME": "right_wing", "LIB_NAME": "naca_wing", "PROP_NAME": "AILERON_BIAS", "PROP_VALUE": "0.5"}, {"COMP_NAME": "right_wing", "LIB_NAME": "naca_wing", "PROP_NAME": "TAPER_OFFSET", "PROP_VALUE": "0"}, {"COMP_NAME": "right_wing", "LIB_NAME": "naca_wing", "PROP_NAME": "CHORD_2", "PROP_VALUE": "1000"}, {"COMP_NAME": "right_wing", "LIB_NAME": "naca_wing", "PROP_NAME": "SPAN", "PROP_VALUE": "10000"}, {"COMP_NAME": "right_wing", "LIB_NAME": "naca_wing", "PROP_NAME": "NACA_Profile", "PROP_VALUE": "0012"}, {"COMP_NAME": "left_battery", "LIB_NAME": "VitalyBeta", "PROP_NAME": "VOLTAGE_REQUEST", "PROP_VALUE": "800"}, {"COMP_NAME": "left_battery", "LIB_NAME": "VitalyBeta", "PROP_NAME": "CHORD_1", "PROP_VALUE": "1000"}, {"COMP_NAME": "left_battery", "LIB_NAME": "VitalyBeta", "PROP_NAME": "VOLUME_PERCENT", "PROP_VALUE": "100"}, {"COMP_NAME": "left_battery", "LIB_NAME": "VitalyBeta", "PROP_NAME": "CHORD_2", "PROP_VALUE": "1000"}, {"COMP_NAME": "left_battery", "LIB_NAME": "VitalyBeta", "PROP_NAME": "TAPER_OFFSET", "PROP_VALUE": "0"}, {"COMP_NAME": "left_battery", "LIB_NAME": "VitalyBeta", "PROP_NAME": "SPAN", "PROP_VALUE": "10000"}, {"COMP_NAME": "left_battery", "LIB_NAME": "VitalyBeta", "PROP_NAME": "THICKNESS", "PROP_VALUE": "200"}, {"COMP_NAME": "left_battery", "LIB_NAME": "VitalyBeta", "PROP_NAME": "MOUNT_SIDE", "PROP_VALUE": "1"}, {"COMP_NAME": "cylinder_1", "LIB_NAME": "PORTED_CYL", "PROP_NAME": "RIGHT_CONN_DISP", "PROP_VALUE": "0"}, {"COMP_NAME": "cylinder_1", "LIB_NAME": "PORTED_CYL", "PROP_NAME": "LENGTH", "PROP_VALUE": "5000"}, {"COMP_NAME": "cylinder_1", "LIB_NAME": "PORTED_CYL", "PROP_NAME": "TOP_CONN_DISP", "PROP_VALUE": "0"}, {"COMP_NAME": "cylinder_1", "LIB_NAME": "PORTED_CYL", "PROP_NAME": "DIAMETER", "PROP_VALUE": "200"}, {"COMP_NAME": "cylinder_1", "LIB_NAME": "PORTED_CYL", "PROP_NAME": "PORT_THICKNESS", "PROP_VALUE": "100"}, {"COMP_NAME": "cylinder_1", "LIB_NAME": "PORTED_CYL", "PROP_NAME": "LEFT_CONN_DISP", "PROP_VALUE": "0"}, {"COMP_NAME": "cylinder_1", "LIB_NAME": "PORTED_CYL", "PROP_NAME": "FRONT_ANGLE", "PROP_VALUE": "0"}, {"COMP_NAME": "cylinder_1", "LIB_NAME": "PORTED_CYL", "PROP_NAME": "BOTTOM_CONN_DISP", "PROP_VALUE": "0"}, {"COMP_NAME": "cylinder_2", "LIB_NAME": "PORTED_CYL", "PROP_NAME": "RIGHT_CONN_DISP", "PROP_VALUE": "0"}, {"COMP_NAME": "cylinder_2", "LIB_NAME": "PORTED_CYL", "PROP_NAME": "LENGTH", "PROP_VALUE": "5000"}, {"COMP_NAME": "cylinder_2", "LIB_NAME": "PORTED_CYL", "PROP_NAME": "TOP_CONN_DISP", "PROP_VALUE": "0"}, {"COMP_NAME": "cylinder_2", "LIB_NAME": "PORTED_CYL", "PROP_NAME": "DIAMETER", "PROP_VALUE": "200"}, {"COMP_NAME": "cylinder_2", "LIB_NAME": "PORTED_CYL", "PROP_NAME": "PORT_THICKNESS", "PROP_VALUE": "100"}, {"COMP_NAME": "cylinder_2", "LIB_NAME": "PORTED_CYL", "PROP_NAME": "LEFT_CONN_DISP", "PROP_VALUE": "0"}, {"COMP_NAME": "cylinder_2", "LIB_NAME": "PORTED_CYL", "PROP_NAME": "FRONT_ANGLE", "PROP_VALUE": "0"}, {"COMP_NAME": "cylinder_2", "LIB_NAME": "PORTED_CYL", "PROP_NAME": "BOTTOM_CONN_DISP", "PROP_VALUE": "0"}, {"COMP_NAME": "cylinder_3", "LIB_NAME": "PORTED_CYL", "PROP_NAME": "RIGHT_CONN_DISP", "PROP_VALUE": "0"}, {"COMP_NAME": "cylinder_3", "LIB_NAME": "PORTED_CYL", "PROP_NAME": "LENGTH", "PROP_VALUE": "5000"}, {"COMP_NAME": "cylinder_3", "LIB_NAME": "PORTED_CYL", "PROP_NAME": "TOP_CONN_DISP", "PROP_VALUE": "0"}, {"COMP_NAME": "cylinder_3", "LIB_NAME": "PORTED_CYL", "PROP_NAME": "DIAMETER", "PROP_VALUE": "200"}, {"COMP_NAME": "cylinder_3", "LIB_NAME": "PORTED_CYL", "PROP_NAME": "PORT_THICKNESS", "PROP_VALUE": "100"}, {"COMP_NAME": "cylinder_3", "LIB_NAME": "PORTED_CYL", "PROP_NAME": "LEFT_CONN_DISP", "PROP_VALUE": "0"}, {"COMP_NAME": "cylinder_3", "LIB_NAME": "PORTED_CYL", "PROP_NAME": "FRONT_ANGLE", "PROP_VALUE": "0"}, {"COMP_NAME": "cylinder_3", "LIB_NAME": "PORTED_CYL", "PROP_NAME": "BOTTOM_CONN_DISP", "PROP_VALUE": "0"}]