[{"COMP_NAME": "passenger1", "LIB_NAME": "Passenger", "PROP_NAME": "WEIGHT", "PROP_VALUE": "90"}, {"COMP_NAME": "fuselage", "LIB_NAME": "FUSE_SPHERE_CYL_CONE", "PROP_NAME": "WALL_THICKNESS", "PROP_VALUE": "3"}, {"COMP_NAME": "right_battery", "LIB_NAME": "VitalyBeta", "PROP_NAME": "BASE_VOLTAGE", "PROP_VALUE": "11.1"}, {"COMP_NAME": "right_battery", "LIB_NAME": "VitalyBeta", "PROP_NAME": "CAPACITY", "PROP_VALUE": "1.0"}, {"COMP_NAME": "right_battery", "LIB_NAME": "VitalyBeta", "PROP_NAME": "MODULE_MASS", "PROP_VALUE": "0.004"}, {"COMP_NAME": "right_battery", "LIB_NAME": "VitalyBeta", "PROP_NAME": "BATTERY_TYPE", "PROP_VALUE": "Wing"}, {"COMP_NAME": "right_battery", "LIB_NAME": "VitalyBeta", "PROP_NAME": "MODULE_VOLUME", "PROP_VALUE": "87500.0"}, {"COMP_NAME": "right_battery", "LIB_NAME": "VitalyBeta", "PROP_NAME": "PEAK_DISCHARGE_RATE", "PROP_VALUE": "0.1"}, {"COMP_NAME": "right_battery", "LIB_NAME": "VitalyBeta", "PROP_NAME": "CONT_DISCHARGE_RATE", "PROP_VALUE": "0.01"}, {"COMP_NAME": "cylinder_4", "LIB_NAME": "PORTED_CYL", "PROP_NAME": "WALL_THICKNESS", "PROP_VALUE": "3"}, {"COMP_NAME": "cylinder_0", "LIB_NAME": "PORTED_CYL", "PROP_NAME": "WALL_THICKNESS", "PROP_VALUE": "3"}, {"COMP_NAME": "passenger2", "LIB_NAME": "Passenger", "PROP_NAME": "WEIGHT", "PROP_VALUE": "90"}, {"COMP_NAME": "left_battery", "LIB_NAME": "VitalyBeta", "PROP_NAME": "BASE_VOLTAGE", "PROP_VALUE": "11.1"}, {"COMP_NAME": "left_battery", "LIB_NAME": "VitalyBeta", "PROP_NAME": "CAPACITY", "PROP_VALUE": "1.0"}, {"COMP_NAME": "left_battery", "LIB_NAME": "VitalyBeta", "PROP_NAME": "MODULE_MASS", "PROP_VALUE": "0.004"}, {"COMP_NAME": "left_battery", "LIB_NAME": "VitalyBeta", "PROP_NAME": "BATTERY_TYPE", "PROP_VALUE": "Wing"}, {"COMP_NAME": "left_battery", "LIB_NAME": "VitalyBeta", "PROP_NAME": "MODULE_VOLUME", "PROP_VALUE": "87500.0"}, {"COMP_NAME": "left_battery", "LIB_NAME": "VitalyBeta", "PROP_NAME": "PEAK_DISCHARGE_RATE", "PROP_VALUE": "0.1"}, {"COMP_NAME": "left_battery", "LIB_NAME": "VitalyBeta", "PROP_NAME": "CONT_DISCHARGE_RATE", "PROP_VALUE": "0.01"}, {"COMP_NAME": "cylinder_1", "LIB_NAME": "PORTED_CYL", "PROP_NAME": "WALL_THICKNESS", "PROP_VALUE": "3"}, {"COMP_NAME": "cylinder_2", "LIB_NAME": "PORTED_CYL", "PROP_NAME": "WALL_THICKNESS", "PROP_VALUE": "3"}, {"COMP_NAME": "cylinder_3", "LIB_NAME": "PORTED_CYL", "PROP_NAME": "WALL_THICKNESS", "PROP_VALUE": "3"}]