GUID,AnalysisError,Interferences,Ctrl_R,Flight_Path,Q_Angles,Q_Angular_velocity,Q_Velocity,Q_position,Requested_Lateral_Speed,Requested_Vertical_Speed,Min_max_nontrim_signed_acceleration_error,Min_max_nontrim_signed_acceleration_error_Speed,
result_1,0,2,"0.1","1","1","1","1","1","30","-1","1.84301054","13.0000000",
result_2,0,2,"0.1","3","1","1","1","1","25","-1","1.84301054","13.0000000",
result_3,0,2,"0.1","4","1","1","1"," 1","0","-1","1.84301054","13.0000000",
result_4,0,2,"0.1","5","1","1","1","1","25","-1","1.84301054","13.0000000",
