[{"FROM_COMP": "passenger1", "LIB_COMPONENT": "Passenger", "CAD_PRT": "disc_passenger.prt"}, {"FROM_COMP": "left_wing", "LIB_COMPONENT": "naca_wing", "CAD_PRT": "naca_sym_wing_taper.prt"}, {"FROM_COMP": "right_wing", "LIB_COMPONENT": "naca_wing", "CAD_PRT": "naca_sym_wing_taper.prt"}, {"FROM_COMP": "t_cross_mp_bottom_motor", "LIB_COMPONENT": "MAGiDRIVE150", "CAD_PRT": "para_motor.prt"}, {"FROM_COMP": "post_l_3", "LIB_COMPONENT": "PORTED_CYL", "CAD_PRT": "fuse_cyl_ported.prt"}, {"FROM_COMP": "t_post_mp_top_prop", "LIB_COMPONENT": "62x5_2_3200_46_1150", "CAD_PRT": "para_prop.prt"}, {"FROM_COMP": "left_battery", "LIB_COMPONENT": "VitalyBeta", "CAD_PRT": "mega_battery.prt"}, {"FROM_COMP": "cylinder_1", "LIB_COMPONENT": "PORTED_CYL", "CAD_PRT": "fuse_cyl_ported.prt"}, {"FROM_COMP": "fuselage", "LIB_COMPONENT": "FUSE_SPHERE_CYL_CONE", "CAD_PRT": "fuse_sphere_cone.prt"}, {"FROM_COMP": "wing_pair_1", "LIB_COMPONENT": "PORTED_CYL", "CAD_PRT": "fuse_cyl_ported.prt"}, {"FROM_COMP": "right_battery", "LIB_COMPONENT": "VitalyBeta", "CAD_PRT": "mega_battery.prt"}, {"FROM_COMP": "fork_post_mp_4_motor", "LIB_COMPONENT": "MAGiDRIVE150", "CAD_PRT": "para_motor.prt"}, {"FROM_COMP": "cylinder_0", "LIB_COMPONENT": "PORTED_CYL", "CAD_PRT": "fuse_cyl_ported.prt"}, {"FROM_COMP": "post_r_3", "LIB_COMPONENT": "PORTED_CYL", "CAD_PRT": "fuse_cyl_ported.prt"}, {"FROM_COMP": "wing_pair_1_r", "LIB_COMPONENT": "naca_wing", "CAD_PRT": "naca_sym_wing_taper.prt"}, {"FROM_COMP": "post_r_1", "LIB_COMPONENT": "PORTED_CYL", "CAD_PRT": "fuse_cyl_ported.prt"}, {"FROM_COMP": "wing_pair_1_l", "LIB_COMPONENT": "naca_wing", "CAD_PRT": "naca_sym_wing_taper.prt"}, {"FROM_COMP": "fork_l_1", "LIB_COMPONENT": "PORTED_CYL", "CAD_PRT": "fuse_cyl_ported.prt"}, {"FROM_COMP": "post_l_1", "LIB_COMPONENT": "PORTED_CYL", "CAD_PRT": "fuse_cyl_ported.prt"}, {"FROM_COMP": "cylinder_2", "LIB_COMPONENT": "PORTED_CYL", "CAD_PRT": "fuse_cyl_ported.prt"}, {"FROM_COMP": "fork_l_2", "LIB_COMPONENT": "PORTED_CYL", "CAD_PRT": "fuse_cyl_ported.prt"}, {"FROM_COMP": "post_r_2", "LIB_COMPONENT": "PORTED_CYL", "CAD_PRT": "fuse_cyl_ported.prt"}, {"FROM_COMP": "t_post_mp_top_motor", "LIB_COMPONENT": "MAGiDRIVE150", "CAD_PRT": "para_motor.prt"}, {"FROM_COMP": "fork_post_mp_3_prop", "LIB_COMPONENT": "62x5_2_3200_46_1150", "CAD_PRT": "para_prop.prt"}, {"FROM_COMP": "tbar_cross_1", "LIB_COMPONENT": "PORTED_CYL", "CAD_PRT": "fuse_cyl_ported.prt"}, {"FROM_COMP": "fork_post_mp_4_prop", "LIB_COMPONENT": "62x5_2_3200_46_1150", "CAD_PRT": "para_prop.prt"}, {"FROM_COMP": "fork_post_mp_3_motor", "LIB_COMPONENT": "MAGiDRIVE150", "CAD_PRT": "para_motor.prt"}, {"FROM_COMP": "fork_post_mp_5_motor", "LIB_COMPONENT": "MAGiDRIVE150", "CAD_PRT": "para_motor.prt"}, {"FROM_COMP": "passenger2", "LIB_COMPONENT": "Passenger", "CAD_PRT": "disc_passenger.prt"}, {"FROM_COMP": "fork_l_3", "LIB_COMPONENT": "PORTED_CYL", "CAD_PRT": "fuse_cyl_ported.prt"}, {"FROM_COMP": "fork_r_3", "LIB_COMPONENT": "PORTED_CYL", "CAD_PRT": "fuse_cyl_ported.prt"}, {"FROM_COMP": "tbar_post_2", "LIB_COMPONENT": "PORTED_CYL", "CAD_PRT": "fuse_cyl_ported.prt"}, {"FROM_COMP": "tbar_cross_2", "LIB_COMPONENT": "PORTED_CYL", "CAD_PRT": "fuse_cyl_ported.prt"}, {"FROM_COMP": "post_l_2", "LIB_COMPONENT": "PORTED_CYL", "CAD_PRT": "fuse_cyl_ported.prt"}, {"FROM_COMP": "fork_post_mp_5_prop", "LIB_COMPONENT": "62x5_2_3200_46_1150", "CAD_PRT": "para_prop.prt"}, {"FROM_COMP": "fork_post_mp_6_prop", "LIB_COMPONENT": "62x5_2_3200_46_1150", "CAD_PRT": "para_prop.prt"}, {"FROM_COMP": "t_post_mp_bottom_prop", "LIB_COMPONENT": "62x5_2_3200_46_1150", "CAD_PRT": "para_prop.prt"}, {"FROM_COMP": "fork_post_mp_1_prop", "LIB_COMPONENT": "62x5_2_3200_46_1150", "CAD_PRT": "para_prop.prt"}, {"FROM_COMP": "fork_post_mp_2_prop", "LIB_COMPONENT": "62x5_2_3200_46_1150", "CAD_PRT": "para_prop.prt"}, {"FROM_COMP": "fork_post_mp_6_motor", "LIB_COMPONENT": "MAGiDRIVE150", "CAD_PRT": "para_motor.prt"}, {"FROM_COMP": "fork_r_1", "LIB_COMPONENT": "PORTED_CYL", "CAD_PRT": "fuse_cyl_ported.prt"}, {"FROM_COMP": "fork_r_2", "LIB_COMPONENT": "PORTED_CYL", "CAD_PRT": "fuse_cyl_ported.prt"}, {"FROM_COMP": "tbar_post_1", "LIB_COMPONENT": "PORTED_CYL", "CAD_PRT": "fuse_cyl_ported.prt"}, {"FROM_COMP": "t_cross_mp_top_motor", "LIB_COMPONENT": "MAGiDRIVE150", "CAD_PRT": "para_motor.prt"}, {"FROM_COMP": "t_cross_mp_top_prop", "LIB_COMPONENT": "62x5_2_3200_46_1150", "CAD_PRT": "para_prop.prt"}, {"FROM_COMP": "t_cross_mp_bottom_prop", "LIB_COMPONENT": "62x5_2_3200_46_1150", "CAD_PRT": "para_prop.prt"}, {"FROM_COMP": "t_post_mp_bottom_motor", "LIB_COMPONENT": "MAGiDRIVE150", "CAD_PRT": "para_motor.prt"}, {"FROM_COMP": "fork_post_mp_1_motor", "LIB_COMPONENT": "MAGiDRIVE150", "CAD_PRT": "para_motor.prt"}, {"FROM_COMP": "fork_post_mp_2_motor", "LIB_COMPONENT": "MAGiDRIVE150", "CAD_PRT": "para_motor.prt"}, {"FROM_COMP": "Orient", "LIB_COMPONENT": "Orient", "CAD_PRT": "orientuav.prt"}]