{
  "leg_3": {
    "OFFSET2": "0",
    "END_ROT": "0",
    "LENGTH": 40.0,
    "OFFSET1": "0",
    "BASE_ROT": "0",
    "OD": "10.0076",
    "ID": "7.3152",
    "CADPART": "para_tube.prt"
  },
  "capsule_fuselage": {
    "FLOOR_CONNECTOR_3_DISP_LENGTH": "0",
    "HORZ_DIAMETER": 145.0,
    "BOTTOM_CONNECTOR_ROTATION": 45.0,
    "FLOOR_HEIGHT": 20.0,
    "TUBE_LENGTH": 100.0,
    "FLOOR_CONNECTOR_4_DISP_LENGTH": "0",
    "FLOOR_CONNECTOR_2_DISP_WIDTH": -24.0,
    "BOTTOM_CONNECTOR_OFFSET_LENGTH": "0",
    "FLOOR_CONNECTOR_3_DISP_WIDTH": "0",
    "BOTTOM_CONNECTOR_OFFSET_WIDTH": "0",
    "FLOOR_CONNECTOR_1_DISP_WIDTH": 24.0,
    "FLOOR_CONNECTOR_1_DISP_LENGTH": "0",
    "FLOOR_CONNECTOR_2_DISP_LENGTH": "0",
    "VERT_DIAMETER": 90.0,
    "FLOOR_CONNECTOR_4_DISP_WIDTH": "0",
    "WALL_THICKNESS": "3",
    "CADPART": "fuse_capsule_new.prt"
  },
  "central_hub": {
    "ANGHORZCONN": "90",
    "ANGVERTCONN": "0",
    "NUMHORZCONN": "4",
    "CADPART": "0394od_para_hub_4_3d.prt"
  },
  "flange_3": {
    "BOTTOM_ROTATION": "0",
    "SIDE_ROTATION": "0",
    "OD": "10.16",
    "BOX": "40.64",
    "BOTTOM_ANGLE": "0",
    "SIDE_ANGLE": "0",
    "CADPART": "para_flange.prt"
  },
  "leg_2": {
    "OFFSET2": "0",
    "END_ROT": "0",
    "LENGTH": 40.0,
    "OFFSET1": "0",
    "BASE_ROT": "0",
    "OD": "10.0076",
    "ID": "7.3152",
    "CADPART": "para_tube.prt"
  },
  "arm_1": {
    "OFFSET2": "0",
    "END_ROT": "0",
    "LENGTH": 220.0,
    "OFFSET1": "0",
    "BASE_ROT": "0",
    "OD": "10.0076",
    "ID": "7.3152",
    "CADPART": "para_tube.prt"
  },
  "Battery_1": {
    "ROTATION": "0",
    "VOLTAGE": "22.2",
    "THICKNESS": "47",
    "MODEL": "TurnigyGraphene3000mAh6S75C",
    "PEAK_DISCHARGE_RATE": "150",
    "PACK_RESISTANCE": "18.0",
    "WIDTH": "45",
    "WEIGHT": "0.598",
    "DISCHARGE_PLUG": "XT90",
    "BATTERY_TYPE": "UAV",
    "LENGTH": "137.0",
    "CHEMISTRY_TYPE": "LiPo",
    "CONT_DISCHARGE_RATE": "75",
    "NUMBER_OF_CELLS": "6S1P",
    "COST": "82.57",
    "CAPACITY": "3000",
    "CADPART": "para_battery.prt"
  },
  "arm_4": {
    "OFFSET2": "0",
    "END_ROT": "0",
    "LENGTH": 220.0,
    "OFFSET1": "0",
    "BASE_ROT": "0",
    "OD": "10.0076",
    "ID": "7.3152",
    "CADPART": "para_tube.prt"
  },
  "flange_4": {
    "BOTTOM_ROTATION": "0",
    "SIDE_ROTATION": "0",
    "OD": "10.16",
    "BOX": "40.64",
    "BOTTOM_ANGLE": "0",
    "SIDE_ANGLE": "0",
    "CADPART": "para_flange.prt"
  },
  "Orient": {
    "Z_ANGLE": 45.0,
    "CADPART": "orientuav.prt"
  },
  "leg_4": {
    "OFFSET2": "0",
    "END_ROT": "0",
    "LENGTH": 40.0,
    "OFFSET1": "0",
    "BASE_ROT": "0",
    "OD": "10.0076",
    "ID": "7.3152",
    "CADPART": "para_tube.prt"
  },
  "flange_1": {
    "BOTTOM_ROTATION": "0",
    "SIDE_ROTATION": "0",
    "OD": "10.16",
    "BOX": "40.64",
    "BOTTOM_ANGLE": "0",
    "SIDE_ANGLE": "0",
    "CADPART": "para_flange.prt"
  },
  "arm_2": {
    "OFFSET2": "0",
    "END_ROT": "0",
    "LENGTH": 220.0,
    "OFFSET1": "0",
    "BASE_ROT": "0",
    "OD": "10.0076",
    "ID": "7.3152",
    "CADPART": "para_tube.prt"
  },
  "leg_1": {
    "OFFSET2": "0",
    "END_ROT": "0",
    "LENGTH": 40.0,
    "OFFSET1": "0",
    "BASE_ROT": "0",
    "OD": "10.0076",
    "ID": "7.3152",
    "CADPART": "para_tube.prt"
  },
  "arm_3": {
    "OFFSET2": "0",
    "END_ROT": "0",
    "LENGTH": 220.0,
    "OFFSET1": "0",
    "BASE_ROT": "0",
    "OD": "10.0076",
    "ID": "7.3152",
    "CADPART": "para_tube.prt"
  },
  "Battery_2": {
    "ROTATION": "0",
    "VOLTAGE": "22.2",
    "THICKNESS": "47",
    "MODEL": "TurnigyGraphene3000mAh6S75C",
    "PEAK_DISCHARGE_RATE": "150",
    "PACK_RESISTANCE": "18.0",
    "WIDTH": "45",
    "WEIGHT": "0.598",
    "DISCHARGE_PLUG": "XT90",
    "BATTERY_TYPE": "UAV",
    "LENGTH": "137.0",
    "CHEMISTRY_TYPE": "LiPo",
    "CONT_DISCHARGE_RATE": "75",
    "NUMBER_OF_CELLS": "6S1P",
    "COST": "82.57",
    "CAPACITY": "3000",
    "CADPART": "para_battery.prt"
  },
  "flange_2": {
    "BOTTOM_ROTATION": "0",
    "SIDE_ROTATION": "0",
    "OD": "10.16",
    "BOX": "40.64",
    "BOTTOM_ANGLE": "0",
    "SIDE_ANGLE": "0",
    "CADPART": "para_flange.prt"
  },
  "motor_4": {
    "KT": "0.0108",
    "COST": "60.95",
    "SHAFT_DIAMETER": "4.0",
    "MAX_CURRENT": "24.0",
    "KV": "885.0",
    "LENGTH": "28.5",
    "CAN_LENGTH": "15.0",
    "MIN_CELLS": "3.0",
    "INTERNAL_RESISTANCE": "127.0",
    "ESC_BEC_CLASS": "1.0",
    "KM": "0.0303",
    "MAX_POWER": "532.0",
    "POLES": "12S14P",
    "MODEL": "KDE2315XF885",
    "MAX_CELLS": "6.0",
    "CAN_DIAMETER": "28.3",
    "PROP_SIZE_REC": "9,12",
    "ADAPTER_DIAMETER": "6",
    "IO_IDLE_CURRENT_10V": "0.5",
    "TOTAL_LENGTH": "35.25",
    "ADAPTER_LENGTH": "12",
    "WEIGHT": "0.075",
    "PROP_PITCH_REC.": "3,5",
    "CONTROL_CHANNEL": "1",
    "CADPART": "para_motor.prt"
  },
  "motor_2": {
    "KT": "0.0108",
    "COST": "60.95",
    "SHAFT_DIAMETER": "4.0",
    "MAX_CURRENT": "24.0",
    "KV": "885.0",
    "LENGTH": "28.5",
    "CAN_LENGTH": "15.0",
    "MIN_CELLS": "3.0",
    "INTERNAL_RESISTANCE": "127.0",
    "ESC_BEC_CLASS": "1.0",
    "KM": "0.0303",
    "MAX_POWER": "532.0",
    "POLES": "12S14P",
    "MODEL": "KDE2315XF885",
    "MAX_CELLS": "6.0",
    "CAN_DIAMETER": "28.3",
    "PROP_SIZE_REC": "9,12",
    "ADAPTER_DIAMETER": "6",
    "IO_IDLE_CURRENT_10V": "0.5",
    "TOTAL_LENGTH": "35.25",
    "ADAPTER_LENGTH": "12",
    "WEIGHT": "0.075",
    "PROP_PITCH_REC.": "3,5",
    "CONTROL_CHANNEL": "1",
    "CADPART": "para_motor.prt"
  },
  "prop_3": {
    "MODEL": "apc_propellers_7x5E",
    "SHAFT_DIAMETER": "6.35",
    "WEIGHT": "0.007980000000000001",
    "PERFORMANCE_FILE": "PER3_7x5E.dat",
    "DIAMETER": "177.8",
    "HUB_THICKNESS": "8.38",
    "PITCH": "127.0",
    "DIRECTION": -1.0,
    "PROP_TYPE": -1.0,
    "CADPART": "para_prop.prt"
  },
  "prop_4": {
    "MODEL": "apc_propellers_7x5E",
    "SHAFT_DIAMETER": "6.35",
    "WEIGHT": "0.007980000000000001",
    "PERFORMANCE_FILE": "PER3_7x5E.dat",
    "DIAMETER": "177.8",
    "HUB_THICKNESS": "8.38",
    "PITCH": "127.0",
    "DIRECTION": 1.0,
    "PROP_TYPE": 1.0,
    "CADPART": "para_prop.prt"
  },
  "motor_1": {
    "KT": "0.0108",
    "COST": "60.95",
    "SHAFT_DIAMETER": "4.0",
    "MAX_CURRENT": "24.0",
    "KV": "885.0",
    "LENGTH": "28.5",
    "CAN_LENGTH": "15.0",
    "MIN_CELLS": "3.0",
    "INTERNAL_RESISTANCE": "127.0",
    "ESC_BEC_CLASS": "1.0",
    "KM": "0.0303",
    "MAX_POWER": "532.0",
    "POLES": "12S14P",
    "MODEL": "KDE2315XF885",
    "MAX_CELLS": "6.0",
    "CAN_DIAMETER": "28.3",
    "PROP_SIZE_REC": "9,12",
    "ADAPTER_DIAMETER": "6",
    "IO_IDLE_CURRENT_10V": "0.5",
    "TOTAL_LENGTH": "35.25",
    "ADAPTER_LENGTH": "12",
    "WEIGHT": "0.075",
    "PROP_PITCH_REC.": "3,5",
    "CONTROL_CHANNEL": "1",
    "CADPART": "para_motor.prt"
  },
  "motor_3": {
    "KT": "0.0108",
    "COST": "60.95",
    "SHAFT_DIAMETER": "4.0",
    "MAX_CURRENT": "24.0",
    "KV": "885.0",
    "LENGTH": "28.5",
    "CAN_LENGTH": "15.0",
    "MIN_CELLS": "3.0",
    "INTERNAL_RESISTANCE": "127.0",
    "ESC_BEC_CLASS": "1.0",
    "KM": "0.0303",
    "MAX_POWER": "532.0",
    "POLES": "12S14P",
    "MODEL": "KDE2315XF885",
    "MAX_CELLS": "6.0",
    "CAN_DIAMETER": "28.3",
    "PROP_SIZE_REC": "9,12",
    "ADAPTER_DIAMETER": "6",
    "IO_IDLE_CURRENT_10V": "0.5",
    "TOTAL_LENGTH": "35.25",
    "ADAPTER_LENGTH": "12",
    "WEIGHT": "0.075",
    "PROP_PITCH_REC.": "3,5",
    "CONTROL_CHANNEL": "1",
    "CADPART": "para_motor.prt"
  },
  "prop_2": {
    "MODEL": "apc_propellers_7x5E",
    "SHAFT_DIAMETER": "6.35",
    "WEIGHT": "0.007980000000000001",
    "PERFORMANCE_FILE": "PER3_7x5E.dat",
    "DIAMETER": "177.8",
    "HUB_THICKNESS": "8.38",
    "PITCH": "127.0",
    "DIRECTION": 1.0,
    "PROP_TYPE": 1.0,
    "CADPART": "para_prop.prt"
  },
  "ControlBox": {
    "CC_39": "39",
    "CC_29": "29",
    "CC_19": "19",
    "CC_36": "36",
    "CC_28": "28",
    "CC_31": "31",
    "CC_22": "22",
    "CC_43": "43",
    "CC_50": "50",
    "CC_46": "46",
    "CC_17": "17",
    "CC_5": "5",
    "CC_11": "11",
    "CC_12": "12",
    "CC_21": "21",
    "CC_40": "40",
    "CC_20": "20",
    "CC_30": "30",
    "CC_13": "13",
    "CC_25": "25",
    "CC_44": "44",
    "CC_33": "33",
    "CC_34": "34",
    "CC_18": "18",
    "CC_27": "27",
    "CC_47": "47",
    "CC_8": "8",
    "CC_48": "48",
    "CC_1": "1",
    "CC_3": "3",
    "CC_32": "32",
    "CC_26": "26",
    "CC_24": "24",
    "CC_49": "49",
    "CC_15": "15",
    "CC_35": "35",
    "CC_38": "38",
    "CC_2": "2",
    "CC_42": "42",
    "CC_10": "10",
    "CC_6": "6",
    "CC_9": "9",
    "CC_45": "45",
    "CC_14": "14",
    "CC_4": "4",
    "CC_16": "16",
    "CC_41": "41",
    "CC_23": "23",
    "CC_7": "7",
    "CC_37": "37"
  },
  "prop_1": {
    "MODEL": "apc_propellers_7x5E",
    "SHAFT_DIAMETER": "6.35",
    "WEIGHT": "0.007980000000000001",
    "PERFORMANCE_FILE": "PER3_7x5E.dat",
    "DIAMETER": "177.8",
    "HUB_THICKNESS": "8.38",
    "PITCH": "127.0",
    "DIRECTION": -1.0,
    "PROP_TYPE": -1.0,
    "CADPART": "para_prop.prt"
  },
  "BatteryController": {
    "OUTPUT_VOLTAGE": "1",
    "INPUT_VOLTAGE": "1"
  }
}