[{"DESIGN_PARAM": "fuselage_FLOOR_HEIGHT", "DESIGN_PARAM_VAL": "150", "COMPONENT_NAME": "fuselage", "COMPONENT_PARAM": "FLOOR_HEIGHT"}, {"DESIGN_PARAM": "fuselage_SEAT_1_LR", "DESIGN_PARAM_VAL": "-210", "COMPONENT_NAME": "fuselage", "COMPONENT_PARAM": "SEAT_1_LR"}, {"DESIGN_PARAM": "fuselage_SEAT_2_LR", "DESIGN_PARAM_VAL": "210", "COMPONENT_NAME": "fuselage", "COMPONENT_PARAM": "SEAT_2_LR"}, {"DESIGN_PARAM": "left_battery_CHORD_2", "DESIGN_PARAM_VAL": "1400", "COMPONENT_NAME": "left_battery", "COMPONENT_PARAM": "CHORD_2"}, {"DESIGN_PARAM": "left_wing_LOAD", "DESIGN_PARAM_VAL": "5000", "COMPONENT_NAME": "left_wing", "COMPONENT_PARAM": "LOAD"}, {"DESIGN_PARAM": "right_battery_VOLUME_PERCENT", "DESIGN_PARAM_VAL": "100", "COMPONENT_NAME": "right_battery", "COMPONENT_PARAM": "VOLUME_PERCENT"}, {"DESIGN_PARAM": "cross_bar_1_TOP_PORT_THICKNESS", "DESIGN_PARAM_VAL": "75", "COMPONENT_NAME": "cross_bar_1_TOP", "COMPONENT_PARAM": "PORT_THICKNESS"}, {"DESIGN_PARAM": "fuselage_SEAT_2_FB", "DESIGN_PARAM_VAL": "1000", "COMPONENT_NAME": "fuselage", "COMPONENT_PARAM": "SEAT_2_FB"}, {"DESIGN_PARAM": "wing_pair_2_r_CHORD_1", "DESIGN_PARAM_VAL": "500", "COMPONENT_NAME": "wing_pair_2_r", "COMPONENT_PARAM": "CHORD_1"}, {"DESIGN_PARAM": "right_battery_MOUNT_SIDE", "DESIGN_PARAM_VAL": "1", "COMPONENT_NAME": "right_battery", "COMPONENT_PARAM": "MOUNT_SIDE"}, {"DESIGN_PARAM": "wing_pair_1_r_CHORD_2", "DESIGN_PARAM_VAL": "500", "COMPONENT_NAME": "wing_pair_1_r", "COMPONENT_PARAM": "CHORD_2"}, {"DESIGN_PARAM": "wing_pair_3_DIAMETER", "DESIGN_PARAM_VAL": "100", "COMPONENT_NAME": "wing_pair_3", "COMPONENT_PARAM": "DIAMETER"}, {"DESIGN_PARAM": "wing_pair_3_FRONT_ANGLE", "DESIGN_PARAM_VAL": "45", "COMPONENT_NAME": "wing_pair_3", "COMPONENT_PARAM": "FRONT_ANGLE"}, {"DESIGN_PARAM": "left_battery_THICKNESS", "DESIGN_PARAM_VAL": "15", "COMPONENT_NAME": "left_battery", "COMPONENT_PARAM": "THICKNESS"}, {"DESIGN_PARAM": "left_battery_SPAN", "DESIGN_PARAM_VAL": "8000", "COMPONENT_NAME": "left_battery", "COMPONENT_PARAM": "SPAN"}, {"DESIGN_PARAM": "wing_pair_3_r_CHORD_1", "DESIGN_PARAM_VAL": "500", "COMPONENT_NAME": "wing_pair_3_r", "COMPONENT_PARAM": "CHORD_1"}, {"DESIGN_PARAM": "wing_pair_3_r_SPAN", "DESIGN_PARAM_VAL": "3000", "COMPONENT_NAME": "wing_pair_3_r", "COMPONENT_PARAM": "SPAN"}, {"DESIGN_PARAM": "left_battery_CHORD_1", "DESIGN_PARAM_VAL": "1400", "COMPONENT_NAME": "left_battery", "COMPONENT_PARAM": "CHORD_1"}, {"DESIGN_PARAM": "wing_pair_3_l_SPAN", "DESIGN_PARAM_VAL": "3000", "COMPONENT_NAME": "wing_pair_3_l", "COMPONENT_PARAM": "SPAN"}, {"DESIGN_PARAM": "cross_bar_1_LENGTH", "DESIGN_PARAM_VAL": "100.0", "COMPONENT_NAME": "cross_bar_1", "COMPONENT_PARAM": "LENGTH"}, {"DESIGN_PARAM": "cross_bar_1_TOP_DIAMETER", "DESIGN_PARAM_VAL": "100", "COMPONENT_NAME": "cross_bar_1_TOP", "COMPONENT_PARAM": "DIAMETER"}, {"DESIGN_PARAM": "cross_bar_1_TOP_LENGTH", "DESIGN_PARAM_VAL": "500", "COMPONENT_NAME": "cross_bar_1_TOP", "COMPONENT_PARAM": "LENGTH"}, {"DESIGN_PARAM": "wing_pair_2_l_NACA_Profile", "DESIGN_PARAM_VAL": "0006", "COMPONENT_NAME": "wing_pair_2_l", "COMPONENT_PARAM": "NACA_Profile"}, {"DESIGN_PARAM": "wing_pair_2_l_LOAD", "DESIGN_PARAM_VAL": "1000", "COMPONENT_NAME": "wing_pair_2_l", "COMPONENT_PARAM": "LOAD"}, {"DESIGN_PARAM": "motor_prop_2_prop_Direction", "DESIGN_PARAM_VAL": "1", "COMPONENT_NAME": "motor_prop_2_prop", "COMPONENT_PARAM": "Direction"}, {"DESIGN_PARAM": "cross_bar_1_RIGHT_PORT_THICKNESS", "DESIGN_PARAM_VAL": "75", "COMPONENT_NAME": "cross_bar_1_RIGHT", "COMPONENT_PARAM": "PORT_THICKNESS"}, {"DESIGN_PARAM": "right_battery_VOLTAGE_REQUEST", "DESIGN_PARAM_VAL": "840", "COMPONENT_NAME": "right_battery", "COMPONENT_PARAM": "VOLTAGE_REQUEST"}, {"DESIGN_PARAM": "fuselage_SPHERE_DIAMETER", "DESIGN_PARAM_VAL": "1520", "COMPONENT_NAME": "fuselage", "COMPONENT_PARAM": "SPHERE_DIAMETER"}, {"DESIGN_PARAM": "wing_pair_5_LENGTH", "DESIGN_PARAM_VAL": "1500", "COMPONENT_NAME": "wing_pair_5", "COMPONENT_PARAM": "LENGTH"}, {"DESIGN_PARAM": "fuselage_RIGHT_PORT_DISP", "DESIGN_PARAM_VAL": "0", "COMPONENT_NAME": "fuselage", "COMPONENT_PARAM": "RIGHT_PORT_DISP"}, {"DESIGN_PARAM": "cross_bar_1_FRONT_ANGLE", "DESIGN_PARAM_VAL": "0", "COMPONENT_NAME": "cross_bar_1", "COMPONENT_PARAM": "FRONT_ANGLE"}, {"DESIGN_PARAM": "wing_pair_2_DIAMETER", "DESIGN_PARAM_VAL": "100", "COMPONENT_NAME": "wing_pair_2", "COMPONENT_PARAM": "DIAMETER"}, {"DESIGN_PARAM": "wing_pair_4_r_THICKNESS", "DESIGN_PARAM_VAL": "6", "COMPONENT_NAME": "wing_pair_4_r", "COMPONENT_PARAM": "THICKNESS"}, {"DESIGN_PARAM": "wing_pair_5_r_CHORD_2", "DESIGN_PARAM_VAL": "500", "COMPONENT_NAME": "wing_pair_5_r", "COMPONENT_PARAM": "CHORD_2"}, {"DESIGN_PARAM": "right_wing_CHORD_2", "DESIGN_PARAM_VAL": "1400", "COMPONENT_NAME": "right_wing", "COMPONENT_PARAM": "CHORD_2"}, {"DESIGN_PARAM": "wing_pair_5_r_SPAN", "DESIGN_PARAM_VAL": "3000", "COMPONENT_NAME": "wing_pair_5_r", "COMPONENT_PARAM": "SPAN"}, {"DESIGN_PARAM": "wing_pair_2_r_THICKNESS", "DESIGN_PARAM_VAL": "6", "COMPONENT_NAME": "wing_pair_2_r", "COMPONENT_PARAM": "THICKNESS"}, {"DESIGN_PARAM": "left_wing_THICKNESS", "DESIGN_PARAM_VAL": "15", "COMPONENT_NAME": "left_wing", "COMPONENT_PARAM": "THICKNESS"}, {"DESIGN_PARAM": "wing_pair_4_r_SPAN", "DESIGN_PARAM_VAL": "3000", "COMPONENT_NAME": "wing_pair_4_r", "COMPONENT_PARAM": "SPAN"}, {"DESIGN_PARAM": "cross_bar_1_TOP_FRONT_ANGLE", "DESIGN_PARAM_VAL": "0", "COMPONENT_NAME": "cross_bar_1_TOP", "COMPONENT_PARAM": "FRONT_ANGLE"}, {"DESIGN_PARAM": "wing_pair_4_l_SPAN", "DESIGN_PARAM_VAL": "3000", "COMPONENT_NAME": "wing_pair_4_l", "COMPONENT_PARAM": "SPAN"}, {"DESIGN_PARAM": "wing_pair_4_l_LOAD", "DESIGN_PARAM_VAL": "1000", "COMPONENT_NAME": "wing_pair_4_l", "COMPONENT_PARAM": "LOAD"}, {"DESIGN_PARAM": "wing_pair_1_l_SPAN", "DESIGN_PARAM_VAL": "3000", "COMPONENT_NAME": "wing_pair_1_l", "COMPONENT_PARAM": "SPAN"}, {"DESIGN_PARAM": "wing_pair_1_l_LOAD", "DESIGN_PARAM_VAL": "1000", "COMPONENT_NAME": "wing_pair_1_l", "COMPONENT_PARAM": "LOAD"}, {"DESIGN_PARAM": "cross_bar_1_BOTTOM_DIAMETER", "DESIGN_PARAM_VAL": "100", "COMPONENT_NAME": "cross_bar_1_BOTTOM", "COMPONENT_PARAM": "DIAMETER"}, {"DESIGN_PARAM": "cross_bar_1_BOTTOM_FRONT_ANGLE", "DESIGN_PARAM_VAL": "0", "COMPONENT_NAME": "cross_bar_1_BOTTOM", "COMPONENT_PARAM": "FRONT_ANGLE"}, {"DESIGN_PARAM": "rail_1_LENGTH", "DESIGN_PARAM_VAL": "1000", "COMPONENT_NAME": "rail_1", "COMPONENT_PARAM": "LENGTH"}, {"DESIGN_PARAM": "cross_bar_1_DIAMETER", "DESIGN_PARAM_VAL": "100", "COMPONENT_NAME": "cross_bar_1", "COMPONENT_PARAM": "DIAMETER"}, {"DESIGN_PARAM": "wing_pair_3_r_CHORD_2", "DESIGN_PARAM_VAL": "500", "COMPONENT_NAME": "wing_pair_3_r", "COMPONENT_PARAM": "CHORD_2"}, {"DESIGN_PARAM": "wing_pair_3_l_NACA_Profile", "DESIGN_PARAM_VAL": "0006", "COMPONENT_NAME": "wing_pair_3_l", "COMPONENT_PARAM": "NACA_Profile"}, {"DESIGN_PARAM": "wing_pair_2_l_SPAN", "DESIGN_PARAM_VAL": "3000", "COMPONENT_NAME": "wing_pair_2_l", "COMPONENT_PARAM": "SPAN"}, {"DESIGN_PARAM": "motor_prop_2_prop_Prop_type", "DESIGN_PARAM_VAL": "1", "COMPONENT_NAME": "motor_prop_2_prop", "COMPONENT_PARAM": "Prop_type"}, {"DESIGN_PARAM": "wing_pair_6_PORT_THICKNESS", "DESIGN_PARAM_VAL": "75", "COMPONENT_NAME": "wing_pair_6", "COMPONENT_PARAM": "PORT_THICKNESS"}, {"DESIGN_PARAM": "cross_bar_1_LEFT_LENGTH", "DESIGN_PARAM_VAL": "500", "COMPONENT_NAME": "cross_bar_1_LEFT", "COMPONENT_PARAM": "LENGTH"}, {"DESIGN_PARAM": "wing_pair_3_r_THICKNESS", "DESIGN_PARAM_VAL": "6", "COMPONENT_NAME": "wing_pair_3_r", "COMPONENT_PARAM": "THICKNESS"}, {"DESIGN_PARAM": "wing_pair_6_l_THICKNESS", "DESIGN_PARAM_VAL": "6", "COMPONENT_NAME": "wing_pair_6_l", "COMPONENT_PARAM": "THICKNESS"}, {"DESIGN_PARAM": "wing_pair_1_FRONT_ANGLE", "DESIGN_PARAM_VAL": "45", "COMPONENT_NAME": "wing_pair_1", "COMPONENT_PARAM": "FRONT_ANGLE"}, {"DESIGN_PARAM": "wing_pair_3_r_LOAD", "DESIGN_PARAM_VAL": "1000", "COMPONENT_NAME": "wing_pair_3_r", "COMPONENT_PARAM": "LOAD"}, {"DESIGN_PARAM": "wing_pair_6_l_CHORD_1", "DESIGN_PARAM_VAL": "500", "COMPONENT_NAME": "wing_pair_6_l", "COMPONENT_PARAM": "CHORD_1"}, {"DESIGN_PARAM": "wing_pair_6_l_SPAN", "DESIGN_PARAM_VAL": "3000", "COMPONENT_NAME": "wing_pair_6_l", "COMPONENT_PARAM": "SPAN"}, {"DESIGN_PARAM": "cross_bar_2_BOTTOM_PORT_THICKNESS", "DESIGN_PARAM_VAL": "75", "COMPONENT_NAME": "cross_bar_2_BOTTOM", "COMPONENT_PARAM": "PORT_THICKNESS"}, {"DESIGN_PARAM": "wing_pair_1_l_THICKNESS", "DESIGN_PARAM_VAL": "6", "COMPONENT_NAME": "wing_pair_1_l", "COMPONENT_PARAM": "THICKNESS"}, {"DESIGN_PARAM": "wing_pair_4_l_CHORD_2", "DESIGN_PARAM_VAL": "500", "COMPONENT_NAME": "wing_pair_4_l", "COMPONENT_PARAM": "CHORD_2"}, {"DESIGN_PARAM": "wing_pair_1_LENGTH", "DESIGN_PARAM_VAL": "1500", "COMPONENT_NAME": "wing_pair_1", "COMPONENT_PARAM": "LENGTH"}, {"DESIGN_PARAM": "wing_pair_1_r_CHORD_1", "DESIGN_PARAM_VAL": "500", "COMPONENT_NAME": "wing_pair_1_r", "COMPONENT_PARAM": "CHORD_1"}, {"DESIGN_PARAM": "cross_bar_2_RIGHT_DIAMETER", "DESIGN_PARAM_VAL": "100", "COMPONENT_NAME": "cross_bar_2_RIGHT", "COMPONENT_PARAM": "DIAMETER"}, {"DESIGN_PARAM": "cross_bar_2_TOP_FRONT_ANGLE", "DESIGN_PARAM_VAL": "0", "COMPONENT_NAME": "cross_bar_2_TOP", "COMPONENT_PARAM": "FRONT_ANGLE"}, {"DESIGN_PARAM": "wing_pair_4_LENGTH", "DESIGN_PARAM_VAL": "1500", "COMPONENT_NAME": "wing_pair_4", "COMPONENT_PARAM": "LENGTH"}, {"DESIGN_PARAM": "wing_pair_5_r_NACA_Profile", "DESIGN_PARAM_VAL": "0006", "COMPONENT_NAME": "wing_pair_5_r", "COMPONENT_PARAM": "NACA_Profile"}, {"DESIGN_PARAM": "wing_pair_4_r_CHORD_1", "DESIGN_PARAM_VAL": "500", "COMPONENT_NAME": "wing_pair_4_r", "COMPONENT_PARAM": "CHORD_1"}, {"DESIGN_PARAM": "wing_pair_2_l_CHORD_1", "DESIGN_PARAM_VAL": "500", "COMPONENT_NAME": "wing_pair_2_l", "COMPONENT_PARAM": "CHORD_1"}, {"DESIGN_PARAM": "wing_pair_1_l_CHORD_1", "DESIGN_PARAM_VAL": "500", "COMPONENT_NAME": "wing_pair_1_l", "COMPONENT_PARAM": "CHORD_1"}, {"DESIGN_PARAM": "wing_pair_7_r_LOAD", "DESIGN_PARAM_VAL": "1000", "COMPONENT_NAME": "wing_pair_7_r", "COMPONENT_PARAM": "LOAD"}, {"DESIGN_PARAM": "wing_pair_2_r_NACA_Profile", "DESIGN_PARAM_VAL": "0006", "COMPONENT_NAME": "wing_pair_2_r", "COMPONENT_PARAM": "NACA_Profile"}, {"DESIGN_PARAM": "wing_pair_2_r_CHORD_2", "DESIGN_PARAM_VAL": "500", "COMPONENT_NAME": "wing_pair_2_r", "COMPONENT_PARAM": "CHORD_2"}, {"DESIGN_PARAM": "wing_pair_6_FRONT_ANGLE", "DESIGN_PARAM_VAL": "45", "COMPONENT_NAME": "wing_pair_6", "COMPONENT_PARAM": "FRONT_ANGLE"}, {"DESIGN_PARAM": "wing_pair_5_r_THICKNESS", "DESIGN_PARAM_VAL": "6", "COMPONENT_NAME": "wing_pair_5_r", "COMPONENT_PARAM": "THICKNESS"}, {"DESIGN_PARAM": "wing_pair_3_LENGTH", "DESIGN_PARAM_VAL": "1500", "COMPONENT_NAME": "wing_pair_3", "COMPONENT_PARAM": "LENGTH"}, {"DESIGN_PARAM": "wing_pair_3_r_NACA_Profile", "DESIGN_PARAM_VAL": "0006", "COMPONENT_NAME": "wing_pair_3_r", "COMPONENT_PARAM": "NACA_Profile"}, {"DESIGN_PARAM": "motor_prop_4_prop_Direction", "DESIGN_PARAM_VAL": "1", "COMPONENT_NAME": "motor_prop_4_prop", "COMPONENT_PARAM": "Direction"}, {"DESIGN_PARAM": "wing_pair_5_l_CHORD_2", "DESIGN_PARAM_VAL": "500", "COMPONENT_NAME": "wing_pair_5_l", "COMPONENT_PARAM": "CHORD_2"}, {"DESIGN_PARAM": "wing_pair_8_FRONT_ANGLE", "DESIGN_PARAM_VAL": "45", "COMPONENT_NAME": "wing_pair_8", "COMPONENT_PARAM": "FRONT_ANGLE"}, {"DESIGN_PARAM": "wing_pair_6_l_LOAD", "DESIGN_PARAM_VAL": "1000", "COMPONENT_NAME": "wing_pair_6_l", "COMPONENT_PARAM": "LOAD"}, {"DESIGN_PARAM": "wing_pair_3_l_CHORD_1", "DESIGN_PARAM_VAL": "500", "COMPONENT_NAME": "wing_pair_3_l", "COMPONENT_PARAM": "CHORD_1"}, {"DESIGN_PARAM": "wing_pair_6_r_SPAN", "DESIGN_PARAM_VAL": "3000", "COMPONENT_NAME": "wing_pair_6_r", "COMPONENT_PARAM": "SPAN"}, {"DESIGN_PARAM": "wing_pair_3_l_CHORD_2", "DESIGN_PARAM_VAL": "500", "COMPONENT_NAME": "wing_pair_3_l", "COMPONENT_PARAM": "CHORD_2"}, {"DESIGN_PARAM": "wing_pair_6_r_LOAD", "DESIGN_PARAM_VAL": "1000", "COMPONENT_NAME": "wing_pair_6_r", "COMPONENT_PARAM": "LOAD"}, {"DESIGN_PARAM": "wing_pair_6_l_NACA_Profile", "DESIGN_PARAM_VAL": "0006", "COMPONENT_NAME": "wing_pair_6_l", "COMPONENT_PARAM": "NACA_Profile"}, {"DESIGN_PARAM": "wing_pair_7_l_LOAD", "DESIGN_PARAM_VAL": "1000", "COMPONENT_NAME": "wing_pair_7_l", "COMPONENT_PARAM": "LOAD"}, {"DESIGN_PARAM": "cross_bar_2_BOTTOM_DIAMETER", "DESIGN_PARAM_VAL": "100", "COMPONENT_NAME": "cross_bar_2_BOTTOM", "COMPONENT_PARAM": "DIAMETER"}, {"DESIGN_PARAM": "wing_pair_8_DIAMETER", "DESIGN_PARAM_VAL": "100", "COMPONENT_NAME": "wing_pair_8", "COMPONENT_PARAM": "DIAMETER"}, {"DESIGN_PARAM": "wing_pair_8_PORT_THICKNESS", "DESIGN_PARAM_VAL": "75", "COMPONENT_NAME": "wing_pair_8", "COMPONENT_PARAM": "PORT_THICKNESS"}, {"DESIGN_PARAM": "wing_pair_4_PORT_THICKNESS", "DESIGN_PARAM_VAL": "75", "COMPONENT_NAME": "wing_pair_4", "COMPONENT_PARAM": "PORT_THICKNESS"}, {"DESIGN_PARAM": "wing_pair_4_FRONT_ANGLE", "DESIGN_PARAM_VAL": "45", "COMPONENT_NAME": "wing_pair_4", "COMPONENT_PARAM": "FRONT_ANGLE"}, {"DESIGN_PARAM": "wing_pair_4_r_LOAD", "DESIGN_PARAM_VAL": "1000", "COMPONENT_NAME": "wing_pair_4_r", "COMPONENT_PARAM": "LOAD"}, {"DESIGN_PARAM": "cross_bar_2_DIAMETER", "DESIGN_PARAM_VAL": "100", "COMPONENT_NAME": "cross_bar_2", "COMPONENT_PARAM": "DIAMETER"}, {"DESIGN_PARAM": "wing_pair_4_l_THICKNESS", "DESIGN_PARAM_VAL": "6", "COMPONENT_NAME": "wing_pair_4_l", "COMPONENT_PARAM": "THICKNESS"}, {"DESIGN_PARAM": "wing_pair_8_l_LOAD", "DESIGN_PARAM_VAL": "1000", "COMPONENT_NAME": "wing_pair_8_l", "COMPONENT_PARAM": "LOAD"}, {"DESIGN_PARAM": "rail_1_FRONT_ANGLE", "DESIGN_PARAM_VAL": "0", "COMPONENT_NAME": "rail_1", "COMPONENT_PARAM": "FRONT_ANGLE"}, {"DESIGN_PARAM": "wing_pair_7_l_SPAN", "DESIGN_PARAM_VAL": "3000", "COMPONENT_NAME": "wing_pair_7_l", "COMPONENT_PARAM": "SPAN"}, {"DESIGN_PARAM": "cross_bar_2_RIGHT_PORT_THICKNESS", "DESIGN_PARAM_VAL": "75", "COMPONENT_NAME": "cross_bar_2_RIGHT", "COMPONENT_PARAM": "PORT_THICKNESS"}, {"DESIGN_PARAM": "fuselage_LEFT_PORT_DISP", "DESIGN_PARAM_VAL": "0", "COMPONENT_NAME": "fuselage", "COMPONENT_PARAM": "LEFT_PORT_DISP"}, {"DESIGN_PARAM": "wing_pair_6_DIAMETER", "DESIGN_PARAM_VAL": "100", "COMPONENT_NAME": "wing_pair_6", "COMPONENT_PARAM": "DIAMETER"}, {"DESIGN_PARAM": "wing_pair_5_l_SPAN", "DESIGN_PARAM_VAL": "3000", "COMPONENT_NAME": "wing_pair_5_l", "COMPONENT_PARAM": "SPAN"}, {"DESIGN_PARAM": "right_wing_NACA_Profile", "DESIGN_PARAM_VAL": "0015", "COMPONENT_NAME": "right_wing", "COMPONENT_PARAM": "NACA_Profile"}, {"DESIGN_PARAM": "wing_pair_6_r_THICKNESS", "DESIGN_PARAM_VAL": "6", "COMPONENT_NAME": "wing_pair_6_r", "COMPONENT_PARAM": "THICKNESS"}, {"DESIGN_PARAM": "left_wing_CHORD_1", "DESIGN_PARAM_VAL": "1400", "COMPONENT_NAME": "left_wing", "COMPONENT_PARAM": "CHORD_1"}, {"DESIGN_PARAM": "wing_pair_6_r_NACA_Profile", "DESIGN_PARAM_VAL": "0006", "COMPONENT_NAME": "wing_pair_6_r", "COMPONENT_PARAM": "NACA_Profile"}, {"DESIGN_PARAM": "motor_prop_3_prop_Direction", "DESIGN_PARAM_VAL": "1", "COMPONENT_NAME": "motor_prop_3_prop", "COMPONENT_PARAM": "Direction"}, {"DESIGN_PARAM": "left_battery_VOLTAGE_REQUEST", "DESIGN_PARAM_VAL": "840", "COMPONENT_NAME": "left_battery", "COMPONENT_PARAM": "VOLTAGE_REQUEST"}, {"DESIGN_PARAM": "wing_pair_8_r_SPAN", "DESIGN_PARAM_VAL": "3000", "COMPONENT_NAME": "wing_pair_8_r", "COMPONENT_PARAM": "SPAN"}, {"DESIGN_PARAM": "cross_bar_1_PORT_THICKNESS", "DESIGN_PARAM_VAL": "75", "COMPONENT_NAME": "cross_bar_1", "COMPONENT_PARAM": "PORT_THICKNESS"}, {"DESIGN_PARAM": "cross_bar_2_TOP_DIAMETER", "DESIGN_PARAM_VAL": "100", "COMPONENT_NAME": "cross_bar_2_TOP", "COMPONENT_PARAM": "DIAMETER"}, {"DESIGN_PARAM": "wing_pair_8_l_CHORD_2", "DESIGN_PARAM_VAL": "500", "COMPONENT_NAME": "wing_pair_8_l", "COMPONENT_PARAM": "CHORD_2"}, {"DESIGN_PARAM": "cross_bar_2_LEFT_PORT_THICKNESS", "DESIGN_PARAM_VAL": "75", "COMPONENT_NAME": "cross_bar_2_LEFT", "COMPONENT_PARAM": "PORT_THICKNESS"}, {"DESIGN_PARAM": "cross_bar_1_LEFT_PORT_THICKNESS", "DESIGN_PARAM_VAL": "75", "COMPONENT_NAME": "cross_bar_1_LEFT", "COMPONENT_PARAM": "PORT_THICKNESS"}, {"DESIGN_PARAM": "cross_bar_1_LEFT_FRONT_ANGLE", "DESIGN_PARAM_VAL": "0", "COMPONENT_NAME": "cross_bar_1_LEFT", "COMPONENT_PARAM": "FRONT_ANGLE"}, {"DESIGN_PARAM": "cross_bar_1_RIGHT_LENGTH", "DESIGN_PARAM_VAL": "500", "COMPONENT_NAME": "cross_bar_1_RIGHT", "COMPONENT_PARAM": "LENGTH"}, {"DESIGN_PARAM": "wing_pair_7_r_NACA_Profile", "DESIGN_PARAM_VAL": "0006", "COMPONENT_NAME": "wing_pair_7_r", "COMPONENT_PARAM": "NACA_Profile"}, {"DESIGN_PARAM": "cross_bar_1_RIGHT_FRONT_ANGLE", "DESIGN_PARAM_VAL": "0", "COMPONENT_NAME": "cross_bar_1_RIGHT", "COMPONENT_PARAM": "FRONT_ANGLE"}, {"DESIGN_PARAM": "wing_pair_7_l_CHORD_1", "DESIGN_PARAM_VAL": "500", "COMPONENT_NAME": "wing_pair_7_l", "COMPONENT_PARAM": "CHORD_1"}, {"DESIGN_PARAM": "wing_pair_7_r_SPAN", "DESIGN_PARAM_VAL": "3000", "COMPONENT_NAME": "wing_pair_7_r", "COMPONENT_PARAM": "SPAN"}, {"DESIGN_PARAM": "wing_pair_8_r_CHORD_2", "DESIGN_PARAM_VAL": "500", "COMPONENT_NAME": "wing_pair_8_r", "COMPONENT_PARAM": "CHORD_2"}, {"DESIGN_PARAM": "wing_pair_1_r_NACA_Profile", "DESIGN_PARAM_VAL": "0006", "COMPONENT_NAME": "wing_pair_1_r", "COMPONENT_PARAM": "NACA_Profile"}, {"DESIGN_PARAM": "wing_pair_7_l_THICKNESS", "DESIGN_PARAM_VAL": "6", "COMPONENT_NAME": "wing_pair_7_l", "COMPONENT_PARAM": "THICKNESS"}, {"DESIGN_PARAM": "fuselage_TAIL_DIAMETER", "DESIGN_PARAM_VAL": "200", "COMPONENT_NAME": "fuselage", "COMPONENT_PARAM": "TAIL_DIAMETER"}, {"DESIGN_PARAM": "wing_pair_1_l_NACA_Profile", "DESIGN_PARAM_VAL": "0006", "COMPONENT_NAME": "wing_pair_1_l", "COMPONENT_PARAM": "NACA_Profile"}, {"DESIGN_PARAM": "wing_pair_7_l_CHORD_2", "DESIGN_PARAM_VAL": "500", "COMPONENT_NAME": "wing_pair_7_l", "COMPONENT_PARAM": "CHORD_2"}, {"DESIGN_PARAM": "wing_pair_8_l_CHORD_1", "DESIGN_PARAM_VAL": "500", "COMPONENT_NAME": "wing_pair_8_l", "COMPONENT_PARAM": "CHORD_1"}, {"DESIGN_PARAM": "wing_pair_8_l_THICKNESS", "DESIGN_PARAM_VAL": "6", "COMPONENT_NAME": "wing_pair_8_l", "COMPONENT_PARAM": "THICKNESS"}, {"DESIGN_PARAM": "wing_pair_2_r_LOAD", "DESIGN_PARAM_VAL": "1000", "COMPONENT_NAME": "wing_pair_2_r", "COMPONENT_PARAM": "LOAD"}, {"DESIGN_PARAM": "wing_pair_8_l_SPAN", "DESIGN_PARAM_VAL": "3000", "COMPONENT_NAME": "wing_pair_8_l", "COMPONENT_PARAM": "SPAN"}, {"DESIGN_PARAM": "left_battery_MOUNT_SIDE", "DESIGN_PARAM_VAL": "2", "COMPONENT_NAME": "left_battery", "COMPONENT_PARAM": "MOUNT_SIDE"}, {"DESIGN_PARAM": "wing_pair_3_l_THICKNESS", "DESIGN_PARAM_VAL": "6", "COMPONENT_NAME": "wing_pair_3_l", "COMPONENT_PARAM": "THICKNESS"}, {"DESIGN_PARAM": "wing_pair_4_DIAMETER", "DESIGN_PARAM_VAL": "100", "COMPONENT_NAME": "wing_pair_4", "COMPONENT_PARAM": "DIAMETER"}, {"DESIGN_PARAM": "cross_bar_1_BOTTOM_LENGTH", "DESIGN_PARAM_VAL": "500", "COMPONENT_NAME": "cross_bar_1_BOTTOM", "COMPONENT_PARAM": "LENGTH"}, {"DESIGN_PARAM": "wing_pair_4_l_NACA_Profile", "DESIGN_PARAM_VAL": "0006", "COMPONENT_NAME": "wing_pair_4_l", "COMPONENT_PARAM": "NACA_Profile"}, {"DESIGN_PARAM": "motor_prop_1_prop_Direction", "DESIGN_PARAM_VAL": "1", "COMPONENT_NAME": "motor_prop_1_prop", "COMPONENT_PARAM": "Direction"}, {"DESIGN_PARAM": "wing_pair_5_PORT_THICKNESS", "DESIGN_PARAM_VAL": "75", "COMPONENT_NAME": "wing_pair_5", "COMPONENT_PARAM": "PORT_THICKNESS"}, {"DESIGN_PARAM": "wing_pair_1_DIAMETER", "DESIGN_PARAM_VAL": "100", "COMPONENT_NAME": "wing_pair_1", "COMPONENT_PARAM": "DIAMETER"}, {"DESIGN_PARAM": "wing_pair_1_r_THICKNESS", "DESIGN_PARAM_VAL": "6", "COMPONENT_NAME": "wing_pair_1_r", "COMPONENT_PARAM": "THICKNESS"}, {"DESIGN_PARAM": "wing_pair_1_r_SPAN", "DESIGN_PARAM_VAL": "3000", "COMPONENT_NAME": "wing_pair_1_r", "COMPONENT_PARAM": "SPAN"}, {"DESIGN_PARAM": "wing_pair_2_LENGTH", "DESIGN_PARAM_VAL": "1500", "COMPONENT_NAME": "wing_pair_2", "COMPONENT_PARAM": "LENGTH"}, {"DESIGN_PARAM": "wing_pair_3_PORT_THICKNESS", "DESIGN_PARAM_VAL": "75", "COMPONENT_NAME": "wing_pair_3", "COMPONENT_PARAM": "PORT_THICKNESS"}, {"DESIGN_PARAM": "motor_prop_3_prop_Prop_type", "DESIGN_PARAM_VAL": "1", "COMPONENT_NAME": "motor_prop_3_prop", "COMPONENT_PARAM": "Prop_type"}, {"DESIGN_PARAM": "wing_pair_3_l_LOAD", "DESIGN_PARAM_VAL": "1000", "COMPONENT_NAME": "wing_pair_3_l", "COMPONENT_PARAM": "LOAD"}, {"DESIGN_PARAM": "cross_bar_2_TOP_LENGTH", "DESIGN_PARAM_VAL": "500", "COMPONENT_NAME": "cross_bar_2_TOP", "COMPONENT_PARAM": "LENGTH"}, {"DESIGN_PARAM": "cross_bar_2_LEFT_LENGTH", "DESIGN_PARAM_VAL": "500", "COMPONENT_NAME": "cross_bar_2_LEFT", "COMPONENT_PARAM": "LENGTH"}, {"DESIGN_PARAM": "cross_bar_2_LEFT_FRONT_ANGLE", "DESIGN_PARAM_VAL": "0", "COMPONENT_NAME": "cross_bar_2_LEFT", "COMPONENT_PARAM": "FRONT_ANGLE"}, {"DESIGN_PARAM": "wing_pair_4_r_NACA_Profile", "DESIGN_PARAM_VAL": "0006", "COMPONENT_NAME": "wing_pair_4_r", "COMPONENT_PARAM": "NACA_Profile"}, {"DESIGN_PARAM": "rail_1_DIAMETER", "DESIGN_PARAM_VAL": "100", "COMPONENT_NAME": "rail_1", "COMPONENT_PARAM": "DIAMETER"}, {"DESIGN_PARAM": "wing_pair_7_LENGTH", "DESIGN_PARAM_VAL": "1500", "COMPONENT_NAME": "wing_pair_7", "COMPONENT_PARAM": "LENGTH"}, {"DESIGN_PARAM": "wing_pair_7_FRONT_ANGLE", "DESIGN_PARAM_VAL": "45", "COMPONENT_NAME": "wing_pair_7", "COMPONENT_PARAM": "FRONT_ANGLE"}, {"DESIGN_PARAM": "wing_pair_5_FRONT_ANGLE", "DESIGN_PARAM_VAL": "45", "COMPONENT_NAME": "wing_pair_5", "COMPONENT_PARAM": "FRONT_ANGLE"}, {"DESIGN_PARAM": "wing_pair_5_l_NACA_Profile", "DESIGN_PARAM_VAL": "0006", "COMPONENT_NAME": "wing_pair_5_l", "COMPONENT_PARAM": "NACA_Profile"}, {"DESIGN_PARAM": "wing_pair_7_l_NACA_Profile", "DESIGN_PARAM_VAL": "0006", "COMPONENT_NAME": "wing_pair_7_l", "COMPONENT_PARAM": "NACA_Profile"}, {"DESIGN_PARAM": "wing_pair_5_l_LOAD", "DESIGN_PARAM_VAL": "1000", "COMPONENT_NAME": "wing_pair_5_l", "COMPONENT_PARAM": "LOAD"}, {"DESIGN_PARAM": "wing_pair_6_LENGTH", "DESIGN_PARAM_VAL": "1500", "COMPONENT_NAME": "wing_pair_6", "COMPONENT_PARAM": "LENGTH"}, {"DESIGN_PARAM": "wing_pair_8_r_NACA_Profile", "DESIGN_PARAM_VAL": "0006", "COMPONENT_NAME": "wing_pair_8_r", "COMPONENT_PARAM": "NACA_Profile"}, {"DESIGN_PARAM": "wing_pair_8_r_CHORD_1", "DESIGN_PARAM_VAL": "500", "COMPONENT_NAME": "wing_pair_8_r", "COMPONENT_PARAM": "CHORD_1"}, {"DESIGN_PARAM": "wing_pair_8_l_NACA_Profile", "DESIGN_PARAM_VAL": "0006", "COMPONENT_NAME": "wing_pair_8_l", "COMPONENT_PARAM": "NACA_Profile"}, {"DESIGN_PARAM": "cross_bar_2_PORT_THICKNESS", "DESIGN_PARAM_VAL": "75", "COMPONENT_NAME": "cross_bar_2", "COMPONENT_PARAM": "PORT_THICKNESS"}, {"DESIGN_PARAM": "cross_bar_2_TOP_PORT_THICKNESS", "DESIGN_PARAM_VAL": "75", "COMPONENT_NAME": "cross_bar_2_TOP", "COMPONENT_PARAM": "PORT_THICKNESS"}, {"DESIGN_PARAM": "cross_bar_2_BOTTOM_FRONT_ANGLE", "DESIGN_PARAM_VAL": "0", "COMPONENT_NAME": "cross_bar_2_BOTTOM", "COMPONENT_PARAM": "FRONT_ANGLE"}, {"DESIGN_PARAM": "cross_bar_2_LEFT_DIAMETER", "DESIGN_PARAM_VAL": "100", "COMPONENT_NAME": "cross_bar_2_LEFT", "COMPONENT_PARAM": "DIAMETER"}, {"DESIGN_PARAM": "wing_pair_7_PORT_THICKNESS", "DESIGN_PARAM_VAL": "75", "COMPONENT_NAME": "wing_pair_7", "COMPONENT_PARAM": "PORT_THICKNESS"}, {"DESIGN_PARAM": "wing_pair_8_r_LOAD", "DESIGN_PARAM_VAL": "1000", "COMPONENT_NAME": "wing_pair_8_r", "COMPONENT_PARAM": "LOAD"}, {"DESIGN_PARAM": "fuselage_LENGTH", "DESIGN_PARAM_VAL": "2000", "COMPONENT_NAME": "fuselage", "COMPONENT_PARAM": "LENGTH"}, {"DESIGN_PARAM": "fuselage_MIDDLE_LENGTH", "DESIGN_PARAM_VAL": "750", "COMPONENT_NAME": "fuselage", "COMPONENT_PARAM": "MIDDLE_LENGTH"}, {"DESIGN_PARAM": "fuselage_SEAT_1_FB", "DESIGN_PARAM_VAL": "1000", "COMPONENT_NAME": "fuselage", "COMPONENT_PARAM": "SEAT_1_FB"}, {"DESIGN_PARAM": "fuselage_PORT_THICKNESS", "DESIGN_PARAM_VAL": "100", "COMPONENT_NAME": "fuselage", "COMPONENT_PARAM": "PORT_THICKNESS"}, {"DESIGN_PARAM": "fuselage_TOP_PORT_DISP", "DESIGN_PARAM_VAL": "300", "COMPONENT_NAME": "fuselage", "COMPONENT_PARAM": "TOP_PORT_DISP"}, {"DESIGN_PARAM": "fuselage_BOTTOM_PORT_DISP", "DESIGN_PARAM_VAL": "300", "COMPONENT_NAME": "fuselage", "COMPONENT_PARAM": "BOTTOM_PORT_DISP"}, {"DESIGN_PARAM": "right_wing_THICKNESS", "DESIGN_PARAM_VAL": "15", "COMPONENT_NAME": "right_wing", "COMPONENT_PARAM": "THICKNESS"}, {"DESIGN_PARAM": "right_wing_CHORD_1", "DESIGN_PARAM_VAL": "1400", "COMPONENT_NAME": "right_wing", "COMPONENT_PARAM": "CHORD_1"}, {"DESIGN_PARAM": "right_wing_SPAN", "DESIGN_PARAM_VAL": "8000", "COMPONENT_NAME": "right_wing", "COMPONENT_PARAM": "SPAN"}, {"DESIGN_PARAM": "right_wing_LOAD", "DESIGN_PARAM_VAL": "5000", "COMPONENT_NAME": "right_wing", "COMPONENT_PARAM": "LOAD"}, {"DESIGN_PARAM": "left_wing_NACA_Profile", "DESIGN_PARAM_VAL": "0015", "COMPONENT_NAME": "left_wing", "COMPONENT_PARAM": "NACA_Profile"}, {"DESIGN_PARAM": "left_wing_CHORD_2", "DESIGN_PARAM_VAL": "1400", "COMPONENT_NAME": "left_wing", "COMPONENT_PARAM": "CHORD_2"}, {"DESIGN_PARAM": "left_wing_SPAN", "DESIGN_PARAM_VAL": "8000", "COMPONENT_NAME": "left_wing", "COMPONENT_PARAM": "SPAN"}, {"DESIGN_PARAM": "right_battery_THICKNESS", "DESIGN_PARAM_VAL": "15", "COMPONENT_NAME": "right_battery", "COMPONENT_PARAM": "THICKNESS"}, {"DESIGN_PARAM": "right_battery_CHORD_1", "DESIGN_PARAM_VAL": "1400", "COMPONENT_NAME": "right_battery", "COMPONENT_PARAM": "CHORD_1"}, {"DESIGN_PARAM": "right_battery_CHORD_2", "DESIGN_PARAM_VAL": "1400", "COMPONENT_NAME": "right_battery", "COMPONENT_PARAM": "CHORD_2"}, {"DESIGN_PARAM": "right_battery_SPAN", "DESIGN_PARAM_VAL": "8000", "COMPONENT_NAME": "right_battery", "COMPONENT_PARAM": "SPAN"}, {"DESIGN_PARAM": "left_battery_VOLUME_PERCENT", "DESIGN_PARAM_VAL": "100", "COMPONENT_NAME": "left_battery", "COMPONENT_PARAM": "VOLUME_PERCENT"}, {"DESIGN_PARAM": "cross_bar_1_BOTTOM_PORT_THICKNESS", "DESIGN_PARAM_VAL": "75", "COMPONENT_NAME": "cross_bar_1_BOTTOM", "COMPONENT_PARAM": "PORT_THICKNESS"}, {"DESIGN_PARAM": "cross_bar_1_LEFT_DIAMETER", "DESIGN_PARAM_VAL": "100", "COMPONENT_NAME": "cross_bar_1_LEFT", "COMPONENT_PARAM": "DIAMETER"}, {"DESIGN_PARAM": "cross_bar_1_RIGHT_DIAMETER", "DESIGN_PARAM_VAL": "100", "COMPONENT_NAME": "cross_bar_1_RIGHT", "COMPONENT_PARAM": "DIAMETER"}, {"DESIGN_PARAM": "motor_prop_1_prop_Prop_type", "DESIGN_PARAM_VAL": "1", "COMPONENT_NAME": "motor_prop_1_prop", "COMPONENT_PARAM": "Prop_type"}, {"DESIGN_PARAM": "wing_pair_1_PORT_THICKNESS", "DESIGN_PARAM_VAL": "75", "COMPONENT_NAME": "wing_pair_1", "COMPONENT_PARAM": "PORT_THICKNESS"}, {"DESIGN_PARAM": "wing_pair_1_r_LOAD", "DESIGN_PARAM_VAL": "1000", "COMPONENT_NAME": "wing_pair_1_r", "COMPONENT_PARAM": "LOAD"}, {"DESIGN_PARAM": "wing_pair_1_l_CHORD_2", "DESIGN_PARAM_VAL": "500", "COMPONENT_NAME": "wing_pair_1_l", "COMPONENT_PARAM": "CHORD_2"}, {"DESIGN_PARAM": "wing_pair_2_PORT_THICKNESS", "DESIGN_PARAM_VAL": "75", "COMPONENT_NAME": "wing_pair_2", "COMPONENT_PARAM": "PORT_THICKNESS"}, {"DESIGN_PARAM": "wing_pair_2_FRONT_ANGLE", "DESIGN_PARAM_VAL": "45", "COMPONENT_NAME": "wing_pair_2", "COMPONENT_PARAM": "FRONT_ANGLE"}, {"DESIGN_PARAM": "wing_pair_2_r_SPAN", "DESIGN_PARAM_VAL": "3000", "COMPONENT_NAME": "wing_pair_2_r", "COMPONENT_PARAM": "SPAN"}, {"DESIGN_PARAM": "wing_pair_2_l_THICKNESS", "DESIGN_PARAM_VAL": "6", "COMPONENT_NAME": "wing_pair_2_l", "COMPONENT_PARAM": "THICKNESS"}, {"DESIGN_PARAM": "wing_pair_2_l_CHORD_2", "DESIGN_PARAM_VAL": "500", "COMPONENT_NAME": "wing_pair_2_l", "COMPONENT_PARAM": "CHORD_2"}, {"DESIGN_PARAM": "wing_pair_4_r_CHORD_2", "DESIGN_PARAM_VAL": "500", "COMPONENT_NAME": "wing_pair_4_r", "COMPONENT_PARAM": "CHORD_2"}, {"DESIGN_PARAM": "wing_pair_4_l_CHORD_1", "DESIGN_PARAM_VAL": "500", "COMPONENT_NAME": "wing_pair_4_l", "COMPONENT_PARAM": "CHORD_1"}, {"DESIGN_PARAM": "rail_1_PORT_THICKNESS", "DESIGN_PARAM_VAL": "75", "COMPONENT_NAME": "rail_1", "COMPONENT_PARAM": "PORT_THICKNESS"}, {"DESIGN_PARAM": "wing_pair_5_DIAMETER", "DESIGN_PARAM_VAL": "100", "COMPONENT_NAME": "wing_pair_5", "COMPONENT_PARAM": "DIAMETER"}, {"DESIGN_PARAM": "wing_pair_5_r_CHORD_1", "DESIGN_PARAM_VAL": "500", "COMPONENT_NAME": "wing_pair_5_r", "COMPONENT_PARAM": "CHORD_1"}, {"DESIGN_PARAM": "wing_pair_5_r_LOAD", "DESIGN_PARAM_VAL": "1000", "COMPONENT_NAME": "wing_pair_5_r", "COMPONENT_PARAM": "LOAD"}, {"DESIGN_PARAM": "wing_pair_5_l_THICKNESS", "DESIGN_PARAM_VAL": "6", "COMPONENT_NAME": "wing_pair_5_l", "COMPONENT_PARAM": "THICKNESS"}, {"DESIGN_PARAM": "wing_pair_5_l_CHORD_1", "DESIGN_PARAM_VAL": "500", "COMPONENT_NAME": "wing_pair_5_l", "COMPONENT_PARAM": "CHORD_1"}, {"DESIGN_PARAM": "wing_pair_6_r_CHORD_1", "DESIGN_PARAM_VAL": "500", "COMPONENT_NAME": "wing_pair_6_r", "COMPONENT_PARAM": "CHORD_1"}, {"DESIGN_PARAM": "wing_pair_6_r_CHORD_2", "DESIGN_PARAM_VAL": "500", "COMPONENT_NAME": "wing_pair_6_r", "COMPONENT_PARAM": "CHORD_2"}, {"DESIGN_PARAM": "wing_pair_6_l_CHORD_2", "DESIGN_PARAM_VAL": "500", "COMPONENT_NAME": "wing_pair_6_l", "COMPONENT_PARAM": "CHORD_2"}, {"DESIGN_PARAM": "cross_bar_2_LENGTH", "DESIGN_PARAM_VAL": "100.0", "COMPONENT_NAME": "cross_bar_2", "COMPONENT_PARAM": "LENGTH"}, {"DESIGN_PARAM": "cross_bar_2_FRONT_ANGLE", "DESIGN_PARAM_VAL": "0", "COMPONENT_NAME": "cross_bar_2", "COMPONENT_PARAM": "FRONT_ANGLE"}, {"DESIGN_PARAM": "cross_bar_2_BOTTOM_LENGTH", "DESIGN_PARAM_VAL": "500", "COMPONENT_NAME": "cross_bar_2_BOTTOM", "COMPONENT_PARAM": "LENGTH"}, {"DESIGN_PARAM": "cross_bar_2_RIGHT_LENGTH", "DESIGN_PARAM_VAL": "500", "COMPONENT_NAME": "cross_bar_2_RIGHT", "COMPONENT_PARAM": "LENGTH"}, {"DESIGN_PARAM": "cross_bar_2_RIGHT_FRONT_ANGLE", "DESIGN_PARAM_VAL": "0", "COMPONENT_NAME": "cross_bar_2_RIGHT", "COMPONENT_PARAM": "FRONT_ANGLE"}, {"DESIGN_PARAM": "motor_prop_4_prop_Prop_type", "DESIGN_PARAM_VAL": "1", "COMPONENT_NAME": "motor_prop_4_prop", "COMPONENT_PARAM": "Prop_type"}, {"DESIGN_PARAM": "wing_pair_7_DIAMETER", "DESIGN_PARAM_VAL": "100", "COMPONENT_NAME": "wing_pair_7", "COMPONENT_PARAM": "DIAMETER"}, {"DESIGN_PARAM": "wing_pair_7_r_THICKNESS", "DESIGN_PARAM_VAL": "6", "COMPONENT_NAME": "wing_pair_7_r", "COMPONENT_PARAM": "THICKNESS"}, {"DESIGN_PARAM": "wing_pair_7_r_CHORD_1", "DESIGN_PARAM_VAL": "500", "COMPONENT_NAME": "wing_pair_7_r", "COMPONENT_PARAM": "CHORD_1"}, {"DESIGN_PARAM": "wing_pair_7_r_CHORD_2", "DESIGN_PARAM_VAL": "500", "COMPONENT_NAME": "wing_pair_7_r", "COMPONENT_PARAM": "CHORD_2"}, {"DESIGN_PARAM": "wing_pair_8_LENGTH", "DESIGN_PARAM_VAL": "1500", "COMPONENT_NAME": "wing_pair_8", "COMPONENT_PARAM": "LENGTH"}, {"DESIGN_PARAM": "wing_pair_8_r_THICKNESS", "DESIGN_PARAM_VAL": "6", "COMPONENT_NAME": "wing_pair_8_r", "COMPONENT_PARAM": "THICKNESS"}]